sample_index,real_label,predicted_label,real_class,predicted_class,real_allergen_type,predicted_allergen_type,allergen_type_confidence,prob_allergen,prob_non_allergen,correct,type_correct
0,1,1,Allergen,Allergen,Dust Mite Allergen,Dust Mite Allergen,0.5575,0.9452,0.0548,True,True
1,1,1,Allergen,Allergen,Pollen Allergen,Pollen Allergen,1.0,0.9956,0.0044,True,True
2,0,0,Non-Allergen,Non-Allergen,Non-Allergen,Non-Allergen,0.9995999932289124,0.0004,0.9996,True,True
3,0,0,Non-Allergen,Non-Allergen,Non-Allergen,Non-Allergen,0.9965000152587891,0.0035,0.9965,True,True
4,1,1,Allergen,Allergen,Pollen Allergen,Pollen Allergen,0.59,0.9911,0.0089,True,True
5,0,0,Non-Allergen,Non-Allergen,Non-Allergen,Non-Allergen,0.9581999778747559,0.0418,0.9582,True,True
6,0,0,Non-Allergen,Non-Allergen,Non-Allergen,Non-Allergen,0.9715999960899353,0.0284,0.9716,True,True
7,0,0,Non-Allergen,Non-Allergen,Non-Allergen,Non-Allergen,0.9815999865531921,0.0184,0.9816,True,True
8,0,1,Non-Allergen,Allergen,Non-Allergen,Venom Allergen,0.45,0.6613,0.3387,False,False
9,0,0,Non-Allergen,Non-Allergen,Non-Allergen,Non-Allergen,0.9890000224113464,0.011,0.989,True,True
10,0,0,Non-Allergen,Non-Allergen,Non-Allergen,Non-Allergen,0.9836000204086304,0.0164,0.9836,True,True
11,1,1,Allergen,Allergen,Venom Allergen,Venom Allergen,1.0,0.989,0.011,True,True
12,0,0,Non-Allergen,Non-Allergen,Non-Allergen,Non-Allergen,0.9998999834060669,1e-04,0.9999,True,True
13,1,1,Allergen,Allergen,Pollen Allergen,Pollen Allergen,0.9875,0.999,0.001,True,True
14,1,1,Allergen,Allergen,Food Allergen,Food Allergen,0.8725,0.928,0.072,True,True
15,0,0,Non-Allergen,Non-Allergen,Non-Allergen,Non-Allergen,0.7940000295639038,0.206,0.794,True,True
16,0,0,Non-Allergen,Non-Allergen,Non-Allergen,Non-Allergen,0.8715999722480774,0.1284,0.8716,True,True
17,0,0,Non-Allergen,Non-Allergen,Non-Allergen,Non-Allergen,0.8925999999046326,0.1074,0.8926,True,True
18,0,0,Non-Allergen,Non-Allergen,Non-Allergen,Non-Allergen,0.921500027179718,0.0785,0.9215,True,True
19,1,1,Allergen,Allergen,Food Allergen,Food Allergen,0.625,0.9757,0.0243,True,True
20,0,0,Non-Allergen,Non-Allergen,Non-Allergen,Non-Allergen,0.9702000021934509,0.0298,0.9702,True,True
21,1,1,Allergen,Allergen,Mold/Fungal Allergen,Mold/Fungal Allergen,1.0,1.0,0.0,True,True
22,0,0,Non-Allergen,Non-Allergen,Non-Allergen,Non-Allergen,0.9743000268936157,0.0257,0.9743,True,True
23,0,0,Non-Allergen,Non-Allergen,Non-Allergen,Non-Allergen,0.9869999885559082,0.013,0.987,True,True
24,0,0,Non-Allergen,Non-Allergen,Non-Allergen,Non-Allergen,0.9783999919891357,0.0216,0.9784,True,True
25,0,0,Non-Allergen,Non-Allergen,Non-Allergen,Non-Allergen,0.703000009059906,0.297,0.703,True,True
26,1,1,Allergen,Allergen,Mold/Fungal Allergen,Mold/Fungal Allergen,1.0,1.0,0.0,True,True
27,1,1,Allergen,Allergen,Food Allergen,Food Allergen,0.6,0.9558,0.0442,True,True
28,1,1,Allergen,Allergen,Venom Allergen,Venom Allergen,0.7775,0.9799,0.0201,True,True
29,0,0,Non-Allergen,Non-Allergen,Non-Allergen,Non-Allergen,0.9578999876976013,0.0421,0.9579,True,True
30,0,0,Non-Allergen,Non-Allergen,Non-Allergen,Non-Allergen,0.9995999932289124,0.0004,0.9996,True,True
31,0,0,Non-Allergen,Non-Allergen,Non-Allergen,Non-Allergen,0.9970999956130981,0.0029,0.9971,True,True
32,1,1,Allergen,Allergen,Pollen Allergen,Pollen Allergen,0.98,0.9995,0.0005,True,True
33,1,1,Allergen,Allergen,Food Allergen,Food Allergen,1.0,0.9991,0.0009,True,True
34,0,0,Non-Allergen,Non-Allergen,Non-Allergen,Non-Allergen,0.9969000220298767,0.0031,0.9969,True,True
35,1,1,Allergen,Allergen,Pollen Allergen,Pollen Allergen,0.91,0.9995,0.0005,True,True
36,0,0,Non-Allergen,Non-Allergen,Non-Allergen,Non-Allergen,0.9990000128746033,0.001,0.999,True,True
37,1,1,Allergen,Allergen,Food Allergen,Food Allergen,1.0,0.9947,0.0053,True,True
38,0,0,Non-Allergen,Non-Allergen,Non-Allergen,Non-Allergen,0.953499972820282,0.0465,0.9535,True,True
39,0,0,Non-Allergen,Non-Allergen,Non-Allergen,Non-Allergen,0.9836999773979187,0.0163,0.9837,True,True
40,0,0,Non-Allergen,Non-Allergen,Non-Allergen,Non-Allergen,0.9431999921798706,0.0568,0.9432,True,True
41,1,1,Allergen,Allergen,Food Allergen,Food Allergen,0.3875,0.8639,0.1361,True,True
42,1,1,Allergen,Allergen,Dust Mite Allergen,Dust Mite Allergen,0.9675,0.8325,0.1675,True,True
43,0,0,Non-Allergen,Non-Allergen,Non-Allergen,Non-Allergen,0.989300012588501,0.0107,0.9893,True,True
44,0,0,Non-Allergen,Non-Allergen,Non-Allergen,Non-Allergen,0.9941999912261963,0.0058,0.9942,True,True
45,0,0,Non-Allergen,Non-Allergen,Non-Allergen,Non-Allergen,0.5314000248908997,0.4686,0.5314,True,True
46,0,0,Non-Allergen,Non-Allergen,Non-Allergen,Non-Allergen,0.9986000061035156,0.0014,0.9986,True,True
47,1,1,Allergen,Allergen,Pollen Allergen,Pollen Allergen,0.3825,0.9549,0.0451,True,True
48,1,1,Allergen,Allergen,Dust Mite Allergen,Dust Mite Allergen,0.475,0.7104,0.2896,True,True
49,1,1,Allergen,Allergen,Pollen Allergen,Pollen Allergen,0.53,0.7839,0.2161,True,True
50,0,0,Non-Allergen,Non-Allergen,Non-Allergen,Non-Allergen,0.9994999766349792,0.0005,0.9995,True,True
51,1,1,Allergen,Allergen,Pollen Allergen,Pollen Allergen,1.0,0.9971,0.0029,True,True
52,1,1,Allergen,Allergen,Mold/Fungal Allergen,Mold/Fungal Allergen,1.0,0.9988,0.0012,True,True
53,0,0,Non-Allergen,Non-Allergen,Non-Allergen,Non-Allergen,0.9948999881744385,0.0051,0.9949,True,True
54,0,0,Non-Allergen,Non-Allergen,Non-Allergen,Non-Allergen,0.9932000041007996,0.0068,0.9932,True,True
55,1,1,Allergen,Allergen,Food Allergen,Food Allergen,1.0,0.9909,0.0091,True,True
56,0,0,Non-Allergen,Non-Allergen,Non-Allergen,Non-Allergen,0.9986000061035156,0.0014,0.9986,True,True
57,1,1,Allergen,Allergen,Pollen Allergen,Pollen Allergen,0.975,0.9928,0.0072,True,True
58,0,0,Non-Allergen,Non-Allergen,Non-Allergen,Non-Allergen,0.9998000264167786,0.0002,0.9998,True,True
59,1,1,Allergen,Allergen,Venom Allergen,Venom Allergen,0.7725,0.9814,0.0186,True,True
60,0,0,Non-Allergen,Non-Allergen,Non-Allergen,Non-Allergen,0.9613999724388123,0.0386,0.9614,True,True
61,0,0,Non-Allergen,Non-Allergen,Non-Allergen,Non-Allergen,0.9871000051498413,0.0129,0.9871,True,True
62,1,1,Allergen,Allergen,Venom Allergen,Venom Allergen,1.0,0.9993,0.0007,True,True
63,0,0,Non-Allergen,Non-Allergen,Non-Allergen,Non-Allergen,0.7785999774932861,0.2214,0.7786,True,True
64,1,1,Allergen,Allergen,Food Allergen,Food Allergen,1.0,0.9636,0.0364,True,True
65,1,1,Allergen,Allergen,Dust Mite Allergen,Dust Mite Allergen,0.6575,0.9931,0.0069,True,True
66,0,0,Non-Allergen,Non-Allergen,Non-Allergen,Non-Allergen,0.8729000091552734,0.1271,0.8729,True,True
67,1,1,Allergen,Allergen,Mold/Fungal Allergen,Mold/Fungal Allergen,1.0,0.9999,1e-04,True,True
68,1,1,Allergen,Allergen,Venom Allergen,Venom Allergen,0.7975,0.99,0.01,True,True
69,0,0,Non-Allergen,Non-Allergen,Non-Allergen,Non-Allergen,0.9498999714851379,0.0501,0.9499,True,True
70,0,0,Non-Allergen,Non-Allergen,Non-Allergen,Non-Allergen,0.9952999949455261,0.0047,0.9953,True,True
71,1,1,Allergen,Allergen,Mold/Fungal Allergen,Mold/Fungal Allergen,1.0,0.9999,1e-04,True,True
72,1,1,Allergen,Allergen,Mold/Fungal Allergen,Mold/Fungal Allergen,0.805,0.9996,0.0004,True,True
73,1,1,Allergen,Allergen,Venom Allergen,Venom Allergen,0.7875,0.9973,0.0027,True,True
74,1,1,Allergen,Allergen,Food Allergen,Food Allergen,1.0,0.9789,0.0211,True,True
75,0,0,Non-Allergen,Non-Allergen,Non-Allergen,Non-Allergen,0.9872000217437744,0.0128,0.9872,True,True
76,0,0,Non-Allergen,Non-Allergen,Non-Allergen,Non-Allergen,0.9958000183105469,0.0042,0.9958,True,True
77,0,0,Non-Allergen,Non-Allergen,Non-Allergen,Non-Allergen,0.7163000106811523,0.2837,0.7163,True,True
78,0,0,Non-Allergen,Non-Allergen,Non-Allergen,Non-Allergen,0.9998999834060669,1e-04,0.9999,True,True
79,0,0,Non-Allergen,Non-Allergen,Non-Allergen,Non-Allergen,0.9998000264167786,0.0002,0.9998,True,True
80,1,1,Allergen,Allergen,Dust Mite Allergen,Dust Mite Allergen,0.755,0.9892,0.0108,True,True
81,1,1,Allergen,Allergen,Dust Mite Allergen,Dust Mite Allergen,0.9225,0.9555,0.0445,True,True
82,0,0,Non-Allergen,Non-Allergen,Non-Allergen,Non-Allergen,0.9702000021934509,0.0298,0.9702,True,True
83,1,1,Allergen,Allergen,Venom Allergen,Venom Allergen,1.0,0.9743,0.0257,True,True
84,0,0,Non-Allergen,Non-Allergen,Non-Allergen,Non-Allergen,0.989799976348877,0.0102,0.9898,True,True
85,0,0,Non-Allergen,Non-Allergen,Non-Allergen,Non-Allergen,0.7968999743461609,0.2031,0.7969,True,True
86,0,0,Non-Allergen,Non-Allergen,Non-Allergen,Non-Allergen,0.9593999981880188,0.0406,0.9594,True,True
87,1,1,Allergen,Allergen,Mold/Fungal Allergen,Mold/Fungal Allergen,1.0,1.0,0.0,True,True
88,1,1,Allergen,Allergen,Dust Mite Allergen,Dust Mite Allergen,0.5825,0.9824,0.0176,True,True
89,0,0,Non-Allergen,Non-Allergen,Non-Allergen,Non-Allergen,0.9800999760627747,0.0199,0.9801,True,True
90,1,1,Allergen,Allergen,Pollen Allergen,Pollen Allergen,0.88,0.9586,0.0414,True,True
91,0,0,Non-Allergen,Non-Allergen,Non-Allergen,Non-Allergen,0.9520000219345093,0.048,0.952,True,True
92,0,0,Non-Allergen,Non-Allergen,Non-Allergen,Non-Allergen,0.9341999888420105,0.0658,0.9342,True,True
93,0,0,Non-Allergen,Non-Allergen,Non-Allergen,Non-Allergen,0.967199981212616,0.0328,0.9672,True,True
94,0,0,Non-Allergen,Non-Allergen,Non-Allergen,Non-Allergen,0.9975000023841858,0.0025,0.9975,True,True
95,0,0,Non-Allergen,Non-Allergen,Non-Allergen,Non-Allergen,0.9365000128746033,0.0635,0.9365,True,True
96,0,0,Non-Allergen,Non-Allergen,Non-Allergen,Non-Allergen,0.9704999923706055,0.0295,0.9705,True,True
97,0,0,Non-Allergen,Non-Allergen,Non-Allergen,Non-Allergen,0.9987000226974487,0.0013,0.9987,True,True
98,1,1,Allergen,Allergen,Mold/Fungal Allergen,Mold/Fungal Allergen,1.0,0.9952,0.0048,True,True
99,0,0,Non-Allergen,Non-Allergen,Non-Allergen,Non-Allergen,0.9994999766349792,0.0005,0.9995,True,True
100,0,0,Non-Allergen,Non-Allergen,Non-Allergen,Non-Allergen,0.8863000273704529,0.1137,0.8863,True,True
101,0,0,Non-Allergen,Non-Allergen,Non-Allergen,Non-Allergen,0.9053000211715698,0.0947,0.9053,True,True
102,1,1,Allergen,Allergen,Venom Allergen,Venom Allergen,0.77,0.9959,0.0041,True,True
103,1,1,Allergen,Allergen,Venom Allergen,Venom Allergen,0.7875,0.9318,0.0682,True,True
104,1,1,Allergen,Allergen,Venom Allergen,Venom Allergen,0.87,0.9952,0.0048,True,True
105,0,0,Non-Allergen,Non-Allergen,Non-Allergen,Non-Allergen,0.9355999827384949,0.0644,0.9356,True,True
106,0,0,Non-Allergen,Non-Allergen,Non-Allergen,Non-Allergen,0.9972000122070312,0.0028,0.9972,True,True
107,1,1,Allergen,Allergen,Pollen Allergen,Pollen Allergen,0.6313,0.992,0.008,True,True
108,0,0,Non-Allergen,Non-Allergen,Non-Allergen,Non-Allergen,0.9998999834060669,1e-04,0.9999,True,True
109,1,1,Allergen,Allergen,Venom Allergen,Venom Allergen,1.0,0.9989,0.0011,True,True
110,0,0,Non-Allergen,Non-Allergen,Non-Allergen,Non-Allergen,0.9869999885559082,0.013,0.987,True,True
111,0,0,Non-Allergen,Non-Allergen,Non-Allergen,Non-Allergen,0.9406999945640564,0.0593,0.9407,True,True
112,1,1,Allergen,Allergen,Dust Mite Allergen,Dust Mite Allergen,0.9375,0.897,0.103,True,True
113,0,0,Non-Allergen,Non-Allergen,Non-Allergen,Non-Allergen,0.9800000190734863,0.02,0.98,True,True
114,1,1,Allergen,Allergen,Venom Allergen,Venom Allergen,0.905,0.9933,0.0067,True,True
115,1,1,Allergen,Allergen,Dust Mite Allergen,Dust Mite Allergen,0.455,0.9964,0.0036,True,True
116,0,0,Non-Allergen,Non-Allergen,Non-Allergen,Non-Allergen,0.991100013256073,0.0089,0.9911,True,True
117,0,0,Non-Allergen,Non-Allergen,Non-Allergen,Non-Allergen,0.7889999747276306,0.211,0.789,True,True
118,1,1,Allergen,Allergen,Dust Mite Allergen,Dust Mite Allergen,0.93,0.9991,0.0009,True,True
119,0,0,Non-Allergen,Non-Allergen,Non-Allergen,Non-Allergen,0.8219000101089478,0.1781,0.8219,True,True
120,1,1,Allergen,Allergen,Dust Mite Allergen,Dust Mite Allergen,0.9575,0.9769,0.0231,True,True
121,1,1,Allergen,Allergen,Pollen Allergen,Pollen Allergen,1.0,0.9908,0.0092,True,True
122,0,0,Non-Allergen,Non-Allergen,Non-Allergen,Non-Allergen,0.9139000177383423,0.0861,0.9139,True,True
123,0,0,Non-Allergen,Non-Allergen,Non-Allergen,Non-Allergen,0.9886000156402588,0.0114,0.9886,True,True
124,1,1,Allergen,Allergen,Venom Allergen,Venom Allergen,0.835,0.9948,0.0052,True,True
125,0,0,Non-Allergen,Non-Allergen,Non-Allergen,Non-Allergen,0.961899995803833,0.0381,0.9619,True,True
126,1,1,Allergen,Allergen,Pollen Allergen,Pollen Allergen,1.0,0.9989,0.0011,True,True
127,0,0,Non-Allergen,Non-Allergen,Non-Allergen,Non-Allergen,0.9932000041007996,0.0068,0.9932,True,True
128,0,0,Non-Allergen,Non-Allergen,Non-Allergen,Non-Allergen,0.9966999888420105,0.0033,0.9967,True,True
129,1,1,Allergen,Allergen,Dust Mite Allergen,Dust Mite Allergen,0.9375,0.897,0.103,True,True
130,0,0,Non-Allergen,Non-Allergen,Non-Allergen,Non-Allergen,0.9495999813079834,0.0504,0.9496,True,True
131,0,0,Non-Allergen,Non-Allergen,Non-Allergen,Non-Allergen,0.9943000078201294,0.0057,0.9943,True,True
132,1,1,Allergen,Allergen,Dust Mite Allergen,Dust Mite Allergen,0.44,0.931,0.069,True,True
133,0,0,Non-Allergen,Non-Allergen,Non-Allergen,Non-Allergen,0.974399983882904,0.0256,0.9744,True,True
134,1,1,Allergen,Allergen,Pollen Allergen,Pollen Allergen,1.0,0.9988,0.0012,True,True
135,1,1,Allergen,Allergen,Pollen Allergen,Pollen Allergen,0.71,0.9657,0.0343,True,True
136,1,1,Allergen,Allergen,Dust Mite Allergen,Dust Mite Allergen,0.5075,0.9901,0.0099,True,True
137,0,0,Non-Allergen,Non-Allergen,Non-Allergen,Non-Allergen,0.9976999759674072,0.0023,0.9977,True,True
138,0,0,Non-Allergen,Non-Allergen,Non-Allergen,Non-Allergen,0.9063000082969666,0.0937,0.9063,True,True
139,0,0,Non-Allergen,Non-Allergen,Non-Allergen,Non-Allergen,0.9962999820709229,0.0037,0.9963,True,True
140,0,0,Non-Allergen,Non-Allergen,Non-Allergen,Non-Allergen,0.8203999996185303,0.1796,0.8204,True,True
141,1,1,Allergen,Allergen,Food Allergen,Food Allergen,0.96,0.8694,0.1306,True,True
142,0,0,Non-Allergen,Non-Allergen,Non-Allergen,Non-Allergen,0.9977999925613403,0.0022,0.9978,True,True
143,0,0,Non-Allergen,Non-Allergen,Non-Allergen,Non-Allergen,0.998199999332428,0.0018,0.9982,True,True
144,0,0,Non-Allergen,Non-Allergen,Non-Allergen,Non-Allergen,0.9998999834060669,1e-04,0.9999,True,True
145,0,0,Non-Allergen,Non-Allergen,Non-Allergen,Non-Allergen,0.7346000075340271,0.2654,0.7346,True,True
146,1,1,Allergen,Allergen,Venom Allergen,Venom Allergen,0.8675,0.9797,0.0203,True,True
147,1,1,Allergen,Allergen,Venom Allergen,Venom Allergen,1.0,0.9464,0.0536,True,True
148,0,0,Non-Allergen,Non-Allergen,Non-Allergen,Non-Allergen,0.9997000098228455,0.0003,0.9997,True,True
149,0,0,Non-Allergen,Non-Allergen,Non-Allergen,Non-Allergen,0.9987999796867371,0.0012,0.9988,True,True
150,0,0,Non-Allergen,Non-Allergen,Non-Allergen,Non-Allergen,0.9994999766349792,0.0005,0.9995,True,True
151,1,1,Allergen,Allergen,Mold/Fungal Allergen,Mold/Fungal Allergen,1.0,0.9996,0.0004,True,True
152,1,1,Allergen,Allergen,Pollen Allergen,Pollen Allergen,1.0,0.9838,0.0162,True,True
153,0,0,Non-Allergen,Non-Allergen,Non-Allergen,Non-Allergen,0.9987999796867371,0.0012,0.9988,True,True
154,0,0,Non-Allergen,Non-Allergen,Non-Allergen,Non-Allergen,0.9983999729156494,0.0016,0.9984,True,True
155,1,1,Allergen,Allergen,Pollen Allergen,Pollen Allergen,0.4575,0.9935,0.0065,True,True
156,0,0,Non-Allergen,Non-Allergen,Non-Allergen,Non-Allergen,0.9950000047683716,0.005,0.995,True,True
157,0,0,Non-Allergen,Non-Allergen,Non-Allergen,Non-Allergen,0.998199999332428,0.0018,0.9982,True,True
158,1,1,Allergen,Allergen,Latex Allergen,Latex Allergen,0.98,0.9546,0.0454,True,True
159,0,0,Non-Allergen,Non-Allergen,Non-Allergen,Non-Allergen,0.9634000062942505,0.0366,0.9634,True,True
160,0,0,Non-Allergen,Non-Allergen,Non-Allergen,Non-Allergen,0.9948999881744385,0.0051,0.9949,True,True
161,0,0,Non-Allergen,Non-Allergen,Non-Allergen,Non-Allergen,0.9526000022888184,0.0474,0.9526,True,True
162,0,0,Non-Allergen,Non-Allergen,Non-Allergen,Non-Allergen,0.8859999775886536,0.114,0.886,True,True
163,0,0,Non-Allergen,Non-Allergen,Non-Allergen,Non-Allergen,0.9987999796867371,0.0012,0.9988,True,True
164,1,1,Allergen,Allergen,Mold/Fungal Allergen,Mold/Fungal Allergen,0.9975,0.9999,1e-04,True,True
165,0,0,Non-Allergen,Non-Allergen,Non-Allergen,Non-Allergen,0.9711999893188477,0.0288,0.9712,True,True
166,0,0,Non-Allergen,Non-Allergen,Non-Allergen,Non-Allergen,0.9846000075340271,0.0154,0.9846,True,True
167,1,1,Allergen,Allergen,Food Allergen,Food Allergen,0.7925,0.9599,0.0401,True,True
168,1,1,Allergen,Allergen,Dust Mite Allergen,Dust Mite Allergen,0.335,0.8559,0.1441,True,True
169,0,0,Non-Allergen,Non-Allergen,Non-Allergen,Non-Allergen,0.9013000130653381,0.0987,0.9013,True,True
170,0,0,Non-Allergen,Non-Allergen,Non-Allergen,Non-Allergen,0.6798999905586243,0.3201,0.6799,True,True
171,1,1,Allergen,Allergen,Mold/Fungal Allergen,Mold/Fungal Allergen,1.0,0.9592,0.0408,True,True
172,0,1,Non-Allergen,Allergen,Non-Allergen,Venom Allergen,0.5875,0.6742,0.3258,False,False
173,1,1,Allergen,Allergen,Dust Mite Allergen,Dust Mite Allergen,0.3775,0.9937,0.0063,True,True
174,0,0,Non-Allergen,Non-Allergen,Non-Allergen,Non-Allergen,0.992900013923645,0.0071,0.9929,True,True
175,1,1,Allergen,Allergen,Venom Allergen,Venom Allergen,0.975,0.9989,0.0011,True,True
176,1,1,Allergen,Allergen,Dust Mite Allergen,Food Allergen,0.33,0.677,0.323,True,False
177,1,1,Allergen,Allergen,Food Allergen,Food Allergen,0.88,0.9911,0.0089,True,True
178,1,1,Allergen,Allergen,Venom Allergen,Venom Allergen,0.32,0.9076,0.0924,True,True
179,1,1,Allergen,Allergen,Pollen Allergen,Pollen Allergen,0.4725,0.6784,0.3216,True,True
180,1,1,Allergen,Allergen,Pollen Allergen,Pollen Allergen,0.86,0.9885,0.0115,True,True
181,0,0,Non-Allergen,Non-Allergen,Non-Allergen,Non-Allergen,0.9959999918937683,0.004,0.996,True,True
182,0,0,Non-Allergen,Non-Allergen,Non-Allergen,Non-Allergen,0.991599977016449,0.0084,0.9916,True,True
183,1,1,Allergen,Allergen,Pollen Allergen,Pollen Allergen,0.9775,0.9971,0.0029,True,True
184,0,0,Non-Allergen,Non-Allergen,Non-Allergen,Non-Allergen,0.9976999759674072,0.0023,0.9977,True,True
185,0,0,Non-Allergen,Non-Allergen,Non-Allergen,Non-Allergen,0.9965000152587891,0.0035,0.9965,True,True
186,1,1,Allergen,Allergen,Latex Allergen,Latex Allergen,0.9975,0.9992,0.0008,True,True
187,0,0,Non-Allergen,Non-Allergen,Non-Allergen,Non-Allergen,0.984499990940094,0.0155,0.9845,True,True
188,0,0,Non-Allergen,Non-Allergen,Non-Allergen,Non-Allergen,0.9991999864578247,0.0008,0.9992,True,True
189,1,1,Allergen,Allergen,Food Allergen,Food Allergen,1.0,0.9924,0.0076,True,True
190,0,0,Non-Allergen,Non-Allergen,Non-Allergen,Non-Allergen,0.9846000075340271,0.0154,0.9846,True,True
191,0,0,Non-Allergen,Non-Allergen,Non-Allergen,Non-Allergen,0.9125999808311462,0.0874,0.9126,True,True
192,1,1,Allergen,Allergen,Venom Allergen,Venom Allergen,0.3175,0.5535,0.4465,True,True
193,0,0,Non-Allergen,Non-Allergen,Non-Allergen,Non-Allergen,0.9968000054359436,0.0032,0.9968,True,True
194,1,1,Allergen,Allergen,Mold/Fungal Allergen,Mold/Fungal Allergen,1.0,0.9998,0.0002,True,True
195,0,0,Non-Allergen,Non-Allergen,Non-Allergen,Non-Allergen,0.9987000226974487,0.0013,0.9987,True,True
196,0,0,Non-Allergen,Non-Allergen,Non-Allergen,Non-Allergen,0.9993000030517578,0.0007,0.9993,True,True
197,1,1,Allergen,Allergen,Venom Allergen,Venom Allergen,0.8425,0.9928,0.0072,True,True
198,0,0,Non-Allergen,Non-Allergen,Non-Allergen,Non-Allergen,0.9987999796867371,0.0012,0.9988,True,True
199,0,0,Non-Allergen,Non-Allergen,Non-Allergen,Non-Allergen,0.9911999702453613,0.0088,0.9912,True,True
200,0,0,Non-Allergen,Non-Allergen,Non-Allergen,Non-Allergen,0.9700999855995178,0.0299,0.9701,True,True
201,0,0,Non-Allergen,Non-Allergen,Non-Allergen,Non-Allergen,0.9994999766349792,0.0005,0.9995,True,True
202,0,0,Non-Allergen,Non-Allergen,Non-Allergen,Non-Allergen,0.994700014591217,0.0053,0.9947,True,True
203,1,1,Allergen,Allergen,Venom Allergen,Venom Allergen,0.8925,0.9885,0.0115,True,True
204,1,1,Allergen,Allergen,Dust Mite Allergen,Dust Mite Allergen,0.9725,0.9862,0.0138,True,True
205,1,1,Allergen,Allergen,Dust Mite Allergen,Dust Mite Allergen,1.0,0.9827,0.0173,True,True
206,1,1,Allergen,Allergen,Pollen Allergen,Pollen Allergen,0.8775,0.9522,0.0478,True,True
207,0,0,Non-Allergen,Non-Allergen,Non-Allergen,Non-Allergen,0.9580000042915344,0.042,0.958,True,True
208,1,1,Allergen,Allergen,Venom Allergen,Venom Allergen,0.875,0.9704,0.0296,True,True
209,0,0,Non-Allergen,Non-Allergen,Non-Allergen,Non-Allergen,0.9988999962806702,0.0011,0.9989,True,True
210,1,1,Allergen,Allergen,Venom Allergen,Venom Allergen,0.5475,0.9605,0.0395,True,True
211,1,1,Allergen,Allergen,Food Allergen,Food Allergen,1.0,0.9937,0.0063,True,True
212,0,0,Non-Allergen,Non-Allergen,Non-Allergen,Non-Allergen,0.9434000253677368,0.0566,0.9434,True,True
213,1,1,Allergen,Allergen,Pollen Allergen,Pollen Allergen,0.67,0.9713,0.0287,True,True
214,1,1,Allergen,Allergen,Venom Allergen,Venom Allergen,0.9425,0.9996,0.0004,True,True
215,1,1,Allergen,Allergen,Food Allergen,Food Allergen,1.0,0.995,0.005,True,True
216,1,1,Allergen,Allergen,Dust Mite Allergen,Dust Mite Allergen,0.6825,0.9219,0.0781,True,True
217,1,1,Allergen,Allergen,Venom Allergen,Venom Allergen,0.8325,0.9955,0.0045,True,True
218,0,0,Non-Allergen,Non-Allergen,Non-Allergen,Non-Allergen,0.868399977684021,0.1316,0.8684,True,True
219,0,0,Non-Allergen,Non-Allergen,Non-Allergen,Non-Allergen,0.7024000287055969,0.2976,0.7024,True,True
220,1,1,Allergen,Allergen,Latex Allergen,Latex Allergen,1.0,0.9994,0.0006,True,True
221,1,1,Allergen,Allergen,Mold/Fungal Allergen,Mold/Fungal Allergen,0.7575,0.9921,0.0079,True,True
222,1,1,Allergen,Allergen,Venom Allergen,Venom Allergen,0.9725,0.9963,0.0037,True,True
223,0,0,Non-Allergen,Non-Allergen,Non-Allergen,Non-Allergen,0.9825000166893005,0.0175,0.9825,True,True
224,0,0,Non-Allergen,Non-Allergen,Non-Allergen,Non-Allergen,0.9975000023841858,0.0025,0.9975,True,True
225,1,1,Allergen,Allergen,Food Allergen,Food Allergen,1.0,0.9969,0.0031,True,True
226,1,1,Allergen,Allergen,Food Allergen,Food Allergen,0.825,0.876,0.124,True,True
227,0,0,Non-Allergen,Non-Allergen,Non-Allergen,Non-Allergen,0.9739000201225281,0.0261,0.9739,True,True
228,1,1,Allergen,Allergen,Mold/Fungal Allergen,Mold/Fungal Allergen,0.9925,0.9997,0.0003,True,True
229,0,0,Non-Allergen,Non-Allergen,Non-Allergen,Non-Allergen,0.9995999932289124,0.0004,0.9996,True,True
230,1,1,Allergen,Allergen,Dust Mite Allergen,Dust Mite Allergen,0.77,0.7987,0.2013,True,True
231,0,0,Non-Allergen,Non-Allergen,Non-Allergen,Non-Allergen,0.7886000275611877,0.2114,0.7886,True,True
232,1,1,Allergen,Allergen,Mold/Fungal Allergen,Mold/Fungal Allergen,1.0,0.9999,1e-04,True,True
233,0,0,Non-Allergen,Non-Allergen,Non-Allergen,Non-Allergen,0.9728999733924866,0.0271,0.9729,True,True
234,1,1,Allergen,Allergen,Dust Mite Allergen,Dust Mite Allergen,0.7975,0.9644,0.0356,True,True
235,0,1,Non-Allergen,Allergen,Non-Allergen,Venom Allergen,0.495,0.5135,0.4865,False,False
236,1,1,Allergen,Allergen,Mold/Fungal Allergen,Mold/Fungal Allergen,1.0,0.9998,0.0002,True,True
237,0,0,Non-Allergen,Non-Allergen,Non-Allergen,Non-Allergen,0.9987000226974487,0.0013,0.9987,True,True
238,0,0,Non-Allergen,Non-Allergen,Non-Allergen,Non-Allergen,0.9675999879837036,0.0324,0.9676,True,True
239,0,0,Non-Allergen,Non-Allergen,Non-Allergen,Non-Allergen,0.944100022315979,0.0559,0.9441,True,True
240,1,1,Allergen,Allergen,Pollen Allergen,Pollen Allergen,0.835,0.999,0.001,True,True
241,1,1,Allergen,Allergen,Pollen Allergen,Pollen Allergen,0.905,0.9895,0.0105,True,True
242,0,0,Non-Allergen,Non-Allergen,Non-Allergen,Non-Allergen,0.9729999899864197,0.027,0.973,True,True
243,0,0,Non-Allergen,Non-Allergen,Non-Allergen,Non-Allergen,0.9955999851226807,0.0044,0.9956,True,True
244,1,1,Allergen,Allergen,Venom Allergen,Venom Allergen,1.0,0.505,0.495,True,True
245,0,0,Non-Allergen,Non-Allergen,Non-Allergen,Non-Allergen,0.9995999932289124,0.0004,0.9996,True,True
246,1,0,Allergen,Non-Allergen,Dust Mite Allergen,Non-Allergen,0.6726999878883362,0.3273,0.6727,False,False
247,0,0,Non-Allergen,Non-Allergen,Non-Allergen,Non-Allergen,0.996999979019165,0.003,0.997,True,True
248,0,0,Non-Allergen,Non-Allergen,Non-Allergen,Non-Allergen,0.9817000031471252,0.0183,0.9817,True,True
249,0,0,Non-Allergen,Non-Allergen,Non-Allergen,Non-Allergen,0.9991999864578247,0.0008,0.9992,True,True
250,0,0,Non-Allergen,Non-Allergen,Non-Allergen,Non-Allergen,0.9976000189781189,0.0024,0.9976,True,True
251,0,0,Non-Allergen,Non-Allergen,Non-Allergen,Non-Allergen,0.8733000159263611,0.1267,0.8733,True,True
252,0,0,Non-Allergen,Non-Allergen,Non-Allergen,Non-Allergen,0.847000002861023,0.153,0.847,True,True
253,1,1,Allergen,Allergen,Venom Allergen,Venom Allergen,0.74,0.9746,0.0254,True,True
254,0,0,Non-Allergen,Non-Allergen,Non-Allergen,Non-Allergen,0.9976999759674072,0.0023,0.9977,True,True
255,1,1,Allergen,Allergen,Venom Allergen,Venom Allergen,0.8575,0.9987,0.0013,True,True
256,1,1,Allergen,Allergen,Pollen Allergen,Pollen Allergen,0.83,0.9688,0.0312,True,True
257,0,0,Non-Allergen,Non-Allergen,Non-Allergen,Non-Allergen,0.9858999848365784,0.0141,0.9859,True,True
258,1,1,Allergen,Allergen,Dust Mite Allergen,Dust Mite Allergen,0.4875,0.9508,0.0492,True,True
259,0,0,Non-Allergen,Non-Allergen,Non-Allergen,Non-Allergen,0.942300021648407,0.0577,0.9423,True,True
260,0,0,Non-Allergen,Non-Allergen,Non-Allergen,Non-Allergen,0.6988000273704529,0.3012,0.6988,True,True
261,0,0,Non-Allergen,Non-Allergen,Non-Allergen,Non-Allergen,0.7936000227928162,0.2064,0.7936,True,True
262,1,1,Allergen,Allergen,Food Allergen,Food Allergen,1.0,0.9997,0.0003,True,True
263,0,0,Non-Allergen,Non-Allergen,Non-Allergen,Non-Allergen,0.9998999834060669,1e-04,0.9999,True,True
264,0,0,Non-Allergen,Non-Allergen,Non-Allergen,Non-Allergen,0.6589000225067139,0.3411,0.6589,True,True
265,1,1,Allergen,Allergen,Latex Allergen,Latex Allergen,0.9775,0.9997,0.0003,True,True
266,0,0,Non-Allergen,Non-Allergen,Non-Allergen,Non-Allergen,0.9959999918937683,0.004,0.996,True,True
267,1,1,Allergen,Allergen,Venom Allergen,Venom Allergen,1.0,0.9907,0.0093,True,True
268,0,0,Non-Allergen,Non-Allergen,Non-Allergen,Non-Allergen,0.9969000220298767,0.0031,0.9969,True,True
269,0,0,Non-Allergen,Non-Allergen,Non-Allergen,Non-Allergen,0.6589999794960022,0.341,0.659,True,True
270,1,1,Allergen,Allergen,Dust Mite Allergen,Dust Mite Allergen,1.0,0.9389,0.0611,True,True
271,1,1,Allergen,Allergen,Venom Allergen,Venom Allergen,0.66,0.7714,0.2286,True,True
272,0,0,Non-Allergen,Non-Allergen,Non-Allergen,Non-Allergen,0.9577999711036682,0.0422,0.9578,True,True
273,0,0,Non-Allergen,Non-Allergen,Non-Allergen,Non-Allergen,0.9785000085830688,0.0215,0.9785,True,True
274,1,1,Allergen,Allergen,Mold/Fungal Allergen,Mold/Fungal Allergen,1.0,0.9687,0.0313,True,True
275,0,0,Non-Allergen,Non-Allergen,Non-Allergen,Non-Allergen,0.9998999834060669,1e-04,0.9999,True,True
276,0,0,Non-Allergen,Non-Allergen,Non-Allergen,Non-Allergen,0.9226999878883362,0.0773,0.9227,True,True
277,1,1,Allergen,Allergen,Venom Allergen,Venom Allergen,0.5225,0.9685,0.0315,True,True
278,0,0,Non-Allergen,Non-Allergen,Non-Allergen,Non-Allergen,0.9884999990463257,0.0115,0.9885,True,True
279,0,0,Non-Allergen,Non-Allergen,Non-Allergen,Non-Allergen,0.7077000141143799,0.2923,0.7077,True,True
280,1,1,Allergen,Allergen,Venom Allergen,Venom Allergen,0.74,0.9972,0.0028,True,True
281,0,0,Non-Allergen,Non-Allergen,Non-Allergen,Non-Allergen,0.9919000267982483,0.0081,0.9919,True,True
282,0,0,Non-Allergen,Non-Allergen,Non-Allergen,Non-Allergen,0.9879000186920166,0.0121,0.9879,True,True
283,1,1,Allergen,Allergen,Pollen Allergen,Pollen Allergen,0.915,0.9989,0.0011,True,True
284,0,0,Non-Allergen,Non-Allergen,Non-Allergen,Non-Allergen,0.9898999929428101,0.0101,0.9899,True,True
285,0,0,Non-Allergen,Non-Allergen,Non-Allergen,Non-Allergen,0.9954000115394592,0.0046,0.9954,True,True
286,0,0,Non-Allergen,Non-Allergen,Non-Allergen,Non-Allergen,0.9998999834060669,1e-04,0.9999,True,True
287,1,1,Allergen,Allergen,Pollen Allergen,Pollen Allergen,0.4475,0.7862,0.2138,True,True
288,1,1,Allergen,Allergen,Mold/Fungal Allergen,Mold/Fungal Allergen,1.0,0.9999,1e-04,True,True
289,1,1,Allergen,Allergen,Food Allergen,Food Allergen,0.5875,0.9653,0.0347,True,True
290,0,0,Non-Allergen,Non-Allergen,Non-Allergen,Non-Allergen,0.9998999834060669,1e-04,0.9999,True,True
291,0,0,Non-Allergen,Non-Allergen,Non-Allergen,Non-Allergen,0.98580002784729,0.0142,0.9858,True,True
292,0,0,Non-Allergen,Non-Allergen,Non-Allergen,Non-Allergen,0.9979000091552734,0.0021,0.9979,True,True
293,1,1,Allergen,Allergen,Venom Allergen,Venom Allergen,0.9825,0.9993,0.0007,True,True
294,0,0,Non-Allergen,Non-Allergen,Non-Allergen,Non-Allergen,0.9993000030517578,0.0007,0.9993,True,True
295,1,1,Allergen,Allergen,Pollen Allergen,Pollen Allergen,0.8725,0.973,0.027,True,True
296,0,0,Non-Allergen,Non-Allergen,Non-Allergen,Non-Allergen,0.9373000264167786,0.0627,0.9373,True,True
297,1,1,Allergen,Allergen,Dust Mite Allergen,Dust Mite Allergen,0.675,0.9893,0.0107,True,True
298,0,0,Non-Allergen,Non-Allergen,Non-Allergen,Non-Allergen,0.9965000152587891,0.0035,0.9965,True,True
299,1,1,Allergen,Allergen,Venom Allergen,Venom Allergen,0.81,0.9974,0.0026,True,True
300,0,0,Non-Allergen,Non-Allergen,Non-Allergen,Non-Allergen,0.9333999752998352,0.0666,0.9334,True,True
301,1,1,Allergen,Allergen,Pollen Allergen,Pollen Allergen,0.8275,0.997,0.003,True,True
302,1,1,Allergen,Allergen,Mold/Fungal Allergen,Mold/Fungal Allergen,1.0,0.9993,0.0007,True,True
303,0,0,Non-Allergen,Non-Allergen,Non-Allergen,Non-Allergen,0.9431999921798706,0.0568,0.9432,True,True
304,1,1,Allergen,Allergen,Venom Allergen,Venom Allergen,1.0,0.9401,0.0599,True,True
305,1,1,Allergen,Allergen,Mold/Fungal Allergen,Mold/Fungal Allergen,1.0,0.9973,0.0027,True,True
306,0,0,Non-Allergen,Non-Allergen,Non-Allergen,Non-Allergen,0.9739999771118164,0.026,0.974,True,True
307,1,1,Allergen,Allergen,Food Allergen,Food Allergen,0.6375,0.9678,0.0322,True,True
308,0,0,Non-Allergen,Non-Allergen,Non-Allergen,Non-Allergen,0.8592000007629395,0.1408,0.8592,True,True
309,1,1,Allergen,Allergen,Pollen Allergen,Pollen Allergen,0.985,0.995,0.005,True,True
310,0,0,Non-Allergen,Non-Allergen,Non-Allergen,Non-Allergen,0.9882000088691711,0.0118,0.9882,True,True
311,0,0,Non-Allergen,Non-Allergen,Non-Allergen,Non-Allergen,0.9940999746322632,0.0059,0.9941,True,True
312,1,1,Allergen,Allergen,Mold/Fungal Allergen,Mold/Fungal Allergen,1.0,1.0,0.0,True,True
313,0,0,Non-Allergen,Non-Allergen,Non-Allergen,Non-Allergen,0.9908999800682068,0.0091,0.9909,True,True
314,1,1,Allergen,Allergen,Dust Mite Allergen,Dust Mite Allergen,1.0,0.9926,0.0074,True,True
315,0,0,Non-Allergen,Non-Allergen,Non-Allergen,Non-Allergen,0.7340999841690063,0.2659,0.7341,True,True
316,0,0,Non-Allergen,Non-Allergen,Non-Allergen,Non-Allergen,0.9969000220298767,0.0031,0.9969,True,True
317,1,0,Allergen,Non-Allergen,Food Allergen,Non-Allergen,0.5795999765396118,0.4204,0.5796,False,False
318,0,0,Non-Allergen,Non-Allergen,Non-Allergen,Non-Allergen,0.9890000224113464,0.011,0.989,True,True
319,1,1,Allergen,Allergen,Food Allergen,Food Allergen,0.9225,0.9974,0.0026,True,True
320,0,0,Non-Allergen,Non-Allergen,Non-Allergen,Non-Allergen,0.9991000294685364,0.0009,0.9991,True,True
321,1,1,Allergen,Allergen,Pollen Allergen,Pollen Allergen,1.0,0.9935,0.0065,True,True
322,1,1,Allergen,Allergen,Pollen Allergen,Pollen Allergen,0.8175,0.538,0.462,True,True
323,0,0,Non-Allergen,Non-Allergen,Non-Allergen,Non-Allergen,0.9979000091552734,0.0021,0.9979,True,True
324,0,0,Non-Allergen,Non-Allergen,Non-Allergen,Non-Allergen,0.9527000188827515,0.0473,0.9527,True,True
325,0,0,Non-Allergen,Non-Allergen,Non-Allergen,Non-Allergen,0.9988999962806702,0.0011,0.9989,True,True
326,0,0,Non-Allergen,Non-Allergen,Non-Allergen,Non-Allergen,0.9951000213623047,0.0049,0.9951,True,True
327,0,0,Non-Allergen,Non-Allergen,Non-Allergen,Non-Allergen,0.9889000058174133,0.0111,0.9889,True,True
328,1,1,Allergen,Allergen,Mold/Fungal Allergen,Mold/Fungal Allergen,0.9775,0.9994,0.0006,True,True
329,0,1,Non-Allergen,Allergen,Non-Allergen,Venom Allergen,0.3825,0.8002,0.1998,False,False
330,1,1,Allergen,Allergen,Venom Allergen,Venom Allergen,0.8325,0.9018,0.0981,True,True
331,0,0,Non-Allergen,Non-Allergen,Non-Allergen,Non-Allergen,0.5636000037193298,0.4364,0.5636,True,True
332,1,1,Allergen,Allergen,Food Allergen,Food Allergen,1.0,0.9913,0.0087,True,True
333,1,1,Allergen,Allergen,Food Allergen,Food Allergen,1.0,0.9893,0.0107,True,True
334,0,0,Non-Allergen,Non-Allergen,Non-Allergen,Non-Allergen,0.9945999979972839,0.0054,0.9946,True,True
335,1,1,Allergen,Allergen,Mold/Fungal Allergen,Mold/Fungal Allergen,1.0,0.9999,1e-04,True,True
336,0,0,Non-Allergen,Non-Allergen,Non-Allergen,Non-Allergen,0.9970999956130981,0.0029,0.9971,True,True
337,0,0,Non-Allergen,Non-Allergen,Non-Allergen,Non-Allergen,0.9675999879837036,0.0324,0.9676,True,True
338,1,1,Allergen,Allergen,Mold/Fungal Allergen,Mold/Fungal Allergen,1.0,0.9997,0.0003,True,True
339,0,0,Non-Allergen,Non-Allergen,Non-Allergen,Non-Allergen,0.9986000061035156,0.0014,0.9986,True,True
340,0,1,Non-Allergen,Allergen,Non-Allergen,Pollen Allergen,0.3325,0.8544,0.1456,False,False
341,1,1,Allergen,Allergen,Food Allergen,Food Allergen,1.0,0.9994,0.0006,True,True
342,0,0,Non-Allergen,Non-Allergen,Non-Allergen,Non-Allergen,0.9947999715805054,0.0052,0.9948,True,True
343,0,0,Non-Allergen,Non-Allergen,Non-Allergen,Non-Allergen,0.8964999914169312,0.1035,0.8965,True,True
344,1,1,Allergen,Allergen,Pollen Allergen,Pollen Allergen,1.0,0.9915,0.0085,True,True
345,0,0,Non-Allergen,Non-Allergen,Non-Allergen,Non-Allergen,0.9745000004768372,0.0255,0.9745,True,True
346,1,1,Allergen,Allergen,Mold/Fungal Allergen,Mold/Fungal Allergen,1.0,0.9998,0.0002,True,True
347,1,1,Allergen,Allergen,Pollen Allergen,Pollen Allergen,0.98,0.9995,0.0005,True,True
348,1,1,Allergen,Allergen,Pollen Allergen,Pollen Allergen,0.7175,0.9917,0.0083,True,True
349,1,1,Allergen,Allergen,Food Allergen,Food Allergen,1.0,0.9928,0.0072,True,True
350,0,0,Non-Allergen,Non-Allergen,Non-Allergen,Non-Allergen,0.9983000159263611,0.0017,0.9983,True,True
351,0,0,Non-Allergen,Non-Allergen,Non-Allergen,Non-Allergen,0.9886999726295471,0.0113,0.9887,True,True
352,0,0,Non-Allergen,Non-Allergen,Non-Allergen,Non-Allergen,0.9448000192642212,0.0552,0.9448,True,True
353,1,1,Allergen,Allergen,Mold/Fungal Allergen,Mold/Fungal Allergen,1.0,1.0,0.0,True,True
354,0,0,Non-Allergen,Non-Allergen,Non-Allergen,Non-Allergen,0.9763000011444092,0.0237,0.9763,True,True
355,0,0,Non-Allergen,Non-Allergen,Non-Allergen,Non-Allergen,0.9988999962806702,0.0011,0.9989,True,True
356,0,0,Non-Allergen,Non-Allergen,Non-Allergen,Non-Allergen,0.9987999796867371,0.0012,0.9988,True,True
357,1,1,Allergen,Allergen,Food Allergen,Food Allergen,0.5625,0.9954,0.0046,True,True
358,0,0,Non-Allergen,Non-Allergen,Non-Allergen,Non-Allergen,0.9994999766349792,0.0005,0.9995,True,True
359,1,1,Allergen,Allergen,Mold/Fungal Allergen,Mold/Fungal Allergen,1.0,0.9999,1e-04,True,True
360,0,0,Non-Allergen,Non-Allergen,Non-Allergen,Non-Allergen,0.9297999739646912,0.0702,0.9298,True,True
361,1,1,Allergen,Allergen,Mold/Fungal Allergen,Mold/Fungal Allergen,1.0,1.0,0.0,True,True
362,0,0,Non-Allergen,Non-Allergen,Non-Allergen,Non-Allergen,0.9868999719619751,0.0131,0.9869,True,True
363,0,0,Non-Allergen,Non-Allergen,Non-Allergen,Non-Allergen,0.9925000071525574,0.0075,0.9925,True,True
364,0,0,Non-Allergen,Non-Allergen,Non-Allergen,Non-Allergen,0.9998999834060669,1e-04,0.9999,True,True
365,1,1,Allergen,Allergen,Mold/Fungal Allergen,Mold/Fungal Allergen,0.9975,0.9633,0.0367,True,True
366,0,0,Non-Allergen,Non-Allergen,Non-Allergen,Non-Allergen,0.9932000041007996,0.0068,0.9932,True,True
367,1,1,Allergen,Allergen,Latex Allergen,Latex Allergen,0.9425,0.9895,0.0105,True,True
368,0,0,Non-Allergen,Non-Allergen,Non-Allergen,Non-Allergen,0.9990000128746033,0.001,0.999,True,True
369,0,0,Non-Allergen,Non-Allergen,Non-Allergen,Non-Allergen,0.8062999844551086,0.1937,0.8063,True,True
370,0,0,Non-Allergen,Non-Allergen,Non-Allergen,Non-Allergen,0.9850000143051147,0.015,0.985,True,True
371,0,0,Non-Allergen,Non-Allergen,Non-Allergen,Non-Allergen,0.9818000197410583,0.0182,0.9818,True,True
372,0,0,Non-Allergen,Non-Allergen,Non-Allergen,Non-Allergen,0.7943000197410583,0.2057,0.7943,True,True
373,1,1,Allergen,Allergen,Pollen Allergen,Pollen Allergen,0.9725,0.959,0.041,True,True
374,0,0,Non-Allergen,Non-Allergen,Non-Allergen,Non-Allergen,0.9921000003814697,0.0079,0.9921,True,True
375,1,1,Allergen,Allergen,Food Allergen,Food Allergen,0.36,0.9889,0.0111,True,True
376,1,1,Allergen,Allergen,Mold/Fungal Allergen,Mold/Fungal Allergen,0.94,0.9984,0.0016,True,True
377,0,0,Non-Allergen,Non-Allergen,Non-Allergen,Non-Allergen,0.9991000294685364,0.0009,0.9991,True,True
378,0,0,Non-Allergen,Non-Allergen,Non-Allergen,Non-Allergen,0.9977999925613403,0.0022,0.9978,True,True
379,0,0,Non-Allergen,Non-Allergen,Non-Allergen,Non-Allergen,0.9663000106811523,0.0337,0.9663,True,True
380,1,0,Allergen,Non-Allergen,Dust Mite Allergen,Non-Allergen,0.8525000214576721,0.1475,0.8525,False,False
381,0,0,Non-Allergen,Non-Allergen,Non-Allergen,Non-Allergen,0.9945999979972839,0.0054,0.9946,True,True
382,1,1,Allergen,Allergen,Food Allergen,Food Allergen,1.0,0.9991,0.0009,True,True
383,0,0,Non-Allergen,Non-Allergen,Non-Allergen,Non-Allergen,0.9990000128746033,0.001,0.999,True,True
384,0,0,Non-Allergen,Non-Allergen,Non-Allergen,Non-Allergen,0.9993000030517578,0.0007,0.9993,True,True
385,0,0,Non-Allergen,Non-Allergen,Non-Allergen,Non-Allergen,0.9970999956130981,0.0029,0.9971,True,True
386,0,1,Non-Allergen,Allergen,Non-Allergen,Dust Mite Allergen,0.4125,0.5348,0.4652,False,False
387,1,1,Allergen,Allergen,Mold/Fungal Allergen,Mold/Fungal Allergen,1.0,1.0,0.0,True,True
388,1,1,Allergen,Allergen,Food Allergen,Venom Allergen,0.37,0.6313,0.3687,True,False
389,0,0,Non-Allergen,Non-Allergen,Non-Allergen,Non-Allergen,0.9986000061035156,0.0014,0.9986,True,True
390,0,0,Non-Allergen,Non-Allergen,Non-Allergen,Non-Allergen,0.9922999739646912,0.0077,0.9923,True,True
391,0,0,Non-Allergen,Non-Allergen,Non-Allergen,Non-Allergen,0.8169999718666077,0.183,0.817,True,True
392,0,0,Non-Allergen,Non-Allergen,Non-Allergen,Non-Allergen,0.9939000010490417,0.0061,0.9939,True,True
393,1,1,Allergen,Allergen,Venom Allergen,Venom Allergen,0.725,0.8565,0.1435,True,True
394,0,0,Non-Allergen,Non-Allergen,Non-Allergen,Non-Allergen,0.9997000098228455,0.0003,0.9997,True,True
395,0,1,Non-Allergen,Allergen,Non-Allergen,Dust Mite Allergen,0.385,0.7928,0.2072,False,False
396,0,0,Non-Allergen,Non-Allergen,Non-Allergen,Non-Allergen,0.9970999956130981,0.0029,0.9971,True,True
397,0,0,Non-Allergen,Non-Allergen,Non-Allergen,Non-Allergen,0.9682999849319458,0.0317,0.9683,True,True
398,0,0,Non-Allergen,Non-Allergen,Non-Allergen,Non-Allergen,0.9973999857902527,0.0026,0.9974,True,True
399,1,1,Allergen,Allergen,Food Allergen,Food Allergen,1.0,0.9926,0.0074,True,True
400,0,0,Non-Allergen,Non-Allergen,Non-Allergen,Non-Allergen,0.9413999915122986,0.0586,0.9414,True,True
401,1,1,Allergen,Allergen,Dust Mite Allergen,Dust Mite Allergen,1.0,0.9976,0.0024,True,True
402,1,1,Allergen,Allergen,Dust Mite Allergen,Dust Mite Allergen,0.8775,0.977,0.023,True,True
403,0,0,Non-Allergen,Non-Allergen,Non-Allergen,Non-Allergen,0.9972000122070312,0.0028,0.9972,True,True
404,1,1,Allergen,Allergen,Venom Allergen,Venom Allergen,1.0,0.9894,0.0106,True,True
405,0,0,Non-Allergen,Non-Allergen,Non-Allergen,Non-Allergen,0.9998999834060669,1e-04,0.9999,True,True
406,0,0,Non-Allergen,Non-Allergen,Non-Allergen,Non-Allergen,0.9907000064849854,0.0093,0.9907,True,True
407,1,1,Allergen,Allergen,Pollen Allergen,Pollen Allergen,1.0,0.9976,0.0024,True,True
408,1,1,Allergen,Allergen,Venom Allergen,Venom Allergen,0.78,0.8849,0.1151,True,True
409,1,1,Allergen,Allergen,Pollen Allergen,Pollen Allergen,0.475,0.9879,0.0121,True,True
410,0,0,Non-Allergen,Non-Allergen,Non-Allergen,Non-Allergen,0.7200999855995178,0.2799,0.7201,True,True
411,1,1,Allergen,Allergen,Dust Mite Allergen,Dust Mite Allergen,0.5025,0.8982,0.1018,True,True
412,0,0,Non-Allergen,Non-Allergen,Non-Allergen,Non-Allergen,0.9707000255584717,0.0293,0.9707,True,True
413,0,0,Non-Allergen,Non-Allergen,Non-Allergen,Non-Allergen,0.772599995136261,0.2274,0.7726,True,True
414,1,1,Allergen,Allergen,Dust Mite Allergen,Dust Mite Allergen,1.0,0.8998,0.1002,True,True
415,0,0,Non-Allergen,Non-Allergen,Non-Allergen,Non-Allergen,0.9987999796867371,0.0012,0.9988,True,True
416,0,0,Non-Allergen,Non-Allergen,Non-Allergen,Non-Allergen,0.9998999834060669,1e-04,0.9999,True,True
417,0,1,Non-Allergen,Allergen,Non-Allergen,Venom Allergen,0.405,0.5819,0.4181,False,False
418,1,1,Allergen,Allergen,Venom Allergen,Venom Allergen,0.8275,0.9978,0.0022,True,True
419,1,0,Allergen,Non-Allergen,Venom Allergen,Non-Allergen,0.8565999865531921,0.1434,0.8566,False,False
420,0,0,Non-Allergen,Non-Allergen,Non-Allergen,Non-Allergen,0.9943000078201294,0.0057,0.9943,True,True
421,0,0,Non-Allergen,Non-Allergen,Non-Allergen,Non-Allergen,0.9620000123977661,0.038,0.962,True,True
422,1,1,Allergen,Allergen,Mold/Fungal Allergen,Mold/Fungal Allergen,1.0,0.9998,0.0002,True,True
423,1,1,Allergen,Allergen,Food Allergen,Food Allergen,0.87,0.9983,0.0017,True,True
424,1,1,Allergen,Allergen,Latex Allergen,Latex Allergen,0.8475,0.9314,0.0687,True,True
425,0,0,Non-Allergen,Non-Allergen,Non-Allergen,Non-Allergen,0.9933000206947327,0.0067,0.9933,True,True
426,1,1,Allergen,Allergen,Food Allergen,Food Allergen,0.955,0.9939,0.0061,True,True
427,1,1,Allergen,Allergen,Food Allergen,Food Allergen,1.0,0.9991,0.0009,True,True
428,0,0,Non-Allergen,Non-Allergen,Non-Allergen,Non-Allergen,0.9667999744415283,0.0332,0.9668,True,True
429,0,0,Non-Allergen,Non-Allergen,Non-Allergen,Non-Allergen,0.9901000261306763,0.0099,0.9901,True,True
430,1,1,Allergen,Allergen,Dust Mite Allergen,Dust Mite Allergen,0.6575,0.7833,0.2167,True,True
431,1,1,Allergen,Allergen,Pollen Allergen,Pollen Allergen,0.5575,0.9928,0.0072,True,True
432,1,1,Allergen,Allergen,Venom Allergen,Venom Allergen,0.835,0.9992,0.0008,True,True
433,1,1,Allergen,Allergen,Pollen Allergen,Pollen Allergen,1.0,0.9934,0.0066,True,True
434,1,1,Allergen,Allergen,Food Allergen,Food Allergen,0.915,0.9756,0.0244,True,True
435,0,0,Non-Allergen,Non-Allergen,Non-Allergen,Non-Allergen,0.9247000217437744,0.0753,0.9247,True,True
436,1,0,Allergen,Non-Allergen,Venom Allergen,Non-Allergen,0.6344000101089478,0.3656,0.6344,False,False
437,0,0,Non-Allergen,Non-Allergen,Non-Allergen,Non-Allergen,0.9986000061035156,0.0014,0.9986,True,True
438,1,1,Allergen,Allergen,Mold/Fungal Allergen,Mold/Fungal Allergen,1.0,0.9999,1e-04,True,True
439,1,1,Allergen,Allergen,Mold/Fungal Allergen,Mold/Fungal Allergen,1.0,0.9992,0.0008,True,True
440,1,1,Allergen,Allergen,Venom Allergen,Venom Allergen,0.9925,0.9997,0.0003,True,True
441,1,1,Allergen,Allergen,Pollen Allergen,Pollen Allergen,1.0,0.979,0.021,True,True
442,0,0,Non-Allergen,Non-Allergen,Non-Allergen,Non-Allergen,0.9984999895095825,0.0015,0.9985,True,True
443,0,0,Non-Allergen,Non-Allergen,Non-Allergen,Non-Allergen,0.9973000288009644,0.0027,0.9973,True,True
444,1,0,Allergen,Non-Allergen,Venom Allergen,Non-Allergen,0.9556999802589417,0.0443,0.9557,False,False
445,1,1,Allergen,Allergen,Dust Mite Allergen,Dust Mite Allergen,1.0,0.9891,0.0109,True,True
446,0,0,Non-Allergen,Non-Allergen,Non-Allergen,Non-Allergen,0.9980999827384949,0.0019,0.9981,True,True
447,0,0,Non-Allergen,Non-Allergen,Non-Allergen,Non-Allergen,0.9882000088691711,0.0118,0.9882,True,True
448,0,0,Non-Allergen,Non-Allergen,Non-Allergen,Non-Allergen,0.9980000257492065,0.002,0.998,True,True
449,1,1,Allergen,Allergen,Latex Allergen,Latex Allergen,1.0,0.9996,0.0004,True,True
450,0,0,Non-Allergen,Non-Allergen,Non-Allergen,Non-Allergen,0.9890000224113464,0.011,0.989,True,True
451,0,0,Non-Allergen,Non-Allergen,Non-Allergen,Non-Allergen,0.9541000127792358,0.0459,0.9541,True,True
452,1,1,Allergen,Allergen,Mold/Fungal Allergen,Mold/Fungal Allergen,1.0,0.9999,1e-04,True,True
453,0,0,Non-Allergen,Non-Allergen,Non-Allergen,Non-Allergen,0.9995999932289124,0.0004,0.9996,True,True
454,0,0,Non-Allergen,Non-Allergen,Non-Allergen,Non-Allergen,0.9948999881744385,0.0051,0.9949,True,True
455,0,0,Non-Allergen,Non-Allergen,Non-Allergen,Non-Allergen,0.998199999332428,0.0018,0.9982,True,True
456,1,1,Allergen,Allergen,Dust Mite Allergen,Dust Mite Allergen,0.44,0.8871,0.1129,True,True
457,1,1,Allergen,Allergen,Venom Allergen,Food Allergen,0.435,0.8775,0.1225,True,False
458,0,0,Non-Allergen,Non-Allergen,Non-Allergen,Non-Allergen,0.9860000014305115,0.014,0.986,True,True
459,1,1,Allergen,Allergen,Pollen Allergen,Pollen Allergen,0.85,0.9875,0.0125,True,True
460,0,0,Non-Allergen,Non-Allergen,Non-Allergen,Non-Allergen,0.9923999905586243,0.0076,0.9924,True,True
461,0,0,Non-Allergen,Non-Allergen,Non-Allergen,Non-Allergen,0.9979000091552734,0.0021,0.9979,True,True
462,1,1,Allergen,Allergen,Venom Allergen,Venom Allergen,1.0,0.9974,0.0026,True,True
463,0,0,Non-Allergen,Non-Allergen,Non-Allergen,Non-Allergen,0.9955999851226807,0.0044,0.9956,True,True
464,0,0,Non-Allergen,Non-Allergen,Non-Allergen,Non-Allergen,0.6252999901771545,0.3747,0.6253,True,True
465,0,0,Non-Allergen,Non-Allergen,Non-Allergen,Non-Allergen,0.9990000128746033,0.001,0.999,True,True
466,0,0,Non-Allergen,Non-Allergen,Non-Allergen,Non-Allergen,0.9998999834060669,1e-04,0.9999,True,True
467,1,1,Allergen,Allergen,Dust Mite Allergen,Dust Mite Allergen,0.535,0.9966,0.0034,True,True
468,0,0,Non-Allergen,Non-Allergen,Non-Allergen,Non-Allergen,0.967199981212616,0.0328,0.9672,True,True
469,1,1,Allergen,Allergen,Venom Allergen,Venom Allergen,0.53,0.905,0.095,True,True
470,0,0,Non-Allergen,Non-Allergen,Non-Allergen,Non-Allergen,0.9764999747276306,0.0235,0.9765,True,True
471,1,1,Allergen,Allergen,Venom Allergen,Venom Allergen,0.975,0.9687,0.0313,True,True
472,1,1,Allergen,Allergen,Mold/Fungal Allergen,Mold/Fungal Allergen,1.0,1.0,0.0,True,True
473,0,0,Non-Allergen,Non-Allergen,Non-Allergen,Non-Allergen,0.9973999857902527,0.0026,0.9974,True,True
474,0,0,Non-Allergen,Non-Allergen,Non-Allergen,Non-Allergen,0.9998000264167786,0.0002,0.9998,True,True
475,0,0,Non-Allergen,Non-Allergen,Non-Allergen,Non-Allergen,0.9926999807357788,0.0073,0.9927,True,True
476,1,1,Allergen,Allergen,Dust Mite Allergen,Dust Mite Allergen,0.4575,0.9712,0.0288,True,True
477,0,0,Non-Allergen,Non-Allergen,Non-Allergen,Non-Allergen,0.9994999766349792,0.0005,0.9995,True,True
478,1,1,Allergen,Allergen,Pollen Allergen,Pollen Allergen,0.8575,0.9832,0.0168,True,True
479,0,0,Non-Allergen,Non-Allergen,Non-Allergen,Non-Allergen,0.5568000078201294,0.4432,0.5568,True,True
480,0,0,Non-Allergen,Non-Allergen,Non-Allergen,Non-Allergen,0.996999979019165,0.003,0.997,True,True
481,0,0,Non-Allergen,Non-Allergen,Non-Allergen,Non-Allergen,0.9926000237464905,0.0074,0.9926,True,True
482,1,1,Allergen,Allergen,Food Allergen,Food Allergen,0.625,0.9606,0.0394,True,True
483,0,0,Non-Allergen,Non-Allergen,Non-Allergen,Non-Allergen,0.906499981880188,0.0935,0.9065,True,True
484,0,0,Non-Allergen,Non-Allergen,Non-Allergen,Non-Allergen,0.996999979019165,0.003,0.997,True,True
485,1,1,Allergen,Allergen,Latex Allergen,Latex Allergen,0.955,0.9981,0.0019,True,True
486,0,0,Non-Allergen,Non-Allergen,Non-Allergen,Non-Allergen,0.9595000147819519,0.0405,0.9595,True,True
487,1,1,Allergen,Allergen,Food Allergen,Food Allergen,0.825,0.9988,0.0012,True,True
488,0,1,Non-Allergen,Allergen,Non-Allergen,Venom Allergen,0.39,0.6126,0.3874,False,False
489,1,1,Allergen,Allergen,Venom Allergen,Venom Allergen,0.7825,0.9724,0.0276,True,True
490,0,0,Non-Allergen,Non-Allergen,Non-Allergen,Non-Allergen,0.9939000010490417,0.0061,0.9939,True,True
491,0,0,Non-Allergen,Non-Allergen,Non-Allergen,Non-Allergen,0.9764000177383423,0.0236,0.9764,True,True
492,1,1,Allergen,Allergen,Mold/Fungal Allergen,Mold/Fungal Allergen,0.845,0.9997,0.0003,True,True
493,0,0,Non-Allergen,Non-Allergen,Non-Allergen,Non-Allergen,0.9952999949455261,0.0047,0.9953,True,True
494,1,1,Allergen,Allergen,Dust Mite Allergen,Dust Mite Allergen,0.98,0.9761,0.0239,True,True
495,0,0,Non-Allergen,Non-Allergen,Non-Allergen,Non-Allergen,0.9998000264167786,0.0002,0.9998,True,True
496,0,0,Non-Allergen,Non-Allergen,Non-Allergen,Non-Allergen,0.9839000105857849,0.0161,0.9839,True,True
497,0,0,Non-Allergen,Non-Allergen,Non-Allergen,Non-Allergen,0.8912000060081482,0.1088,0.8912,True,True
498,0,0,Non-Allergen,Non-Allergen,Non-Allergen,Non-Allergen,0.9919000267982483,0.0081,0.9919,True,True
499,0,0,Non-Allergen,Non-Allergen,Non-Allergen,Non-Allergen,0.9847000241279602,0.0153,0.9847,True,True
500,0,0,Non-Allergen,Non-Allergen,Non-Allergen,Non-Allergen,0.9962000250816345,0.0038,0.9962,True,True
501,1,1,Allergen,Allergen,Mold/Fungal Allergen,Mold/Fungal Allergen,0.9475,0.9764,0.0236,True,True
502,0,0,Non-Allergen,Non-Allergen,Non-Allergen,Non-Allergen,0.9997000098228455,0.0003,0.9997,True,True
503,1,1,Allergen,Allergen,Venom Allergen,Venom Allergen,0.76,0.7498,0.2502,True,True
504,0,0,Non-Allergen,Non-Allergen,Non-Allergen,Non-Allergen,0.9430999755859375,0.0569,0.9431,True,True
505,1,1,Allergen,Allergen,Pollen Allergen,Pollen Allergen,0.3925,0.9448,0.0552,True,True
506,0,0,Non-Allergen,Non-Allergen,Non-Allergen,Non-Allergen,0.9380999803543091,0.0619,0.9381,True,True
507,0,0,Non-Allergen,Non-Allergen,Non-Allergen,Non-Allergen,0.9984999895095825,0.0015,0.9985,True,True
508,0,0,Non-Allergen,Non-Allergen,Non-Allergen,Non-Allergen,0.781000018119812,0.219,0.781,True,True
509,0,0,Non-Allergen,Non-Allergen,Non-Allergen,Non-Allergen,0.978600025177002,0.0214,0.9786,True,True
510,0,0,Non-Allergen,Non-Allergen,Non-Allergen,Non-Allergen,0.9977999925613403,0.0022,0.9978,True,True
511,0,0,Non-Allergen,Non-Allergen,Non-Allergen,Non-Allergen,0.9781000018119812,0.0219,0.9781,True,True
512,1,1,Allergen,Allergen,Mold/Fungal Allergen,Mold/Fungal Allergen,1.0,0.9999,1e-04,True,True
513,0,0,Non-Allergen,Non-Allergen,Non-Allergen,Non-Allergen,0.9641000032424927,0.0359,0.9641,True,True
514,1,1,Allergen,Allergen,Dust Mite Allergen,Dust Mite Allergen,0.955,0.9285,0.0715,True,True
515,0,0,Non-Allergen,Non-Allergen,Non-Allergen,Non-Allergen,0.9524000287055969,0.0476,0.9524,True,True
516,0,0,Non-Allergen,Non-Allergen,Non-Allergen,Non-Allergen,0.6208999752998352,0.3791,0.6209,True,True
517,0,0,Non-Allergen,Non-Allergen,Non-Allergen,Non-Allergen,0.9850000143051147,0.015,0.985,True,True
518,1,1,Allergen,Allergen,Pollen Allergen,Pollen Allergen,0.8875,0.9917,0.0083,True,True
519,1,1,Allergen,Allergen,Pollen Allergen,Pollen Allergen,1.0,0.9949,0.0051,True,True
520,1,1,Allergen,Allergen,Venom Allergen,Venom Allergen,0.9575,0.9877,0.0123,True,True
521,1,1,Allergen,Allergen,Food Allergen,Food Allergen,0.6325,0.9984,0.0016,True,True
522,1,1,Allergen,Allergen,Mold/Fungal Allergen,Mold/Fungal Allergen,1.0,0.9998,0.0002,True,True
523,0,1,Non-Allergen,Allergen,Non-Allergen,Pollen Allergen,0.4675,0.8714,0.1286,False,False
524,0,0,Non-Allergen,Non-Allergen,Non-Allergen,Non-Allergen,0.9927999973297119,0.0072,0.9928,True,True
525,1,1,Allergen,Allergen,Mold/Fungal Allergen,Mold/Fungal Allergen,1.0,1.0,0.0,True,True
526,1,1,Allergen,Allergen,Pollen Allergen,Pollen Allergen,0.98,0.9917,0.0083,True,True
527,1,1,Allergen,Allergen,Dust Mite Allergen,Dust Mite Allergen,1.0,0.9907,0.0093,True,True
528,0,0,Non-Allergen,Non-Allergen,Non-Allergen,Non-Allergen,0.9419999718666077,0.058,0.942,True,True
529,1,1,Allergen,Allergen,Venom Allergen,Venom Allergen,0.9675,0.9986,0.0014,True,True
530,0,0,Non-Allergen,Non-Allergen,Non-Allergen,Non-Allergen,0.9458000063896179,0.0542,0.9458,True,True
531,0,0,Non-Allergen,Non-Allergen,Non-Allergen,Non-Allergen,0.9995999932289124,0.0004,0.9996,True,True
532,0,0,Non-Allergen,Non-Allergen,Non-Allergen,Non-Allergen,0.9998000264167786,0.0002,0.9998,True,True
533,1,1,Allergen,Allergen,Pollen Allergen,Pollen Allergen,0.9975,0.9944,0.0056,True,True
534,1,1,Allergen,Allergen,Mold/Fungal Allergen,Mold/Fungal Allergen,1.0,1.0,0.0,True,True
535,0,0,Non-Allergen,Non-Allergen,Non-Allergen,Non-Allergen,0.9941999912261963,0.0058,0.9942,True,True
536,0,0,Non-Allergen,Non-Allergen,Non-Allergen,Non-Allergen,0.9995999932289124,0.0004,0.9996,True,True
537,1,1,Allergen,Allergen,Food Allergen,Food Allergen,0.945,0.8248,0.1752,True,True
538,1,1,Allergen,Allergen,Mold/Fungal Allergen,Mold/Fungal Allergen,1.0,1.0,0.0,True,True
539,0,0,Non-Allergen,Non-Allergen,Non-Allergen,Non-Allergen,0.9994999766349792,0.0005,0.9995,True,True
540,1,1,Allergen,Allergen,Food Allergen,Food Allergen,1.0,0.9636,0.0364,True,True
541,0,0,Non-Allergen,Non-Allergen,Non-Allergen,Non-Allergen,0.9965999722480774,0.0034,0.9966,True,True
542,1,1,Allergen,Allergen,Mold/Fungal Allergen,Mold/Fungal Allergen,1.0,1.0,0.0,True,True
543,0,0,Non-Allergen,Non-Allergen,Non-Allergen,Non-Allergen,0.8059999942779541,0.194,0.806,True,True
544,0,0,Non-Allergen,Non-Allergen,Non-Allergen,Non-Allergen,0.6485999822616577,0.3514,0.6486,True,True
545,1,1,Allergen,Allergen,Pollen Allergen,Pollen Allergen,1.0,0.9838,0.0162,True,True
546,1,1,Allergen,Allergen,Food Allergen,Food Allergen,0.9825,0.9856,0.0144,True,True
547,0,0,Non-Allergen,Non-Allergen,Non-Allergen,Non-Allergen,0.9983000159263611,0.0017,0.9983,True,True
548,1,1,Allergen,Allergen,Food Allergen,Food Allergen,0.7625,0.927,0.073,True,True
549,0,0,Non-Allergen,Non-Allergen,Non-Allergen,Non-Allergen,0.9973000288009644,0.0027,0.9973,True,True
550,0,0,Non-Allergen,Non-Allergen,Non-Allergen,Non-Allergen,0.9713000059127808,0.0287,0.9713,True,True
551,0,0,Non-Allergen,Non-Allergen,Non-Allergen,Non-Allergen,0.9890000224113464,0.011,0.989,True,True
552,1,0,Allergen,Non-Allergen,Venom Allergen,Non-Allergen,0.8930000066757202,0.107,0.893,False,False
553,1,1,Allergen,Allergen,Pollen Allergen,Pollen Allergen,1.0,0.9927,0.0073,True,True
554,0,0,Non-Allergen,Non-Allergen,Non-Allergen,Non-Allergen,0.9980999827384949,0.0019,0.9981,True,True
555,0,0,Non-Allergen,Non-Allergen,Non-Allergen,Non-Allergen,0.9911999702453613,0.0088,0.9912,True,True
556,0,0,Non-Allergen,Non-Allergen,Non-Allergen,Non-Allergen,0.9891999959945679,0.0108,0.9892,True,True
557,1,0,Allergen,Non-Allergen,Pollen Allergen,Non-Allergen,0.5835000276565552,0.4165,0.5835,False,False
558,1,1,Allergen,Allergen,Dust Mite Allergen,Dust Mite Allergen,0.7775,0.9057,0.0943,True,True
559,0,0,Non-Allergen,Non-Allergen,Non-Allergen,Non-Allergen,0.9980999827384949,0.0019,0.9981,True,True
560,1,1,Allergen,Allergen,Pollen Allergen,Pollen Allergen,0.5975,0.9342,0.0658,True,True
561,0,0,Non-Allergen,Non-Allergen,Non-Allergen,Non-Allergen,0.95660001039505,0.0434,0.9566,True,True
562,1,1,Allergen,Allergen,Food Allergen,Food Allergen,0.9675,0.9185,0.0815,True,True
563,1,1,Allergen,Allergen,Food Allergen,Food Allergen,0.495,0.6226,0.3774,True,True
564,1,1,Allergen,Allergen,Mold/Fungal Allergen,Mold/Fungal Allergen,0.99,0.9998,0.0002,True,True
565,0,0,Non-Allergen,Non-Allergen,Non-Allergen,Non-Allergen,0.9983999729156494,0.0016,0.9984,True,True
566,1,1,Allergen,Allergen,Pollen Allergen,Pollen Allergen,0.94,0.983,0.017,True,True
567,1,1,Allergen,Allergen,Food Allergen,Food Allergen,1.0,0.9995,0.0005,True,True
568,0,0,Non-Allergen,Non-Allergen,Non-Allergen,Non-Allergen,0.6617000102996826,0.3383,0.6617,True,True
569,0,0,Non-Allergen,Non-Allergen,Non-Allergen,Non-Allergen,0.9854999780654907,0.0145,0.9855,True,True
570,0,0,Non-Allergen,Non-Allergen,Non-Allergen,Non-Allergen,0.9955000281333923,0.0045,0.9955,True,True
571,1,1,Allergen,Allergen,Mold/Fungal Allergen,Mold/Fungal Allergen,1.0,0.9998,0.0002,True,True
572,1,1,Allergen,Allergen,Food Allergen,Food Allergen,0.98,0.987,0.013,True,True
573,0,0,Non-Allergen,Non-Allergen,Non-Allergen,Non-Allergen,0.9269999861717224,0.073,0.927,True,True
574,0,0,Non-Allergen,Non-Allergen,Non-Allergen,Non-Allergen,0.9541000127792358,0.0459,0.9541,True,True
575,1,1,Allergen,Allergen,Pollen Allergen,Pollen Allergen,1.0,0.9831,0.0169,True,True
576,1,1,Allergen,Allergen,Mold/Fungal Allergen,Mold/Fungal Allergen,1.0,0.9999,1e-04,True,True
577,0,0,Non-Allergen,Non-Allergen,Non-Allergen,Non-Allergen,0.9355000257492065,0.0645,0.9355,True,True
578,0,0,Non-Allergen,Non-Allergen,Non-Allergen,Non-Allergen,0.9998999834060669,1e-04,0.9999,True,True
579,1,1,Allergen,Allergen,Dust Mite Allergen,Dust Mite Allergen,0.5225,0.9617,0.0383,True,True
580,1,1,Allergen,Allergen,Dust Mite Allergen,Dust Mite Allergen,0.5075,0.9953,0.0047,True,True
581,0,0,Non-Allergen,Non-Allergen,Non-Allergen,Non-Allergen,0.9753000140190125,0.0247,0.9753,True,True
582,1,1,Allergen,Allergen,Venom Allergen,Venom Allergen,0.905,0.9966,0.0034,True,True
583,1,1,Allergen,Allergen,Pollen Allergen,Pollen Allergen,0.7375,0.9821,0.0179,True,True
584,0,0,Non-Allergen,Non-Allergen,Non-Allergen,Non-Allergen,0.9998999834060669,1e-04,0.9999,True,True
585,0,0,Non-Allergen,Non-Allergen,Non-Allergen,Non-Allergen,0.5084999799728394,0.4915,0.5085,True,True
586,0,0,Non-Allergen,Non-Allergen,Non-Allergen,Non-Allergen,0.9991999864578247,0.0008,0.9992,True,True
587,0,1,Non-Allergen,Allergen,Non-Allergen,Pollen Allergen,0.3525,0.9069,0.0931,False,False
588,0,0,Non-Allergen,Non-Allergen,Non-Allergen,Non-Allergen,0.9998000264167786,0.0002,0.9998,True,True
589,1,1,Allergen,Allergen,Venom Allergen,Venom Allergen,0.585,0.8267,0.1733,True,True
590,1,1,Allergen,Allergen,Food Allergen,Food Allergen,0.57,0.9987,0.0013,True,True
591,1,1,Allergen,Allergen,Pollen Allergen,Pollen Allergen,1.0,0.9965,0.0035,True,True
592,0,0,Non-Allergen,Non-Allergen,Non-Allergen,Non-Allergen,0.9617999792098999,0.0382,0.9618,True,True
593,1,1,Allergen,Allergen,Pollen Allergen,Pollen Allergen,0.725,0.982,0.018,True,True
594,0,0,Non-Allergen,Non-Allergen,Non-Allergen,Non-Allergen,0.9965999722480774,0.0034,0.9966,True,True
595,1,1,Allergen,Allergen,Pollen Allergen,Pollen Allergen,0.3275,0.6652,0.3348,True,True
596,0,0,Non-Allergen,Non-Allergen,Non-Allergen,Non-Allergen,0.9998000264167786,0.0002,0.9998,True,True
597,0,0,Non-Allergen,Non-Allergen,Non-Allergen,Non-Allergen,0.5180000066757202,0.482,0.518,True,True
598,1,1,Allergen,Allergen,Dust Mite Allergen,Dust Mite Allergen,1.0,0.9816,0.0184,True,True
599,0,0,Non-Allergen,Non-Allergen,Non-Allergen,Non-Allergen,0.9614999890327454,0.0385,0.9615,True,True
600,1,1,Allergen,Allergen,Food Allergen,Food Allergen,1.0,0.9909,0.0091,True,True
601,1,1,Allergen,Allergen,Dust Mite Allergen,Dust Mite Allergen,0.4175,0.9498,0.0502,True,True
602,1,1,Allergen,Allergen,Mold/Fungal Allergen,Mold/Fungal Allergen,1.0,0.9999,1e-04,True,True
603,1,1,Allergen,Allergen,Venom Allergen,Venom Allergen,0.8775,0.971,0.029,True,True
604,0,0,Non-Allergen,Non-Allergen,Non-Allergen,Non-Allergen,0.7254999876022339,0.2745,0.7255,True,True
605,0,0,Non-Allergen,Non-Allergen,Non-Allergen,Non-Allergen,0.9377999901771545,0.0622,0.9378,True,True
606,1,1,Allergen,Allergen,Dust Mite Allergen,Dust Mite Allergen,0.4825,0.9555,0.0445,True,True
607,0,0,Non-Allergen,Non-Allergen,Non-Allergen,Non-Allergen,0.9397000074386597,0.0603,0.9397,True,True
608,0,1,Non-Allergen,Allergen,Non-Allergen,Pollen Allergen,0.3025,0.6949,0.3051,False,False
609,1,1,Allergen,Allergen,Mold/Fungal Allergen,Mold/Fungal Allergen,1.0,1.0,0.0,True,True
610,1,1,Allergen,Allergen,Food Allergen,Food Allergen,1.0,0.9998,0.0002,True,True
611,0,0,Non-Allergen,Non-Allergen,Non-Allergen,Non-Allergen,0.9958999752998352,0.0041,0.9959,True,True
612,0,0,Non-Allergen,Non-Allergen,Non-Allergen,Non-Allergen,0.9980000257492065,0.002,0.998,True,True
613,1,1,Allergen,Allergen,Pollen Allergen,Pollen Allergen,0.995,0.9673,0.0327,True,True
614,0,0,Non-Allergen,Non-Allergen,Non-Allergen,Non-Allergen,0.9983000159263611,0.0017,0.9983,True,True
615,1,1,Allergen,Allergen,Pollen Allergen,Pollen Allergen,0.8575,0.986,0.014,True,True
616,0,0,Non-Allergen,Non-Allergen,Non-Allergen,Non-Allergen,0.9700999855995178,0.0299,0.9701,True,True
617,0,0,Non-Allergen,Non-Allergen,Non-Allergen,Non-Allergen,0.9794999957084656,0.0205,0.9795,True,True
618,0,0,Non-Allergen,Non-Allergen,Non-Allergen,Non-Allergen,0.9983999729156494,0.0016,0.9984,True,True
619,1,1,Allergen,Allergen,Dust Mite Allergen,Dust Mite Allergen,1.0,0.9901,0.0099,True,True
620,1,1,Allergen,Allergen,Food Allergen,Food Allergen,0.88,0.995,0.005,True,True
621,1,1,Allergen,Allergen,Pollen Allergen,Pollen Allergen,0.81,0.987,0.013,True,True
622,0,0,Non-Allergen,Non-Allergen,Non-Allergen,Non-Allergen,0.9994999766349792,0.0005,0.9995,True,True
623,0,0,Non-Allergen,Non-Allergen,Non-Allergen,Non-Allergen,0.9884999990463257,0.0115,0.9885,True,True
624,0,0,Non-Allergen,Non-Allergen,Non-Allergen,Non-Allergen,0.9927999973297119,0.0072,0.9928,True,True
625,0,0,Non-Allergen,Non-Allergen,Non-Allergen,Non-Allergen,0.9613999724388123,0.0386,0.9614,True,True
626,0,0,Non-Allergen,Non-Allergen,Non-Allergen,Non-Allergen,0.9740999937057495,0.0259,0.9741,True,True
627,0,0,Non-Allergen,Non-Allergen,Non-Allergen,Non-Allergen,0.9930999875068665,0.0069,0.9931,True,True
628,0,0,Non-Allergen,Non-Allergen,Non-Allergen,Non-Allergen,0.9803000092506409,0.0197,0.9803,True,True
629,1,1,Allergen,Allergen,Food Allergen,Food Allergen,0.78,0.9934,0.0066,True,True
630,0,0,Non-Allergen,Non-Allergen,Non-Allergen,Non-Allergen,0.9991999864578247,0.0008,0.9992,True,True
631,1,0,Allergen,Non-Allergen,Food Allergen,Non-Allergen,0.9190000295639038,0.081,0.919,False,False
632,1,1,Allergen,Allergen,Pollen Allergen,Pollen Allergen,1.0,0.9978,0.0022,True,True
633,1,1,Allergen,Allergen,Dust Mite Allergen,Dust Mite Allergen,1.0,0.9597,0.0403,True,True
634,1,1,Allergen,Allergen,Pollen Allergen,Pollen Allergen,0.545,0.9285,0.0715,True,True
635,1,1,Allergen,Allergen,Mold/Fungal Allergen,Mold/Fungal Allergen,1.0,0.9998,0.0002,True,True
636,1,1,Allergen,Allergen,Food Allergen,Food Allergen,0.635,0.9949,0.0051,True,True
637,1,1,Allergen,Allergen,Pollen Allergen,Pollen Allergen,0.5325,0.9922,0.0078,True,True
638,0,0,Non-Allergen,Non-Allergen,Non-Allergen,Non-Allergen,0.9998999834060669,1e-04,0.9999,True,True
639,0,0,Non-Allergen,Non-Allergen,Non-Allergen,Non-Allergen,0.9945999979972839,0.0054,0.9946,True,True
640,0,1,Non-Allergen,Allergen,Non-Allergen,Pollen Allergen,0.32,0.872,0.128,False,False
641,1,1,Allergen,Allergen,Venom Allergen,Venom Allergen,0.955,0.9986,0.0014,True,True
642,1,1,Allergen,Allergen,Mold/Fungal Allergen,Mold/Fungal Allergen,1.0,0.9996,0.0004,True,True
643,0,0,Non-Allergen,Non-Allergen,Non-Allergen,Non-Allergen,0.9973000288009644,0.0027,0.9973,True,True
644,0,0,Non-Allergen,Non-Allergen,Non-Allergen,Non-Allergen,0.9991999864578247,0.0008,0.9992,True,True
645,0,0,Non-Allergen,Non-Allergen,Non-Allergen,Non-Allergen,0.9994000196456909,0.0006,0.9994,True,True
646,1,1,Allergen,Allergen,Pollen Allergen,Pollen Allergen,1.0,0.9978,0.0022,True,True
647,0,0,Non-Allergen,Non-Allergen,Non-Allergen,Non-Allergen,0.5544999837875366,0.4455,0.5545,True,True
648,1,1,Allergen,Allergen,Dust Mite Allergen,Dust Mite Allergen,0.8225,0.9974,0.0026,True,True
649,1,1,Allergen,Allergen,Pollen Allergen,Pollen Allergen,0.8475,0.9904,0.0096,True,True
650,0,0,Non-Allergen,Non-Allergen,Non-Allergen,Non-Allergen,0.9941999912261963,0.0058,0.9942,True,True
651,1,1,Allergen,Allergen,Venom Allergen,Venom Allergen,0.8175,0.9966,0.0034,True,True
652,1,0,Allergen,Non-Allergen,Latex Allergen,Non-Allergen,0.6014000177383423,0.3986,0.6014,False,False
653,0,0,Non-Allergen,Non-Allergen,Non-Allergen,Non-Allergen,0.9376000165939331,0.0624,0.9376,True,True
654,0,1,Non-Allergen,Allergen,Non-Allergen,Pollen Allergen,0.3875,0.8683,0.1317,False,False
655,0,0,Non-Allergen,Non-Allergen,Non-Allergen,Non-Allergen,0.9987000226974487,0.0013,0.9987,True,True
656,0,0,Non-Allergen,Non-Allergen,Non-Allergen,Non-Allergen,0.9983999729156494,0.0016,0.9984,True,True
657,1,1,Allergen,Allergen,Food Allergen,Food Allergen,0.515,0.6293,0.3707,True,True
658,0,0,Non-Allergen,Non-Allergen,Non-Allergen,Non-Allergen,0.9970999956130981,0.0029,0.9971,True,True
659,1,1,Allergen,Allergen,Food Allergen,Food Allergen,1.0,0.9977,0.0023,True,True
660,1,1,Allergen,Allergen,Mold/Fungal Allergen,Venom Allergen,0.2325,0.8196,0.1804,True,False
661,1,1,Allergen,Allergen,Pollen Allergen,Pollen Allergen,0.735,0.9925,0.0075,True,True
662,1,1,Allergen,Allergen,Food Allergen,Food Allergen,0.3825,0.5942,0.4058,True,True
663,1,1,Allergen,Allergen,Pollen Allergen,Pollen Allergen,0.9525,0.9836,0.0164,True,True
664,1,1,Allergen,Allergen,Pollen Allergen,Dust Mite Allergen,0.55,0.9699,0.0301,True,False
665,0,0,Non-Allergen,Non-Allergen,Non-Allergen,Non-Allergen,0.9948999881744385,0.0051,0.9949,True,True
666,1,0,Allergen,Non-Allergen,Food Allergen,Non-Allergen,0.550599992275238,0.4494,0.5506,False,False
667,0,0,Non-Allergen,Non-Allergen,Non-Allergen,Non-Allergen,0.9991000294685364,0.0009,0.9991,True,True
668,1,0,Allergen,Non-Allergen,Food Allergen,Non-Allergen,0.7071999907493591,0.2928,0.7072,False,False
669,0,1,Non-Allergen,Allergen,Non-Allergen,Food Allergen,0.385,0.5231,0.4769,False,False
670,0,0,Non-Allergen,Non-Allergen,Non-Allergen,Non-Allergen,0.9925000071525574,0.0075,0.9925,True,True
671,0,0,Non-Allergen,Non-Allergen,Non-Allergen,Non-Allergen,0.9908999800682068,0.0091,0.9909,True,True
672,0,0,Non-Allergen,Non-Allergen,Non-Allergen,Non-Allergen,0.9787999987602234,0.0212,0.9788,True,True
673,0,0,Non-Allergen,Non-Allergen,Non-Allergen,Non-Allergen,0.947700023651123,0.0523,0.9477,True,True
674,0,0,Non-Allergen,Non-Allergen,Non-Allergen,Non-Allergen,0.9567000269889832,0.0433,0.9567,True,True
675,1,1,Allergen,Allergen,Dust Mite Allergen,Dust Mite Allergen,0.4025,0.9916,0.0084,True,True
676,0,0,Non-Allergen,Non-Allergen,Non-Allergen,Non-Allergen,0.9966999888420105,0.0033,0.9967,True,True
677,0,0,Non-Allergen,Non-Allergen,Non-Allergen,Non-Allergen,0.9990000128746033,0.001,0.999,True,True
678,1,1,Allergen,Allergen,Food Allergen,Food Allergen,0.945,0.9657,0.0343,True,True
679,1,1,Allergen,Allergen,Venom Allergen,Venom Allergen,0.5775,0.8942,0.1058,True,True
680,0,0,Non-Allergen,Non-Allergen,Non-Allergen,Non-Allergen,0.9950000047683716,0.005,0.995,True,True
681,1,1,Allergen,Allergen,Dust Mite Allergen,Dust Mite Allergen,0.5175,0.9249,0.0751,True,True
682,1,1,Allergen,Allergen,Dust Mite Allergen,Dust Mite Allergen,0.6725,0.9692,0.0308,True,True
683,1,1,Allergen,Allergen,Venom Allergen,Venom Allergen,0.9625,0.9945,0.0055,True,True
684,1,1,Allergen,Allergen,Food Allergen,Food Allergen,0.9875,0.9638,0.0362,True,True
685,0,1,Non-Allergen,Allergen,Non-Allergen,Dust Mite Allergen,0.32,0.5323,0.4677,False,False
686,0,0,Non-Allergen,Non-Allergen,Non-Allergen,Non-Allergen,0.9962000250816345,0.0038,0.9962,True,True
687,1,1,Allergen,Allergen,Venom Allergen,Venom Allergen,0.695,0.9909,0.0091,True,True
688,0,0,Non-Allergen,Non-Allergen,Non-Allergen,Non-Allergen,0.9997000098228455,0.0003,0.9997,True,True
689,1,1,Allergen,Allergen,Pollen Allergen,Pollen Allergen,0.3125,0.8626,0.1374,True,True
690,1,1,Allergen,Allergen,Venom Allergen,Venom Allergen,0.82,0.9986,0.0014,True,True
691,1,1,Allergen,Allergen,Pollen Allergen,Pollen Allergen,0.9025,0.9991,0.0009,True,True
692,1,1,Allergen,Allergen,Pollen Allergen,Pollen Allergen,0.89,0.9946,0.0054,True,True
693,1,1,Allergen,Allergen,Mold/Fungal Allergen,Mold/Fungal Allergen,1.0,1.0,0.0,True,True
694,1,1,Allergen,Allergen,Pollen Allergen,Pollen Allergen,0.695,0.9815,0.0185,True,True
695,1,1,Allergen,Allergen,Mold/Fungal Allergen,Mold/Fungal Allergen,1.0,0.9997,0.0003,True,True
696,1,1,Allergen,Allergen,Pollen Allergen,Pollen Allergen,0.97,0.9979,0.0021,True,True
697,0,0,Non-Allergen,Non-Allergen,Non-Allergen,Non-Allergen,0.9962999820709229,0.0037,0.9963,True,True
698,1,1,Allergen,Allergen,Mold/Fungal Allergen,Mold/Fungal Allergen,1.0,1.0,0.0,True,True
699,1,1,Allergen,Allergen,Venom Allergen,Venom Allergen,0.7525,0.9935,0.0065,True,True
700,1,1,Allergen,Allergen,Venom Allergen,Venom Allergen,0.73,0.9119,0.0881,True,True
701,1,1,Allergen,Allergen,Food Allergen,Food Allergen,0.4975,0.6834,0.3166,True,True
702,0,0,Non-Allergen,Non-Allergen,Non-Allergen,Non-Allergen,0.9987000226974487,0.0013,0.9987,True,True
703,1,1,Allergen,Allergen,Food Allergen,Food Allergen,1.0,0.9907,0.0093,True,True
704,0,0,Non-Allergen,Non-Allergen,Non-Allergen,Non-Allergen,0.5103999972343445,0.4896,0.5104,True,True
705,1,1,Allergen,Allergen,Pollen Allergen,Pollen Allergen,0.71,0.8927,0.1073,True,True
706,0,0,Non-Allergen,Non-Allergen,Non-Allergen,Non-Allergen,0.632099986076355,0.3679,0.6321,True,True
707,0,0,Non-Allergen,Non-Allergen,Non-Allergen,Non-Allergen,0.9986000061035156,0.0014,0.9986,True,True
708,1,1,Allergen,Allergen,Food Allergen,Food Allergen,0.9975,0.7799,0.2201,True,True
709,0,0,Non-Allergen,Non-Allergen,Non-Allergen,Non-Allergen,0.9628999829292297,0.0371,0.9629,True,True
710,1,1,Allergen,Allergen,Pollen Allergen,Pollen Allergen,0.8725,0.987,0.013,True,True
711,1,1,Allergen,Allergen,Dust Mite Allergen,Dust Mite Allergen,0.7075,0.9819,0.0181,True,True
712,1,1,Allergen,Allergen,Food Allergen,Food Allergen,1.0,0.9947,0.0053,True,True
713,1,1,Allergen,Allergen,Food Allergen,Food Allergen,0.7525,0.9678,0.0322,True,True
714,1,1,Allergen,Allergen,Venom Allergen,Venom Allergen,0.9825,0.9982,0.0018,True,True
715,1,1,Allergen,Allergen,Dust Mite Allergen,Dust Mite Allergen,1.0,0.9357,0.0643,True,True
716,1,1,Allergen,Allergen,Venom Allergen,Venom Allergen,0.6275,0.9242,0.0758,True,True
717,0,0,Non-Allergen,Non-Allergen,Non-Allergen,Non-Allergen,0.9990000128746033,0.001,0.999,True,True
718,0,0,Non-Allergen,Non-Allergen,Non-Allergen,Non-Allergen,0.9976000189781189,0.0024,0.9976,True,True
719,1,1,Allergen,Allergen,Dust Mite Allergen,Dust Mite Allergen,0.985,0.9239,0.0761,True,True
720,0,0,Non-Allergen,Non-Allergen,Non-Allergen,Non-Allergen,0.989300012588501,0.0107,0.9893,True,True
721,0,0,Non-Allergen,Non-Allergen,Non-Allergen,Non-Allergen,0.9897000193595886,0.0103,0.9897,True,True
722,0,0,Non-Allergen,Non-Allergen,Non-Allergen,Non-Allergen,0.9987000226974487,0.0013,0.9987,True,True
723,0,0,Non-Allergen,Non-Allergen,Non-Allergen,Non-Allergen,0.8126000165939331,0.1874,0.8126,True,True
724,0,0,Non-Allergen,Non-Allergen,Non-Allergen,Non-Allergen,0.9699000120162964,0.0301,0.9699,True,True
725,0,0,Non-Allergen,Non-Allergen,Non-Allergen,Non-Allergen,0.5425999760627747,0.4574,0.5426,True,True
726,0,0,Non-Allergen,Non-Allergen,Non-Allergen,Non-Allergen,0.9642999768257141,0.0357,0.9643,True,True
727,0,0,Non-Allergen,Non-Allergen,Non-Allergen,Non-Allergen,0.9948999881744385,0.0051,0.9949,True,True
728,0,0,Non-Allergen,Non-Allergen,Non-Allergen,Non-Allergen,0.9998999834060669,1e-04,0.9999,True,True
729,1,1,Allergen,Allergen,Latex Allergen,Latex Allergen,1.0,0.9996,0.0004,True,True
730,1,1,Allergen,Allergen,Venom Allergen,Venom Allergen,1.0,0.9283,0.0717,True,True
731,1,1,Allergen,Allergen,Dust Mite Allergen,Dust Mite Allergen,0.4775,0.8464,0.1536,True,True
732,1,0,Allergen,Non-Allergen,Venom Allergen,Non-Allergen,0.5631999969482422,0.4368,0.5632,False,False
733,0,0,Non-Allergen,Non-Allergen,Non-Allergen,Non-Allergen,0.9944000244140625,0.0056,0.9944,True,True
734,0,0,Non-Allergen,Non-Allergen,Non-Allergen,Non-Allergen,0.9739999771118164,0.026,0.974,True,True
735,0,0,Non-Allergen,Non-Allergen,Non-Allergen,Non-Allergen,0.8424999713897705,0.1575,0.8425,True,True
736,1,1,Allergen,Allergen,Pollen Allergen,Pollen Allergen,1.0,0.9977,0.0023,True,True
737,0,0,Non-Allergen,Non-Allergen,Non-Allergen,Non-Allergen,0.7340999841690063,0.2659,0.7341,True,True
738,0,0,Non-Allergen,Non-Allergen,Non-Allergen,Non-Allergen,0.987500011920929,0.0125,0.9875,True,True
739,1,1,Allergen,Allergen,Venom Allergen,Venom Allergen,0.8575,0.9965,0.0035,True,True
740,0,0,Non-Allergen,Non-Allergen,Non-Allergen,Non-Allergen,0.9993000030517578,0.0007,0.9993,True,True
741,0,0,Non-Allergen,Non-Allergen,Non-Allergen,Non-Allergen,0.9998999834060669,1e-04,0.9999,True,True
742,0,0,Non-Allergen,Non-Allergen,Non-Allergen,Non-Allergen,0.9854999780654907,0.0145,0.9855,True,True
743,0,0,Non-Allergen,Non-Allergen,Non-Allergen,Non-Allergen,0.9415000081062317,0.0585,0.9415,True,True
744,0,0,Non-Allergen,Non-Allergen,Non-Allergen,Non-Allergen,0.9994000196456909,0.0006,0.9994,True,True
745,0,0,Non-Allergen,Non-Allergen,Non-Allergen,Non-Allergen,0.7434999942779541,0.2565,0.7435,True,True
746,1,1,Allergen,Allergen,Venom Allergen,Venom Allergen,0.47,0.9722,0.0278,True,True
747,0,0,Non-Allergen,Non-Allergen,Non-Allergen,Non-Allergen,0.9803000092506409,0.0197,0.9803,True,True
748,1,1,Allergen,Allergen,Pollen Allergen,Pollen Allergen,1.0,0.9941,0.0059,True,True
749,0,0,Non-Allergen,Non-Allergen,Non-Allergen,Non-Allergen,0.9925000071525574,0.0075,0.9925,True,True
750,1,1,Allergen,Allergen,Food Allergen,Food Allergen,0.9825,0.9997,0.0003,True,True
751,1,1,Allergen,Allergen,Mold/Fungal Allergen,Mold/Fungal Allergen,1.0,0.9998,0.0002,True,True
752,0,0,Non-Allergen,Non-Allergen,Non-Allergen,Non-Allergen,0.9925000071525574,0.0075,0.9925,True,True
753,0,0,Non-Allergen,Non-Allergen,Non-Allergen,Non-Allergen,0.9959999918937683,0.004,0.996,True,True
754,0,0,Non-Allergen,Non-Allergen,Non-Allergen,Non-Allergen,0.920799970626831,0.0792,0.9208,True,True
755,0,0,Non-Allergen,Non-Allergen,Non-Allergen,Non-Allergen,0.9864000082015991,0.0136,0.9864,True,True
756,0,0,Non-Allergen,Non-Allergen,Non-Allergen,Non-Allergen,0.9082000255584717,0.0918,0.9082,True,True
757,0,0,Non-Allergen,Non-Allergen,Non-Allergen,Non-Allergen,0.9991000294685364,0.0009,0.9991,True,True
758,1,1,Allergen,Allergen,Food Allergen,Food Allergen,0.945,0.9072,0.0928,True,True
759,0,0,Non-Allergen,Non-Allergen,Non-Allergen,Non-Allergen,0.609499990940094,0.3905,0.6095,True,True
760,0,0,Non-Allergen,Non-Allergen,Non-Allergen,Non-Allergen,0.9898999929428101,0.0101,0.9899,True,True
761,0,0,Non-Allergen,Non-Allergen,Non-Allergen,Non-Allergen,0.9785000085830688,0.0215,0.9785,True,True
762,0,0,Non-Allergen,Non-Allergen,Non-Allergen,Non-Allergen,0.8203999996185303,0.1796,0.8204,True,True
763,0,0,Non-Allergen,Non-Allergen,Non-Allergen,Non-Allergen,0.9785000085830688,0.0215,0.9785,True,True
764,0,1,Non-Allergen,Allergen,Non-Allergen,Pollen Allergen,0.3975,0.6687,0.3313,False,False
765,1,1,Allergen,Allergen,Food Allergen,Food Allergen,0.8275,0.9651,0.0349,True,True
766,0,0,Non-Allergen,Non-Allergen,Non-Allergen,Non-Allergen,0.9958999752998352,0.0041,0.9959,True,True
767,0,0,Non-Allergen,Non-Allergen,Non-Allergen,Non-Allergen,0.9661999940872192,0.0338,0.9662,True,True
768,0,0,Non-Allergen,Non-Allergen,Non-Allergen,Non-Allergen,0.9652000069618225,0.0348,0.9652,True,True
769,0,0,Non-Allergen,Non-Allergen,Non-Allergen,Non-Allergen,0.9998999834060669,1e-04,0.9999,True,True
770,0,0,Non-Allergen,Non-Allergen,Non-Allergen,Non-Allergen,0.9994999766349792,0.0005,0.9995,True,True
771,0,0,Non-Allergen,Non-Allergen,Non-Allergen,Non-Allergen,0.9308000206947327,0.0692,0.9308,True,True
772,1,1,Allergen,Allergen,Venom Allergen,Venom Allergen,0.95,0.9575,0.0425,True,True
773,0,0,Non-Allergen,Non-Allergen,Non-Allergen,Non-Allergen,0.9911999702453613,0.0088,0.9912,True,True
774,0,0,Non-Allergen,Non-Allergen,Non-Allergen,Non-Allergen,0.9926000237464905,0.0074,0.9926,True,True
775,0,0,Non-Allergen,Non-Allergen,Non-Allergen,Non-Allergen,0.7634000182151794,0.2366,0.7634,True,True
776,1,1,Allergen,Allergen,Venom Allergen,Venom Allergen,0.9675,0.998,0.002,True,True
777,0,0,Non-Allergen,Non-Allergen,Non-Allergen,Non-Allergen,0.9807999730110168,0.0192,0.9808,True,True
778,0,0,Non-Allergen,Non-Allergen,Non-Allergen,Non-Allergen,0.9441999793052673,0.0558,0.9442,True,True
779,0,0,Non-Allergen,Non-Allergen,Non-Allergen,Non-Allergen,0.9990000128746033,0.001,0.999,True,True
780,1,1,Allergen,Allergen,Dust Mite Allergen,Dust Mite Allergen,0.8775,0.9378,0.0622,True,True
781,0,0,Non-Allergen,Non-Allergen,Non-Allergen,Non-Allergen,0.9908000230789185,0.0092,0.9908,True,True
782,1,1,Allergen,Allergen,Mold/Fungal Allergen,Mold/Fungal Allergen,0.795,0.9945,0.0055,True,True
783,0,0,Non-Allergen,Non-Allergen,Non-Allergen,Non-Allergen,0.9886000156402588,0.0114,0.9886,True,True
784,1,1,Allergen,Allergen,Mold/Fungal Allergen,Mold/Fungal Allergen,1.0,0.9998,0.0002,True,True
785,1,1,Allergen,Allergen,Food Allergen,Food Allergen,1.0,0.9987,0.0013,True,True
786,1,1,Allergen,Allergen,Pollen Allergen,Pollen Allergen,1.0,0.999,0.001,True,True
787,1,1,Allergen,Allergen,Food Allergen,Food Allergen,0.8775,0.9982,0.0018,True,True
788,1,1,Allergen,Allergen,Pollen Allergen,Pollen Allergen,1.0,0.9986,0.0014,True,True
789,1,1,Allergen,Allergen,Pollen Allergen,Pollen Allergen,0.65,0.9638,0.0362,True,True
790,1,1,Allergen,Allergen,Food Allergen,Food Allergen,0.985,0.99,0.01,True,True
791,1,1,Allergen,Allergen,Dust Mite Allergen,Dust Mite Allergen,0.9975,0.9987,0.0013,True,True
792,1,1,Allergen,Allergen,Pollen Allergen,Pollen Allergen,0.915,0.9978,0.0022,True,True
793,0,0,Non-Allergen,Non-Allergen,Non-Allergen,Non-Allergen,0.9994000196456909,0.0006,0.9994,True,True
794,1,1,Allergen,Allergen,Pollen Allergen,Pollen Allergen,1.0,0.9992,0.0008,True,True
795,0,0,Non-Allergen,Non-Allergen,Non-Allergen,Non-Allergen,0.9988999962806702,0.0011,0.9989,True,True
796,0,0,Non-Allergen,Non-Allergen,Non-Allergen,Non-Allergen,0.9990000128746033,0.001,0.999,True,True
797,0,0,Non-Allergen,Non-Allergen,Non-Allergen,Non-Allergen,0.9994999766349792,0.0005,0.9995,True,True
798,1,1,Allergen,Allergen,Dust Mite Allergen,Dust Mite Allergen,0.9875,0.975,0.025,True,True
799,0,0,Non-Allergen,Non-Allergen,Non-Allergen,Non-Allergen,0.9847000241279602,0.0153,0.9847,True,True
800,0,0,Non-Allergen,Non-Allergen,Non-Allergen,Non-Allergen,0.998199999332428,0.0018,0.9982,True,True
801,1,1,Allergen,Allergen,Mold/Fungal Allergen,Mold/Fungal Allergen,1.0,0.9999,1e-04,True,True
802,0,0,Non-Allergen,Non-Allergen,Non-Allergen,Non-Allergen,0.9815000295639038,0.0185,0.9815,True,True
803,1,1,Allergen,Allergen,Dust Mite Allergen,Dust Mite Allergen,1.0,0.9987,0.0013,True,True
804,0,0,Non-Allergen,Non-Allergen,Non-Allergen,Non-Allergen,0.996999979019165,0.003,0.997,True,True
805,1,1,Allergen,Allergen,Dust Mite Allergen,Dust Mite Allergen,0.875,0.9861,0.0139,True,True
806,1,1,Allergen,Allergen,Food Allergen,Food Allergen,0.935,0.9987,0.0013,True,True
807,0,0,Non-Allergen,Non-Allergen,Non-Allergen,Non-Allergen,0.9287999868392944,0.0712,0.9288,True,True
808,1,1,Allergen,Allergen,Venom Allergen,Venom Allergen,0.99,0.999,0.001,True,True
809,0,0,Non-Allergen,Non-Allergen,Non-Allergen,Non-Allergen,0.9994999766349792,0.0005,0.9995,True,True
810,0,0,Non-Allergen,Non-Allergen,Non-Allergen,Non-Allergen,0.9394000172615051,0.0606,0.9394,True,True
811,1,1,Allergen,Allergen,Food Allergen,Food Allergen,0.995,0.9994,0.0006,True,True
812,1,1,Allergen,Allergen,Food Allergen,Food Allergen,1.0,0.9909,0.0091,True,True
813,1,1,Allergen,Allergen,Venom Allergen,Venom Allergen,1.0,0.9818,0.0182,True,True
814,1,1,Allergen,Allergen,Pollen Allergen,Pollen Allergen,1.0,0.9996,0.0004,True,True
815,0,0,Non-Allergen,Non-Allergen,Non-Allergen,Non-Allergen,0.968500018119812,0.0315,0.9685,True,True
816,1,1,Allergen,Allergen,Mold/Fungal Allergen,Mold/Fungal Allergen,1.0,1.0,0.0,True,True
817,1,1,Allergen,Allergen,Venom Allergen,Venom Allergen,0.69,0.9429,0.0571,True,True
818,0,0,Non-Allergen,Non-Allergen,Non-Allergen,Non-Allergen,0.9911999702453613,0.0088,0.9912,True,True
819,1,1,Allergen,Allergen,Venom Allergen,Venom Allergen,0.84,0.9987,0.0013,True,True
820,0,0,Non-Allergen,Non-Allergen,Non-Allergen,Non-Allergen,0.8213000297546387,0.1787,0.8213,True,True
821,1,1,Allergen,Allergen,Mold/Fungal Allergen,Mold/Fungal Allergen,1.0,0.9998,0.0002,True,True
822,1,1,Allergen,Allergen,Food Allergen,Food Allergen,0.41,0.959,0.041,True,True
823,1,1,Allergen,Allergen,Venom Allergen,Venom Allergen,0.87,0.9935,0.0065,True,True
824,0,0,Non-Allergen,Non-Allergen,Non-Allergen,Non-Allergen,0.955299973487854,0.0447,0.9553,True,True
825,1,1,Allergen,Allergen,Pollen Allergen,Dust Mite Allergen,0.5025,0.9149,0.0851,True,False
826,0,1,Non-Allergen,Allergen,Non-Allergen,Dust Mite Allergen,0.5825,0.9033,0.0967,False,False
827,0,0,Non-Allergen,Non-Allergen,Non-Allergen,Non-Allergen,0.9979000091552734,0.0021,0.9979,True,True
828,0,0,Non-Allergen,Non-Allergen,Non-Allergen,Non-Allergen,0.9764999747276306,0.0235,0.9765,True,True
829,1,1,Allergen,Allergen,Pollen Allergen,Pollen Allergen,0.955,0.8326,0.1674,True,True
830,0,0,Non-Allergen,Non-Allergen,Non-Allergen,Non-Allergen,0.933899998664856,0.0661,0.9339,True,True
831,0,0,Non-Allergen,Non-Allergen,Non-Allergen,Non-Allergen,0.9902999997138977,0.0097,0.9903,True,True
832,1,1,Allergen,Allergen,Venom Allergen,Venom Allergen,0.9725,0.9714,0.0286,True,True
833,0,0,Non-Allergen,Non-Allergen,Non-Allergen,Non-Allergen,0.9929999709129333,0.007,0.993,True,True
834,1,1,Allergen,Allergen,Venom Allergen,Venom Allergen,0.6725,0.9891,0.0109,True,True
835,1,1,Allergen,Allergen,Venom Allergen,Venom Allergen,0.65,0.8247,0.1753,True,True
836,0,0,Non-Allergen,Non-Allergen,Non-Allergen,Non-Allergen,0.9980999827384949,0.0019,0.9981,True,True
837,0,0,Non-Allergen,Non-Allergen,Non-Allergen,Non-Allergen,0.9307000041007996,0.0693,0.9307,True,True
838,0,0,Non-Allergen,Non-Allergen,Non-Allergen,Non-Allergen,0.9976999759674072,0.0023,0.9977,True,True
839,0,1,Non-Allergen,Allergen,Non-Allergen,Food Allergen,0.4075,0.7673,0.2327,False,False
840,0,0,Non-Allergen,Non-Allergen,Non-Allergen,Non-Allergen,0.9940000176429749,0.006,0.994,True,True
841,0,0,Non-Allergen,Non-Allergen,Non-Allergen,Non-Allergen,0.989300012588501,0.0107,0.9893,True,True
842,0,1,Non-Allergen,Allergen,Non-Allergen,Venom Allergen,0.5525,0.9122,0.0878,False,False
843,1,1,Allergen,Allergen,Venom Allergen,Venom Allergen,1.0,0.9766,0.0234,True,True
844,0,0,Non-Allergen,Non-Allergen,Non-Allergen,Non-Allergen,0.9692000150680542,0.0308,0.9692,True,True
845,0,0,Non-Allergen,Non-Allergen,Non-Allergen,Non-Allergen,0.9976999759674072,0.0023,0.9977,True,True
846,1,1,Allergen,Allergen,Mold/Fungal Allergen,Mold/Fungal Allergen,1.0,0.9999,1e-04,True,True
847,1,1,Allergen,Allergen,Dust Mite Allergen,Dust Mite Allergen,0.9475,0.9551,0.0449,True,True
848,1,1,Allergen,Allergen,Pollen Allergen,Pollen Allergen,0.6675,0.9706,0.0294,True,True
849,1,1,Allergen,Allergen,Mold/Fungal Allergen,Mold/Fungal Allergen,1.0,0.9993,0.0007,True,True
850,0,1,Non-Allergen,Allergen,Non-Allergen,Venom Allergen,0.3575,0.6864,0.3136,False,False
851,1,1,Allergen,Allergen,Dust Mite Allergen,Dust Mite Allergen,0.89,0.9496,0.0504,True,True
852,0,0,Non-Allergen,Non-Allergen,Non-Allergen,Non-Allergen,0.9359999895095825,0.064,0.936,True,True
853,1,1,Allergen,Allergen,Dust Mite Allergen,Dust Mite Allergen,1.0,0.9902,0.0098,True,True
854,0,0,Non-Allergen,Non-Allergen,Non-Allergen,Non-Allergen,0.9940999746322632,0.0059,0.9941,True,True
855,0,0,Non-Allergen,Non-Allergen,Non-Allergen,Non-Allergen,0.9977999925613403,0.0022,0.9978,True,True
856,1,1,Allergen,Allergen,Food Allergen,Food Allergen,1.0,0.9978,0.0022,True,True
857,1,1,Allergen,Allergen,Venom Allergen,Venom Allergen,0.895,0.9934,0.0066,True,True
858,0,0,Non-Allergen,Non-Allergen,Non-Allergen,Non-Allergen,0.9998999834060669,1e-04,0.9999,True,True
859,0,0,Non-Allergen,Non-Allergen,Non-Allergen,Non-Allergen,0.9710000157356262,0.029,0.971,True,True
860,0,0,Non-Allergen,Non-Allergen,Non-Allergen,Non-Allergen,0.9991000294685364,0.0009,0.9991,True,True
861,0,0,Non-Allergen,Non-Allergen,Non-Allergen,Non-Allergen,0.70660001039505,0.2934,0.7066,True,True
862,0,0,Non-Allergen,Non-Allergen,Non-Allergen,Non-Allergen,0.9990000128746033,0.001,0.999,True,True
863,0,0,Non-Allergen,Non-Allergen,Non-Allergen,Non-Allergen,0.9983999729156494,0.0016,0.9984,True,True
864,1,1,Allergen,Allergen,Food Allergen,Food Allergen,0.98,0.9521,0.0479,True,True
865,1,1,Allergen,Allergen,Food Allergen,Food Allergen,0.9625,0.9861,0.0139,True,True
866,0,0,Non-Allergen,Non-Allergen,Non-Allergen,Non-Allergen,0.9962999820709229,0.0037,0.9963,True,True
867,0,0,Non-Allergen,Non-Allergen,Non-Allergen,Non-Allergen,0.9872000217437744,0.0128,0.9872,True,True
868,1,1,Allergen,Allergen,Food Allergen,Food Allergen,1.0,0.9991,0.0009,True,True
869,1,1,Allergen,Allergen,Food Allergen,Food Allergen,0.32,0.684,0.316,True,True
870,1,1,Allergen,Allergen,Pollen Allergen,Pollen Allergen,0.9225,0.9974,0.0026,True,True
871,1,0,Allergen,Non-Allergen,Dust Mite Allergen,Non-Allergen,0.6728000044822693,0.3272,0.6728,False,False
872,1,1,Allergen,Allergen,Mold/Fungal Allergen,Mold/Fungal Allergen,1.0,1.0,0.0,True,True
873,1,1,Allergen,Allergen,Pollen Allergen,Pollen Allergen,1.0,0.9214,0.0786,True,True
874,0,1,Non-Allergen,Allergen,Non-Allergen,Dust Mite Allergen,0.4575,0.7772,0.2228,False,False
875,0,0,Non-Allergen,Non-Allergen,Non-Allergen,Non-Allergen,0.9995999932289124,0.0004,0.9996,True,True
876,0,0,Non-Allergen,Non-Allergen,Non-Allergen,Non-Allergen,0.9998000264167786,0.0002,0.9998,True,True
877,1,1,Allergen,Allergen,Food Allergen,Food Allergen,0.805,0.9774,0.0226,True,True
878,1,1,Allergen,Allergen,Mold/Fungal Allergen,Mold/Fungal Allergen,1.0,0.9998,0.0002,True,True
879,0,0,Non-Allergen,Non-Allergen,Non-Allergen,Non-Allergen,0.9933000206947327,0.0067,0.9933,True,True
880,1,1,Allergen,Allergen,Food Allergen,Food Allergen,0.89,0.7445,0.2555,True,True
881,0,0,Non-Allergen,Non-Allergen,Non-Allergen,Non-Allergen,0.9833999872207642,0.0166,0.9834,True,True
882,0,0,Non-Allergen,Non-Allergen,Non-Allergen,Non-Allergen,0.9431999921798706,0.0568,0.9432,True,True
883,1,1,Allergen,Allergen,Mold/Fungal Allergen,Mold/Fungal Allergen,1.0,0.9993,0.0007,True,True
884,0,0,Non-Allergen,Non-Allergen,Non-Allergen,Non-Allergen,0.9876999855041504,0.0123,0.9877,True,True
885,0,0,Non-Allergen,Non-Allergen,Non-Allergen,Non-Allergen,0.9244999885559082,0.0755,0.9245,True,True
886,1,1,Allergen,Allergen,Venom Allergen,Venom Allergen,0.6625,0.9762,0.0238,True,True
887,0,0,Non-Allergen,Non-Allergen,Non-Allergen,Non-Allergen,0.9760000109672546,0.024,0.976,True,True
888,0,0,Non-Allergen,Non-Allergen,Non-Allergen,Non-Allergen,0.6872000098228455,0.3128,0.6872,True,True
889,1,1,Allergen,Allergen,Food Allergen,Food Allergen,1.0,0.9991,0.0009,True,True
890,0,0,Non-Allergen,Non-Allergen,Non-Allergen,Non-Allergen,0.9980999827384949,0.0019,0.9981,True,True
891,0,0,Non-Allergen,Non-Allergen,Non-Allergen,Non-Allergen,0.9828000068664551,0.0172,0.9828,True,True
892,0,0,Non-Allergen,Non-Allergen,Non-Allergen,Non-Allergen,0.8546000123023987,0.1454,0.8546,True,True
893,0,0,Non-Allergen,Non-Allergen,Non-Allergen,Non-Allergen,0.9998999834060669,1e-04,0.9999,True,True
894,1,1,Allergen,Allergen,Venom Allergen,Venom Allergen,0.8625,0.9941,0.0059,True,True
895,0,0,Non-Allergen,Non-Allergen,Non-Allergen,Non-Allergen,0.9445000290870667,0.0555,0.9445,True,True
896,1,1,Allergen,Allergen,Dust Mite Allergen,Dust Mite Allergen,0.58,0.5258,0.4742,True,True
897,1,1,Allergen,Allergen,Venom Allergen,Venom Allergen,1.0,0.9986,0.0014,True,True
898,0,0,Non-Allergen,Non-Allergen,Non-Allergen,Non-Allergen,0.9944000244140625,0.0056,0.9944,True,True
899,0,0,Non-Allergen,Non-Allergen,Non-Allergen,Non-Allergen,0.9979000091552734,0.0021,0.9979,True,True
900,0,0,Non-Allergen,Non-Allergen,Non-Allergen,Non-Allergen,0.9952999949455261,0.0047,0.9953,True,True
901,0,0,Non-Allergen,Non-Allergen,Non-Allergen,Non-Allergen,0.9799000024795532,0.0201,0.9799,True,True
902,0,0,Non-Allergen,Non-Allergen,Non-Allergen,Non-Allergen,0.9983999729156494,0.0016,0.9984,True,True
903,1,1,Allergen,Allergen,Venom Allergen,Venom Allergen,0.615,0.9206,0.0794,True,True
904,1,1,Allergen,Allergen,Food Allergen,Food Allergen,0.865,0.9722,0.0278,True,True
905,0,0,Non-Allergen,Non-Allergen,Non-Allergen,Non-Allergen,0.9950000047683716,0.005,0.995,True,True
906,1,1,Allergen,Allergen,Venom Allergen,Venom Allergen,0.445,0.9519,0.0481,True,True
907,0,0,Non-Allergen,Non-Allergen,Non-Allergen,Non-Allergen,0.9977999925613403,0.0022,0.9978,True,True
908,1,1,Allergen,Allergen,Food Allergen,Food Allergen,0.84,0.9969,0.0031,True,True
909,0,0,Non-Allergen,Non-Allergen,Non-Allergen,Non-Allergen,0.9998999834060669,1e-04,0.9999,True,True
910,1,1,Allergen,Allergen,Mold/Fungal Allergen,Mold/Fungal Allergen,0.8675,0.9968,0.0032,True,True
911,0,0,Non-Allergen,Non-Allergen,Non-Allergen,Non-Allergen,0.9840999841690063,0.0159,0.9841,True,True
912,0,0,Non-Allergen,Non-Allergen,Non-Allergen,Non-Allergen,0.9923999905586243,0.0076,0.9924,True,True
913,0,0,Non-Allergen,Non-Allergen,Non-Allergen,Non-Allergen,0.7968000173568726,0.2032,0.7968,True,True
914,1,1,Allergen,Allergen,Dust Mite Allergen,Pollen Allergen,0.33,0.5965,0.4035,True,False
915,1,1,Allergen,Allergen,Food Allergen,Food Allergen,0.9175,0.6332,0.3668,True,True
916,0,0,Non-Allergen,Non-Allergen,Non-Allergen,Non-Allergen,0.9854000210762024,0.0146,0.9854,True,True
917,1,1,Allergen,Allergen,Mold/Fungal Allergen,Mold/Fungal Allergen,1.0,0.9999,1e-04,True,True
918,0,0,Non-Allergen,Non-Allergen,Non-Allergen,Non-Allergen,0.9933000206947327,0.0067,0.9933,True,True
919,1,1,Allergen,Allergen,Mold/Fungal Allergen,Mold/Fungal Allergen,1.0,0.9998,0.0002,True,True
920,0,0,Non-Allergen,Non-Allergen,Non-Allergen,Non-Allergen,0.8100000023841858,0.19,0.81,True,True
921,0,0,Non-Allergen,Non-Allergen,Non-Allergen,Non-Allergen,0.9031999707221985,0.0968,0.9032,True,True
922,1,1,Allergen,Allergen,Food Allergen,Food Allergen,1.0,0.9982,0.0018,True,True
923,0,0,Non-Allergen,Non-Allergen,Non-Allergen,Non-Allergen,0.9987999796867371,0.0012,0.9988,True,True
924,0,0,Non-Allergen,Non-Allergen,Non-Allergen,Non-Allergen,0.9710999727249146,0.0289,0.9711,True,True
925,1,1,Allergen,Allergen,Dust Mite Allergen,Dust Mite Allergen,0.6075,0.9798,0.0202,True,True
926,1,1,Allergen,Allergen,Venom Allergen,Food Allergen,0.345,0.8771,0.1229,True,False
927,0,0,Non-Allergen,Non-Allergen,Non-Allergen,Non-Allergen,0.9987000226974487,0.0013,0.9987,True,True
928,0,0,Non-Allergen,Non-Allergen,Non-Allergen,Non-Allergen,0.955299973487854,0.0447,0.9553,True,True
929,0,1,Non-Allergen,Allergen,Non-Allergen,Venom Allergen,0.43,0.6014,0.3986,False,False
930,0,1,Non-Allergen,Allergen,Non-Allergen,Food Allergen,0.45,0.8094,0.1906,False,False
931,0,0,Non-Allergen,Non-Allergen,Non-Allergen,Non-Allergen,0.9603999853134155,0.0396,0.9604,True,True
932,1,1,Allergen,Allergen,Venom Allergen,Venom Allergen,0.755,0.9973,0.0027,True,True
933,1,1,Allergen,Allergen,Food Allergen,Food Allergen,0.9225,0.9918,0.0082,True,True
934,0,0,Non-Allergen,Non-Allergen,Non-Allergen,Non-Allergen,0.854200005531311,0.1458,0.8542,True,True
935,1,1,Allergen,Allergen,Mold/Fungal Allergen,Mold/Fungal Allergen,1.0,0.9988,0.0012,True,True
936,0,0,Non-Allergen,Non-Allergen,Non-Allergen,Non-Allergen,0.993399977684021,0.0066,0.9934,True,True
937,0,0,Non-Allergen,Non-Allergen,Non-Allergen,Non-Allergen,0.9984999895095825,0.0015,0.9985,True,True
938,1,1,Allergen,Allergen,Food Allergen,Food Allergen,0.9675,0.9961,0.0039,True,True
939,1,1,Allergen,Allergen,Dust Mite Allergen,Venom Allergen,0.41,0.7835,0.2165,True,False
940,0,0,Non-Allergen,Non-Allergen,Non-Allergen,Non-Allergen,0.9634000062942505,0.0366,0.9634,True,True
941,0,0,Non-Allergen,Non-Allergen,Non-Allergen,Non-Allergen,0.9991999864578247,0.0008,0.9992,True,True
942,0,0,Non-Allergen,Non-Allergen,Non-Allergen,Non-Allergen,0.9987999796867371,0.0012,0.9988,True,True
943,0,0,Non-Allergen,Non-Allergen,Non-Allergen,Non-Allergen,0.9958999752998352,0.0041,0.9959,True,True
944,0,0,Non-Allergen,Non-Allergen,Non-Allergen,Non-Allergen,0.9348000288009644,0.0652,0.9348,True,True
945,0,0,Non-Allergen,Non-Allergen,Non-Allergen,Non-Allergen,0.9934999942779541,0.0065,0.9935,True,True
946,1,1,Allergen,Allergen,Pollen Allergen,Pollen Allergen,0.87,0.9693,0.0307,True,True
947,1,1,Allergen,Allergen,Mold/Fungal Allergen,Mold/Fungal Allergen,1.0,0.9998,0.0002,True,True
948,0,0,Non-Allergen,Non-Allergen,Non-Allergen,Non-Allergen,0.9991000294685364,0.0009,0.9991,True,True
949,0,0,Non-Allergen,Non-Allergen,Non-Allergen,Non-Allergen,0.9994000196456909,0.0006,0.9994,True,True
950,0,1,Non-Allergen,Allergen,Non-Allergen,Food Allergen,0.26,0.8075,0.1925,False,False
951,0,0,Non-Allergen,Non-Allergen,Non-Allergen,Non-Allergen,0.8845999836921692,0.1154,0.8846,True,True
952,1,1,Allergen,Allergen,Dust Mite Allergen,Dust Mite Allergen,1.0,0.99,0.01,True,True
953,0,0,Non-Allergen,Non-Allergen,Non-Allergen,Non-Allergen,0.9861000180244446,0.0139,0.9861,True,True
954,1,0,Allergen,Non-Allergen,Food Allergen,Non-Allergen,0.6654000282287598,0.3346,0.6654,False,False
955,0,0,Non-Allergen,Non-Allergen,Non-Allergen,Non-Allergen,0.9386000037193298,0.0614,0.9386,True,True
956,1,1,Allergen,Allergen,Food Allergen,Food Allergen,1.0,0.9991,0.0009,True,True
957,0,0,Non-Allergen,Non-Allergen,Non-Allergen,Non-Allergen,0.9925000071525574,0.0075,0.9925,True,True
958,1,1,Allergen,Allergen,Venom Allergen,Venom Allergen,0.965,0.9994,0.0006,True,True
959,1,1,Allergen,Allergen,Food Allergen,Food Allergen,0.9175,0.9884,0.0116,True,True
960,0,0,Non-Allergen,Non-Allergen,Non-Allergen,Non-Allergen,0.974399983882904,0.0256,0.9744,True,True
961,0,0,Non-Allergen,Non-Allergen,Non-Allergen,Non-Allergen,0.9941999912261963,0.0058,0.9942,True,True
962,1,1,Allergen,Allergen,Food Allergen,Food Allergen,1.0,0.9951,0.0049,True,True
963,0,0,Non-Allergen,Non-Allergen,Non-Allergen,Non-Allergen,0.984499990940094,0.0155,0.9845,True,True
964,1,1,Allergen,Allergen,Venom Allergen,Venom Allergen,0.85,0.9876,0.0124,True,True
965,0,0,Non-Allergen,Non-Allergen,Non-Allergen,Non-Allergen,0.9957000017166138,0.0043,0.9957,True,True
966,0,0,Non-Allergen,Non-Allergen,Non-Allergen,Non-Allergen,0.996999979019165,0.003,0.997,True,True
967,1,1,Allergen,Allergen,Food Allergen,Food Allergen,1.0,0.9992,0.0008,True,True
968,0,0,Non-Allergen,Non-Allergen,Non-Allergen,Non-Allergen,0.9890999794006348,0.0109,0.9891,True,True
969,0,0,Non-Allergen,Non-Allergen,Non-Allergen,Non-Allergen,0.9998999834060669,1e-04,0.9999,True,True
970,1,1,Allergen,Allergen,Pollen Allergen,Pollen Allergen,0.94,0.9593,0.0407,True,True
971,0,0,Non-Allergen,Non-Allergen,Non-Allergen,Non-Allergen,0.515999972820282,0.484,0.516,True,True
972,0,0,Non-Allergen,Non-Allergen,Non-Allergen,Non-Allergen,0.9926000237464905,0.0074,0.9926,True,True
973,0,0,Non-Allergen,Non-Allergen,Non-Allergen,Non-Allergen,0.9955999851226807,0.0044,0.9956,True,True
974,1,1,Allergen,Allergen,Pollen Allergen,Pollen Allergen,0.6675,0.8932,0.1068,True,True
975,0,0,Non-Allergen,Non-Allergen,Non-Allergen,Non-Allergen,0.9972000122070312,0.0028,0.9972,True,True
976,1,1,Allergen,Allergen,Mold/Fungal Allergen,Mold/Fungal Allergen,1.0,0.9999,1e-04,True,True
977,1,1,Allergen,Allergen,Food Allergen,Food Allergen,0.7925,0.9599,0.0401,True,True
978,1,1,Allergen,Allergen,Food Allergen,Food Allergen,0.45,0.6486,0.3514,True,True
979,0,0,Non-Allergen,Non-Allergen,Non-Allergen,Non-Allergen,0.7792999744415283,0.2207,0.7793,True,True
980,1,1,Allergen,Allergen,Venom Allergen,Venom Allergen,0.7325,0.9981,0.0019,True,True
981,0,0,Non-Allergen,Non-Allergen,Non-Allergen,Non-Allergen,0.9965999722480774,0.0034,0.9966,True,True
982,0,0,Non-Allergen,Non-Allergen,Non-Allergen,Non-Allergen,0.9994999766349792,0.0005,0.9995,True,True
983,0,0,Non-Allergen,Non-Allergen,Non-Allergen,Non-Allergen,0.9983999729156494,0.0016,0.9984,True,True
984,0,0,Non-Allergen,Non-Allergen,Non-Allergen,Non-Allergen,0.998199999332428,0.0018,0.9982,True,True
985,0,0,Non-Allergen,Non-Allergen,Non-Allergen,Non-Allergen,0.9833999872207642,0.0166,0.9834,True,True
986,1,1,Allergen,Allergen,Mold/Fungal Allergen,Mold/Fungal Allergen,1.0,0.9999,1e-04,True,True
987,1,1,Allergen,Allergen,Pollen Allergen,Pollen Allergen,1.0,0.9971,0.0029,True,True
988,0,1,Non-Allergen,Allergen,Non-Allergen,Food Allergen,0.3675,0.5507,0.4493,False,False
989,1,1,Allergen,Allergen,Dust Mite Allergen,Venom Allergen,0.5275,0.8723,0.1277,True,False
990,1,1,Allergen,Allergen,Mold/Fungal Allergen,Mold/Fungal Allergen,1.0,1.0,0.0,True,True
991,1,1,Allergen,Allergen,Pollen Allergen,Pollen Allergen,0.85,0.971,0.029,True,True
992,1,0,Allergen,Non-Allergen,Food Allergen,Non-Allergen,0.7918999791145325,0.2081,0.7919,False,False
993,0,1,Non-Allergen,Allergen,Non-Allergen,Food Allergen,0.3925,0.7345,0.2655,False,False
994,0,0,Non-Allergen,Non-Allergen,Non-Allergen,Non-Allergen,0.8774999976158142,0.1225,0.8775,True,True
995,0,0,Non-Allergen,Non-Allergen,Non-Allergen,Non-Allergen,0.9940999746322632,0.0059,0.9941,True,True
996,1,1,Allergen,Allergen,Venom Allergen,Venom Allergen,0.875,0.9579,0.0421,True,True
997,0,0,Non-Allergen,Non-Allergen,Non-Allergen,Non-Allergen,0.9865999817848206,0.0134,0.9866,True,True
998,1,1,Allergen,Allergen,Mold/Fungal Allergen,Mold/Fungal Allergen,0.98,0.9998,0.0002,True,True
999,0,0,Non-Allergen,Non-Allergen,Non-Allergen,Non-Allergen,0.9973000288009644,0.0027,0.9973,True,True
1000,1,1,Allergen,Allergen,Dust Mite Allergen,Dust Mite Allergen,1.0,0.7779,0.2221,True,True
1001,0,0,Non-Allergen,Non-Allergen,Non-Allergen,Non-Allergen,0.9868000149726868,0.0132,0.9868,True,True
1002,1,1,Allergen,Allergen,Venom Allergen,Venom Allergen,0.73,0.9802,0.0198,True,True
1003,1,1,Allergen,Allergen,Venom Allergen,Venom Allergen,1.0,0.991,0.009,True,True
1004,1,1,Allergen,Allergen,Dust Mite Allergen,Dust Mite Allergen,1.0,0.995,0.005,True,True
1005,0,0,Non-Allergen,Non-Allergen,Non-Allergen,Non-Allergen,0.9970999956130981,0.0029,0.9971,True,True
1006,1,1,Allergen,Allergen,Venom Allergen,Dust Mite Allergen,0.34,0.6221,0.3779,True,False
1007,1,1,Allergen,Allergen,Food Allergen,Food Allergen,0.9925,0.9609,0.0391,True,True
1008,0,0,Non-Allergen,Non-Allergen,Non-Allergen,Non-Allergen,0.9914000034332275,0.0086,0.9914,True,True
1009,0,1,Non-Allergen,Allergen,Non-Allergen,Venom Allergen,0.6775,0.6736,0.3264,False,False
1010,0,0,Non-Allergen,Non-Allergen,Non-Allergen,Non-Allergen,0.8977000117301941,0.1023,0.8977,True,True
1011,0,0,Non-Allergen,Non-Allergen,Non-Allergen,Non-Allergen,0.9861000180244446,0.0139,0.9861,True,True
1012,1,1,Allergen,Allergen,Venom Allergen,Venom Allergen,1.0,0.9955,0.0045,True,True
1013,0,0,Non-Allergen,Non-Allergen,Non-Allergen,Non-Allergen,0.9998000264167786,0.0002,0.9998,True,True
1014,1,1,Allergen,Allergen,Venom Allergen,Venom Allergen,0.8475,0.9958,0.0042,True,True
1015,1,1,Allergen,Allergen,Mold/Fungal Allergen,Mold/Fungal Allergen,1.0,0.9996,0.0004,True,True
1016,1,1,Allergen,Allergen,Pollen Allergen,Pollen Allergen,0.9575,0.9953,0.0047,True,True
1017,1,1,Allergen,Allergen,Food Allergen,Food Allergen,0.83,0.9222,0.0778,True,True
1018,0,0,Non-Allergen,Non-Allergen,Non-Allergen,Non-Allergen,0.9990000128746033,0.001,0.999,True,True
1019,0,0,Non-Allergen,Non-Allergen,Non-Allergen,Non-Allergen,0.8820000290870667,0.118,0.882,True,True
1020,1,0,Allergen,Non-Allergen,Pollen Allergen,Non-Allergen,0.8603000044822693,0.1397,0.8603,False,False
1021,1,1,Allergen,Allergen,Mold/Fungal Allergen,Mold/Fungal Allergen,1.0,1.0,0.0,True,True
1022,0,0,Non-Allergen,Non-Allergen,Non-Allergen,Non-Allergen,0.9793000221252441,0.0207,0.9793,True,True
1023,0,0,Non-Allergen,Non-Allergen,Non-Allergen,Non-Allergen,0.9980999827384949,0.0019,0.9981,True,True
1024,1,1,Allergen,Allergen,Venom Allergen,Venom Allergen,0.5625,0.859,0.141,True,True
1025,1,1,Allergen,Allergen,Pollen Allergen,Pollen Allergen,1.0,0.9941,0.0059,True,True
1026,1,1,Allergen,Allergen,Venom Allergen,Venom Allergen,0.725,0.9183,0.0817,True,True
1027,0,0,Non-Allergen,Non-Allergen,Non-Allergen,Non-Allergen,0.9013000130653381,0.0987,0.9013,True,True
1028,1,1,Allergen,Allergen,Pollen Allergen,Pollen Allergen,0.9575,0.9998,0.0002,True,True
1029,0,0,Non-Allergen,Non-Allergen,Non-Allergen,Non-Allergen,0.9988999962806702,0.0011,0.9989,True,True
1030,0,0,Non-Allergen,Non-Allergen,Non-Allergen,Non-Allergen,0.9977999925613403,0.0022,0.9978,True,True
1031,0,0,Non-Allergen,Non-Allergen,Non-Allergen,Non-Allergen,0.9959999918937683,0.004,0.996,True,True
1032,0,0,Non-Allergen,Non-Allergen,Non-Allergen,Non-Allergen,0.9815999865531921,0.0184,0.9816,True,True
1033,1,1,Allergen,Allergen,Pollen Allergen,Pollen Allergen,0.5825,0.9874,0.0126,True,True
1034,1,1,Allergen,Allergen,Food Allergen,Food Allergen,1.0,0.9991,0.0009,True,True
1035,0,0,Non-Allergen,Non-Allergen,Non-Allergen,Non-Allergen,0.9993000030517578,0.0007,0.9993,True,True
1036,0,0,Non-Allergen,Non-Allergen,Non-Allergen,Non-Allergen,0.911300003528595,0.0887,0.9113,True,True
1037,1,1,Allergen,Allergen,Food Allergen,Food Allergen,0.9675,0.9994,0.0006,True,True
1038,1,1,Allergen,Allergen,Venom Allergen,Venom Allergen,0.7625,0.9973,0.0027,True,True
1039,0,0,Non-Allergen,Non-Allergen,Non-Allergen,Non-Allergen,0.9980000257492065,0.002,0.998,True,True
1040,0,0,Non-Allergen,Non-Allergen,Non-Allergen,Non-Allergen,0.9932000041007996,0.0068,0.9932,True,True
1041,1,1,Allergen,Allergen,Mold/Fungal Allergen,Mold/Fungal Allergen,0.9975,0.9999,1e-04,True,True
1042,1,1,Allergen,Allergen,Venom Allergen,Venom Allergen,0.7475,0.8722,0.1278,True,True
1043,1,1,Allergen,Allergen,Venom Allergen,Venom Allergen,1.0,0.9986,0.0014,True,True
1044,0,0,Non-Allergen,Non-Allergen,Non-Allergen,Non-Allergen,0.9973999857902527,0.0026,0.9974,True,True
1045,1,1,Allergen,Allergen,Food Allergen,Food Allergen,0.975,0.9503,0.0497,True,True
1046,0,0,Non-Allergen,Non-Allergen,Non-Allergen,Non-Allergen,0.920199990272522,0.0798,0.9202,True,True
1047,1,1,Allergen,Allergen,Food Allergen,Food Allergen,0.4925,0.9916,0.0084,True,True
1048,0,0,Non-Allergen,Non-Allergen,Non-Allergen,Non-Allergen,0.9000999927520752,0.0999,0.9001,True,True
1049,1,1,Allergen,Allergen,Dust Mite Allergen,Dust Mite Allergen,0.4275,0.9866,0.0134,True,True
1050,0,0,Non-Allergen,Non-Allergen,Non-Allergen,Non-Allergen,0.9966999888420105,0.0033,0.9967,True,True
1051,1,1,Allergen,Allergen,Venom Allergen,Venom Allergen,0.635,0.7967,0.2033,True,True
1052,1,1,Allergen,Allergen,Pollen Allergen,Pollen Allergen,1.0,0.9969,0.0031,True,True
1053,0,0,Non-Allergen,Non-Allergen,Non-Allergen,Non-Allergen,0.9972000122070312,0.0028,0.9972,True,True
1054,0,0,Non-Allergen,Non-Allergen,Non-Allergen,Non-Allergen,0.9998999834060669,1e-04,0.9999,True,True
1055,0,0,Non-Allergen,Non-Allergen,Non-Allergen,Non-Allergen,0.9998999834060669,1e-04,0.9999,True,True
1056,0,0,Non-Allergen,Non-Allergen,Non-Allergen,Non-Allergen,0.9994999766349792,0.0005,0.9995,True,True
1057,0,0,Non-Allergen,Non-Allergen,Non-Allergen,Non-Allergen,0.8557000160217285,0.1443,0.8557,True,True
1058,0,0,Non-Allergen,Non-Allergen,Non-Allergen,Non-Allergen,0.9674000144004822,0.0326,0.9674,True,True
1059,1,1,Allergen,Allergen,Dust Mite Allergen,Dust Mite Allergen,0.805,0.964,0.036,True,True
1060,1,1,Allergen,Allergen,Venom Allergen,Venom Allergen,1.0,0.9651,0.0349,True,True
1061,1,1,Allergen,Allergen,Dust Mite Allergen,Dust Mite Allergen,0.98,0.9925,0.0075,True,True
1062,1,1,Allergen,Allergen,Mold/Fungal Allergen,Mold/Fungal Allergen,1.0,0.9999,1e-04,True,True
1063,1,1,Allergen,Allergen,Pollen Allergen,Pollen Allergen,0.985,0.991,0.009,True,True
1064,0,0,Non-Allergen,Non-Allergen,Non-Allergen,Non-Allergen,0.9993000030517578,0.0007,0.9993,True,True
1065,0,0,Non-Allergen,Non-Allergen,Non-Allergen,Non-Allergen,0.9998999834060669,1e-04,0.9999,True,True
1066,0,0,Non-Allergen,Non-Allergen,Non-Allergen,Non-Allergen,0.9833999872207642,0.0166,0.9834,True,True
1067,0,0,Non-Allergen,Non-Allergen,Non-Allergen,Non-Allergen,0.9945999979972839,0.0054,0.9946,True,True
1068,0,0,Non-Allergen,Non-Allergen,Non-Allergen,Non-Allergen,0.9998999834060669,1e-04,0.9999,True,True
1069,0,0,Non-Allergen,Non-Allergen,Non-Allergen,Non-Allergen,0.9688000082969666,0.0312,0.9688,True,True
1070,0,0,Non-Allergen,Non-Allergen,Non-Allergen,Non-Allergen,0.9178000092506409,0.0822,0.9178,True,True
1071,1,1,Allergen,Allergen,Food Allergen,Food Allergen,0.91,0.9936,0.0064,True,True
1072,1,1,Allergen,Allergen,Venom Allergen,Venom Allergen,0.5325,0.8193,0.1807,True,True
1073,0,0,Non-Allergen,Non-Allergen,Non-Allergen,Non-Allergen,0.8611000180244446,0.1389,0.8611,True,True
1074,1,1,Allergen,Allergen,Mold/Fungal Allergen,Mold/Fungal Allergen,0.955,0.9976,0.0024,True,True
1075,0,0,Non-Allergen,Non-Allergen,Non-Allergen,Non-Allergen,0.9337999820709229,0.0662,0.9338,True,True
1076,1,1,Allergen,Allergen,Mold/Fungal Allergen,Mold/Fungal Allergen,1.0,0.9998,0.0002,True,True
1077,0,0,Non-Allergen,Non-Allergen,Non-Allergen,Non-Allergen,0.664900004863739,0.3351,0.6649,True,True
1078,1,1,Allergen,Allergen,Venom Allergen,Venom Allergen,0.93,0.9331,0.0669,True,True
1079,0,0,Non-Allergen,Non-Allergen,Non-Allergen,Non-Allergen,0.9986000061035156,0.0014,0.9986,True,True
1080,0,0,Non-Allergen,Non-Allergen,Non-Allergen,Non-Allergen,0.9950000047683716,0.005,0.995,True,True
1081,0,0,Non-Allergen,Non-Allergen,Non-Allergen,Non-Allergen,0.9731000065803528,0.0269,0.9731,True,True
1082,1,1,Allergen,Allergen,Food Allergen,Pollen Allergen,0.865,0.9996,0.0004,True,False
1083,0,0,Non-Allergen,Non-Allergen,Non-Allergen,Non-Allergen,0.9365000128746033,0.0635,0.9365,True,True
1084,1,1,Allergen,Allergen,Pollen Allergen,Pollen Allergen,0.9375,0.9953,0.0047,True,True
1085,1,1,Allergen,Allergen,Food Allergen,Food Allergen,0.975,0.9332,0.0668,True,True
1086,0,0,Non-Allergen,Non-Allergen,Non-Allergen,Non-Allergen,0.9972000122070312,0.0028,0.9972,True,True
1087,0,0,Non-Allergen,Non-Allergen,Non-Allergen,Non-Allergen,0.8083000183105469,0.1917,0.8083,True,True
1088,1,1,Allergen,Allergen,Venom Allergen,Venom Allergen,1.0,0.9898,0.0102,True,True
1089,0,0,Non-Allergen,Non-Allergen,Non-Allergen,Non-Allergen,0.9927999973297119,0.0072,0.9928,True,True
1090,0,0,Non-Allergen,Non-Allergen,Non-Allergen,Non-Allergen,0.9923999905586243,0.0076,0.9924,True,True
1091,1,1,Allergen,Allergen,Latex Allergen,Latex Allergen,0.965,0.9992,0.0008,True,True
1092,1,1,Allergen,Allergen,Food Allergen,Food Allergen,1.0,0.9996,0.0004,True,True
1093,0,0,Non-Allergen,Non-Allergen,Non-Allergen,Non-Allergen,0.9972000122070312,0.0028,0.9972,True,True
1094,0,0,Non-Allergen,Non-Allergen,Non-Allergen,Non-Allergen,0.9998999834060669,1e-04,0.9999,True,True
1095,1,1,Allergen,Allergen,Pollen Allergen,Pollen Allergen,0.5075,0.9182,0.0818,True,True
1096,0,0,Non-Allergen,Non-Allergen,Non-Allergen,Non-Allergen,0.9817000031471252,0.0183,0.9817,True,True
1097,1,1,Allergen,Allergen,Dust Mite Allergen,Dust Mite Allergen,0.7225,0.971,0.029,True,True
1098,0,0,Non-Allergen,Non-Allergen,Non-Allergen,Non-Allergen,0.8593999743461609,0.1406,0.8594,True,True
1099,1,1,Allergen,Allergen,Pollen Allergen,Pollen Allergen,1.0,0.9914,0.0086,True,True
1100,0,0,Non-Allergen,Non-Allergen,Non-Allergen,Non-Allergen,0.9901999831199646,0.0098,0.9902,True,True
1101,0,0,Non-Allergen,Non-Allergen,Non-Allergen,Non-Allergen,0.8837000131607056,0.1163,0.8837,True,True
1102,1,1,Allergen,Allergen,Pollen Allergen,Pollen Allergen,0.4575,0.9489,0.0511,True,True
1103,0,0,Non-Allergen,Non-Allergen,Non-Allergen,Non-Allergen,0.8730000257492065,0.127,0.873,True,True
1104,1,1,Allergen,Allergen,Venom Allergen,Venom Allergen,0.86,0.6979,0.3021,True,True
1105,0,0,Non-Allergen,Non-Allergen,Non-Allergen,Non-Allergen,0.9969000220298767,0.0031,0.9969,True,True
1106,0,0,Non-Allergen,Non-Allergen,Non-Allergen,Non-Allergen,0.9948999881744385,0.0051,0.9949,True,True
1107,0,0,Non-Allergen,Non-Allergen,Non-Allergen,Non-Allergen,0.9196000099182129,0.0804,0.9196,True,True
1108,0,0,Non-Allergen,Non-Allergen,Non-Allergen,Non-Allergen,0.6735000014305115,0.3265,0.6735,True,True
1109,1,1,Allergen,Allergen,Dust Mite Allergen,Dust Mite Allergen,0.41,0.7559,0.2441,True,True
1110,1,1,Allergen,Allergen,Pollen Allergen,Pollen Allergen,0.975,0.9791,0.0209,True,True
1111,1,1,Allergen,Allergen,Pollen Allergen,Pollen Allergen,1.0,0.9996,0.0004,True,True
1112,1,1,Allergen,Allergen,Pollen Allergen,Pollen Allergen,0.9775,0.9988,0.0012,True,True
1113,1,1,Allergen,Allergen,Dust Mite Allergen,Dust Mite Allergen,0.5725,0.9979,0.0021,True,True
1114,1,0,Allergen,Non-Allergen,Dust Mite Allergen,Non-Allergen,0.5582000017166138,0.4418,0.5582,False,False
1115,0,0,Non-Allergen,Non-Allergen,Non-Allergen,Non-Allergen,0.974399983882904,0.0256,0.9744,True,True
1116,0,0,Non-Allergen,Non-Allergen,Non-Allergen,Non-Allergen,0.9995999932289124,0.0004,0.9996,True,True
1117,1,1,Allergen,Allergen,Mold/Fungal Allergen,Mold/Fungal Allergen,1.0,1.0,0.0,True,True
1118,0,0,Non-Allergen,Non-Allergen,Non-Allergen,Non-Allergen,0.9930999875068665,0.0069,0.9931,True,True
1119,0,0,Non-Allergen,Non-Allergen,Non-Allergen,Non-Allergen,0.9742000102996826,0.0258,0.9742,True,True
1120,0,0,Non-Allergen,Non-Allergen,Non-Allergen,Non-Allergen,0.9824000000953674,0.0176,0.9824,True,True
1121,0,0,Non-Allergen,Non-Allergen,Non-Allergen,Non-Allergen,0.9943000078201294,0.0057,0.9943,True,True
1122,0,0,Non-Allergen,Non-Allergen,Non-Allergen,Non-Allergen,0.9664000272750854,0.0336,0.9664,True,True
1123,1,1,Allergen,Allergen,Venom Allergen,Food Allergen,0.4075,0.67,0.33,True,False
1124,0,0,Non-Allergen,Non-Allergen,Non-Allergen,Non-Allergen,0.978600025177002,0.0214,0.9786,True,True
1125,1,1,Allergen,Allergen,Venom Allergen,Venom Allergen,0.6625,0.9721,0.0279,True,True
1126,1,1,Allergen,Allergen,Pollen Allergen,Pollen Allergen,1.0,0.9944,0.0056,True,True
1127,1,1,Allergen,Allergen,Pollen Allergen,Pollen Allergen,0.995,0.9974,0.0026,True,True
1128,0,0,Non-Allergen,Non-Allergen,Non-Allergen,Non-Allergen,0.9939000010490417,0.0061,0.9939,True,True
1129,0,0,Non-Allergen,Non-Allergen,Non-Allergen,Non-Allergen,0.9998000264167786,0.0002,0.9998,True,True
1130,0,0,Non-Allergen,Non-Allergen,Non-Allergen,Non-Allergen,0.8799999952316284,0.12,0.88,True,True
1131,1,1,Allergen,Allergen,Pollen Allergen,Pollen Allergen,1.0,0.985,0.015,True,True
1132,0,0,Non-Allergen,Non-Allergen,Non-Allergen,Non-Allergen,0.9980000257492065,0.002,0.998,True,True
1133,0,0,Non-Allergen,Non-Allergen,Non-Allergen,Non-Allergen,0.9933000206947327,0.0067,0.9933,True,True
1134,0,0,Non-Allergen,Non-Allergen,Non-Allergen,Non-Allergen,0.9940999746322632,0.0059,0.9941,True,True
1135,0,0,Non-Allergen,Non-Allergen,Non-Allergen,Non-Allergen,0.9922999739646912,0.0077,0.9923,True,True
1136,0,0,Non-Allergen,Non-Allergen,Non-Allergen,Non-Allergen,0.984499990940094,0.0155,0.9845,True,True
1137,1,1,Allergen,Allergen,Venom Allergen,Venom Allergen,1.0,0.9201,0.0799,True,True
1138,1,1,Allergen,Allergen,Mold/Fungal Allergen,Mold/Fungal Allergen,1.0,1.0,0.0,True,True
1139,1,1,Allergen,Allergen,Venom Allergen,Dust Mite Allergen,0.415,0.5612,0.4388,True,False
1140,0,0,Non-Allergen,Non-Allergen,Non-Allergen,Non-Allergen,0.9972000122070312,0.0028,0.9972,True,True
1141,0,0,Non-Allergen,Non-Allergen,Non-Allergen,Non-Allergen,0.995199978351593,0.0048,0.9952,True,True
1142,1,1,Allergen,Allergen,Food Allergen,Food Allergen,0.5775,0.9331,0.0669,True,True
1143,0,0,Non-Allergen,Non-Allergen,Non-Allergen,Non-Allergen,0.9610999822616577,0.0389,0.9611,True,True
1144,1,1,Allergen,Allergen,Food Allergen,Venom Allergen,0.38,0.8778,0.1222,True,False
1145,1,1,Allergen,Allergen,Food Allergen,Food Allergen,1.0,0.9997,0.0003,True,True
1146,0,0,Non-Allergen,Non-Allergen,Non-Allergen,Non-Allergen,0.9822999835014343,0.0177,0.9823,True,True
1147,1,1,Allergen,Allergen,Venom Allergen,Venom Allergen,0.6725,0.7059,0.2941,True,True
1148,0,0,Non-Allergen,Non-Allergen,Non-Allergen,Non-Allergen,0.9994000196456909,0.0006,0.9994,True,True
1149,1,1,Allergen,Allergen,Dust Mite Allergen,Dust Mite Allergen,0.59,0.9407,0.0593,True,True
1150,0,0,Non-Allergen,Non-Allergen,Non-Allergen,Non-Allergen,0.9164999723434448,0.0835,0.9165,True,True
1151,1,1,Allergen,Allergen,Food Allergen,Food Allergen,1.0,0.9991,0.0009,True,True
1152,0,0,Non-Allergen,Non-Allergen,Non-Allergen,Non-Allergen,0.9879999756813049,0.012,0.988,True,True
1153,1,1,Allergen,Allergen,Food Allergen,Food Allergen,1.0,0.9991,0.0009,True,True
1154,1,0,Allergen,Non-Allergen,Pollen Allergen,Non-Allergen,0.6599000096321106,0.3401,0.6599,False,False
1155,1,1,Allergen,Allergen,Venom Allergen,Venom Allergen,0.8125,0.9814,0.0186,True,True
1156,0,0,Non-Allergen,Non-Allergen,Non-Allergen,Non-Allergen,0.9998999834060669,1e-04,0.9999,True,True
1157,1,1,Allergen,Allergen,Dust Mite Allergen,Dust Mite Allergen,0.695,0.9229,0.0771,True,True
1158,1,1,Allergen,Allergen,Dust Mite Allergen,Dust Mite Allergen,0.8675,0.9942,0.0058,True,True
1159,1,1,Allergen,Allergen,Venom Allergen,Venom Allergen,0.995,0.9984,0.0016,True,True
1160,0,0,Non-Allergen,Non-Allergen,Non-Allergen,Non-Allergen,0.9276999831199646,0.0723,0.9277,True,True
1161,0,0,Non-Allergen,Non-Allergen,Non-Allergen,Non-Allergen,0.9944000244140625,0.0056,0.9944,True,True
1162,0,0,Non-Allergen,Non-Allergen,Non-Allergen,Non-Allergen,0.9664000272750854,0.0336,0.9664,True,True
1163,1,1,Allergen,Allergen,Dust Mite Allergen,Dust Mite Allergen,0.6325,0.7413,0.2587,True,True
1164,0,0,Non-Allergen,Non-Allergen,Non-Allergen,Non-Allergen,0.9164999723434448,0.0835,0.9165,True,True
1165,1,1,Allergen,Allergen,Pollen Allergen,Pollen Allergen,0.87,0.9673,0.0327,True,True
1166,1,0,Allergen,Non-Allergen,Venom Allergen,Non-Allergen,0.5541999936103821,0.4458,0.5542,False,False
1167,0,0,Non-Allergen,Non-Allergen,Non-Allergen,Non-Allergen,0.9887999892234802,0.0112,0.9888,True,True
1168,0,0,Non-Allergen,Non-Allergen,Non-Allergen,Non-Allergen,0.9836999773979187,0.0163,0.9837,True,True
1169,1,1,Allergen,Allergen,Pollen Allergen,Food Allergen,0.37,0.7207,0.2793,True,False
1170,0,0,Non-Allergen,Non-Allergen,Non-Allergen,Non-Allergen,0.9998999834060669,1e-04,0.9999,True,True
1171,0,1,Non-Allergen,Allergen,Non-Allergen,Pollen Allergen,0.33,0.5526,0.4474,False,False
1172,1,1,Allergen,Allergen,Food Allergen,Food Allergen,0.9575,0.9902,0.0098,True,True
1173,0,0,Non-Allergen,Non-Allergen,Non-Allergen,Non-Allergen,0.974399983882904,0.0256,0.9744,True,True
1174,1,1,Allergen,Allergen,Mold/Fungal Allergen,Mold/Fungal Allergen,1.0,0.9999,1e-04,True,True
1175,0,0,Non-Allergen,Non-Allergen,Non-Allergen,Non-Allergen,0.7476000189781189,0.2524,0.7476,True,True
1176,0,0,Non-Allergen,Non-Allergen,Non-Allergen,Non-Allergen,0.9854000210762024,0.0146,0.9854,True,True
1177,1,1,Allergen,Allergen,Dust Mite Allergen,Dust Mite Allergen,0.97,0.9866,0.0134,True,True
1178,1,1,Allergen,Allergen,Mold/Fungal Allergen,Mold/Fungal Allergen,1.0,1.0,0.0,True,True
1179,1,1,Allergen,Allergen,Food Allergen,Food Allergen,0.82,0.9872,0.0128,True,True
1180,0,0,Non-Allergen,Non-Allergen,Non-Allergen,Non-Allergen,0.6568999886512756,0.3431,0.6569,True,True
1181,0,0,Non-Allergen,Non-Allergen,Non-Allergen,Non-Allergen,0.9991999864578247,0.0008,0.9992,True,True
1182,1,1,Allergen,Allergen,Mold/Fungal Allergen,Mold/Fungal Allergen,1.0,0.9929,0.0071,True,True
1183,0,0,Non-Allergen,Non-Allergen,Non-Allergen,Non-Allergen,0.9222999811172485,0.0777,0.9223,True,True
1184,0,0,Non-Allergen,Non-Allergen,Non-Allergen,Non-Allergen,0.9966999888420105,0.0033,0.9967,True,True
1185,0,0,Non-Allergen,Non-Allergen,Non-Allergen,Non-Allergen,0.9199000000953674,0.0801,0.9199,True,True
1186,0,0,Non-Allergen,Non-Allergen,Non-Allergen,Non-Allergen,0.9945999979972839,0.0054,0.9946,True,True
1187,0,0,Non-Allergen,Non-Allergen,Non-Allergen,Non-Allergen,0.9908999800682068,0.0091,0.9909,True,True
1188,1,1,Allergen,Allergen,Pollen Allergen,Pollen Allergen,1.0,0.9937,0.0063,True,True
1189,0,0,Non-Allergen,Non-Allergen,Non-Allergen,Non-Allergen,0.9653000235557556,0.0347,0.9653,True,True
1190,0,0,Non-Allergen,Non-Allergen,Non-Allergen,Non-Allergen,0.9223999977111816,0.0776,0.9224,True,True
1191,1,1,Allergen,Allergen,Food Allergen,Food Allergen,1.0,0.9858,0.0142,True,True
1192,0,0,Non-Allergen,Non-Allergen,Non-Allergen,Non-Allergen,0.9860000014305115,0.014,0.986,True,True
1193,0,0,Non-Allergen,Non-Allergen,Non-Allergen,Non-Allergen,0.7340999841690063,0.2659,0.7341,True,True
1194,0,0,Non-Allergen,Non-Allergen,Non-Allergen,Non-Allergen,0.9376000165939331,0.0624,0.9376,True,True
1195,0,0,Non-Allergen,Non-Allergen,Non-Allergen,Non-Allergen,0.9139999747276306,0.086,0.914,True,True
1196,0,0,Non-Allergen,Non-Allergen,Non-Allergen,Non-Allergen,0.9991999864578247,0.0008,0.9992,True,True
1197,1,1,Allergen,Allergen,Mold/Fungal Allergen,Mold/Fungal Allergen,1.0,1.0,0.0,True,True
1198,0,0,Non-Allergen,Non-Allergen,Non-Allergen,Non-Allergen,0.9745000004768372,0.0255,0.9745,True,True
1199,0,0,Non-Allergen,Non-Allergen,Non-Allergen,Non-Allergen,0.9965000152587891,0.0035,0.9965,True,True
1200,0,0,Non-Allergen,Non-Allergen,Non-Allergen,Non-Allergen,0.9998999834060669,1e-04,0.9999,True,True
1201,1,1,Allergen,Allergen,Food Allergen,Food Allergen,1.0,0.9989,0.0011,True,True
1202,0,0,Non-Allergen,Non-Allergen,Non-Allergen,Non-Allergen,0.9995999932289124,0.0004,0.9996,True,True
1203,1,1,Allergen,Allergen,Food Allergen,Food Allergen,1.0,0.9991,0.0009,True,True
1204,1,1,Allergen,Allergen,Pollen Allergen,Pollen Allergen,1.0,0.9988,0.0012,True,True
1205,1,1,Allergen,Allergen,Mold/Fungal Allergen,Mold/Fungal Allergen,0.9925,0.9984,0.0016,True,True
1206,0,0,Non-Allergen,Non-Allergen,Non-Allergen,Non-Allergen,0.9745000004768372,0.0255,0.9745,True,True
1207,1,1,Allergen,Allergen,Pollen Allergen,Pollen Allergen,1.0,0.9809,0.0191,True,True
1208,0,0,Non-Allergen,Non-Allergen,Non-Allergen,Non-Allergen,0.9883999824523926,0.0116,0.9884,True,True
1209,1,1,Allergen,Allergen,Mold/Fungal Allergen,Mold/Fungal Allergen,1.0,0.9988,0.0012,True,True
1210,0,0,Non-Allergen,Non-Allergen,Non-Allergen,Non-Allergen,0.9990000128746033,0.001,0.999,True,True
1211,1,1,Allergen,Allergen,Food Allergen,Food Allergen,1.0,0.9989,0.0011,True,True
1212,1,0,Allergen,Non-Allergen,Venom Allergen,Non-Allergen,0.7724000215530396,0.2276,0.7724,False,False
1213,1,1,Allergen,Allergen,Food Allergen,Food Allergen,0.9575,0.9978,0.0022,True,True
1214,0,0,Non-Allergen,Non-Allergen,Non-Allergen,Non-Allergen,0.998199999332428,0.0018,0.9982,True,True
1215,1,1,Allergen,Allergen,Venom Allergen,Venom Allergen,0.94,0.9882,0.0118,True,True
1216,0,0,Non-Allergen,Non-Allergen,Non-Allergen,Non-Allergen,0.9890999794006348,0.0109,0.9891,True,True
1217,0,0,Non-Allergen,Non-Allergen,Non-Allergen,Non-Allergen,0.978600025177002,0.0214,0.9786,True,True
1218,0,0,Non-Allergen,Non-Allergen,Non-Allergen,Non-Allergen,0.9972000122070312,0.0028,0.9972,True,True
1219,1,1,Allergen,Allergen,Venom Allergen,Venom Allergen,0.8225,0.9753,0.0247,True,True
1220,1,1,Allergen,Allergen,Venom Allergen,Venom Allergen,1.0,0.9282,0.0718,True,True
1221,1,1,Allergen,Allergen,Mold/Fungal Allergen,Mold/Fungal Allergen,1.0,0.9993,0.0007,True,True
1222,0,0,Non-Allergen,Non-Allergen,Non-Allergen,Non-Allergen,0.9973000288009644,0.0027,0.9973,True,True
1223,0,0,Non-Allergen,Non-Allergen,Non-Allergen,Non-Allergen,0.986299991607666,0.0137,0.9863,True,True
1224,0,0,Non-Allergen,Non-Allergen,Non-Allergen,Non-Allergen,0.9901000261306763,0.0099,0.9901,True,True
1225,1,1,Allergen,Allergen,Mold/Fungal Allergen,Mold/Fungal Allergen,1.0,0.9999,1e-04,True,True
1226,1,1,Allergen,Allergen,Food Allergen,Food Allergen,0.485,0.6068,0.3932,True,True
1227,1,1,Allergen,Allergen,Mold/Fungal Allergen,Mold/Fungal Allergen,1.0,1.0,0.0,True,True
1228,1,1,Allergen,Allergen,Food Allergen,Food Allergen,0.7575,0.9351,0.0649,True,True
1229,0,0,Non-Allergen,Non-Allergen,Non-Allergen,Non-Allergen,0.9950000047683716,0.005,0.995,True,True
1230,0,0,Non-Allergen,Non-Allergen,Non-Allergen,Non-Allergen,0.9993000030517578,0.0007,0.9993,True,True
1231,1,1,Allergen,Allergen,Mold/Fungal Allergen,Mold/Fungal Allergen,1.0,0.9998,0.0002,True,True
1232,0,0,Non-Allergen,Non-Allergen,Non-Allergen,Non-Allergen,0.9991000294685364,0.0009,0.9991,True,True
1233,0,0,Non-Allergen,Non-Allergen,Non-Allergen,Non-Allergen,0.9603999853134155,0.0396,0.9604,True,True
1234,1,1,Allergen,Allergen,Food Allergen,Food Allergen,0.515,0.7337,0.2663,True,True
1235,1,1,Allergen,Allergen,Mold/Fungal Allergen,Mold/Fungal Allergen,1.0,0.9999,1e-04,True,True
1236,0,0,Non-Allergen,Non-Allergen,Non-Allergen,Non-Allergen,0.9096999764442444,0.0903,0.9097,True,True
1237,1,1,Allergen,Allergen,Pollen Allergen,Pollen Allergen,1.0,0.9989,0.0011,True,True
1238,1,1,Allergen,Allergen,Pollen Allergen,Pollen Allergen,1.0,0.991,0.009,True,True
1239,1,1,Allergen,Allergen,Food Allergen,Food Allergen,1.0,0.9988,0.0012,True,True
1240,0,0,Non-Allergen,Non-Allergen,Non-Allergen,Non-Allergen,0.9993000030517578,0.0007,0.9993,True,True
1241,0,0,Non-Allergen,Non-Allergen,Non-Allergen,Non-Allergen,0.9983999729156494,0.0016,0.9984,True,True
1242,0,0,Non-Allergen,Non-Allergen,Non-Allergen,Non-Allergen,0.9997000098228455,0.0003,0.9997,True,True
1243,0,0,Non-Allergen,Non-Allergen,Non-Allergen,Non-Allergen,0.9991999864578247,0.0008,0.9992,True,True
1244,1,1,Allergen,Allergen,Mold/Fungal Allergen,Mold/Fungal Allergen,1.0,1.0,0.0,True,True
1245,0,0,Non-Allergen,Non-Allergen,Non-Allergen,Non-Allergen,0.5770000219345093,0.423,0.577,True,True
1246,1,1,Allergen,Allergen,Mold/Fungal Allergen,Mold/Fungal Allergen,0.985,0.9996,0.0004,True,True
1247,0,0,Non-Allergen,Non-Allergen,Non-Allergen,Non-Allergen,0.9916999936103821,0.0083,0.9917,True,True
1248,1,1,Allergen,Allergen,Mold/Fungal Allergen,Mold/Fungal Allergen,0.4525,0.9976,0.0024,True,True
1249,1,1,Allergen,Allergen,Food Allergen,Food Allergen,0.445,0.9951,0.0049,True,True
1250,0,0,Non-Allergen,Non-Allergen,Non-Allergen,Non-Allergen,0.9965000152587891,0.0035,0.9965,True,True
1251,0,0,Non-Allergen,Non-Allergen,Non-Allergen,Non-Allergen,0.9747999906539917,0.0252,0.9748,True,True
1252,1,1,Allergen,Allergen,Mold/Fungal Allergen,Mold/Fungal Allergen,1.0,1.0,0.0,True,True
1253,0,0,Non-Allergen,Non-Allergen,Non-Allergen,Non-Allergen,0.9994000196456909,0.0006,0.9994,True,True
1254,0,1,Non-Allergen,Allergen,Non-Allergen,Pollen Allergen,0.4025,0.8695,0.1305,False,False
1255,0,0,Non-Allergen,Non-Allergen,Non-Allergen,Non-Allergen,0.9973000288009644,0.0027,0.9973,True,True
1256,0,0,Non-Allergen,Non-Allergen,Non-Allergen,Non-Allergen,0.9977999925613403,0.0022,0.9978,True,True
1257,0,0,Non-Allergen,Non-Allergen,Non-Allergen,Non-Allergen,0.9322999715805054,0.0677,0.9323,True,True
1258,1,1,Allergen,Allergen,Dust Mite Allergen,Dust Mite Allergen,1.0,0.9577,0.0423,True,True
1259,0,0,Non-Allergen,Non-Allergen,Non-Allergen,Non-Allergen,0.9876000285148621,0.0124,0.9876,True,True
1260,0,0,Non-Allergen,Non-Allergen,Non-Allergen,Non-Allergen,0.9855999946594238,0.0144,0.9856,True,True
1261,0,0,Non-Allergen,Non-Allergen,Non-Allergen,Non-Allergen,0.8201000094413757,0.1799,0.8201,True,True
1262,0,0,Non-Allergen,Non-Allergen,Non-Allergen,Non-Allergen,0.9973999857902527,0.0026,0.9974,True,True
1263,1,1,Allergen,Allergen,Mold/Fungal Allergen,Mold/Fungal Allergen,1.0,0.9958,0.0042,True,True
1264,0,0,Non-Allergen,Non-Allergen,Non-Allergen,Non-Allergen,0.6707000136375427,0.3293,0.6707,True,True
1265,0,0,Non-Allergen,Non-Allergen,Non-Allergen,Non-Allergen,0.9994999766349792,0.0005,0.9995,True,True
1266,1,1,Allergen,Allergen,Mold/Fungal Allergen,Mold/Fungal Allergen,1.0,1.0,0.0,True,True
1267,1,1,Allergen,Allergen,Mold/Fungal Allergen,Mold/Fungal Allergen,1.0,1.0,0.0,True,True
1268,1,1,Allergen,Allergen,Mold/Fungal Allergen,Mold/Fungal Allergen,0.8675,0.995,0.005,True,True
1269,1,1,Allergen,Allergen,Dust Mite Allergen,Dust Mite Allergen,1.0,0.9298,0.0702,True,True
1270,1,1,Allergen,Allergen,Venom Allergen,Venom Allergen,0.985,0.9982,0.0018,True,True
1271,1,1,Allergen,Allergen,Pollen Allergen,Pollen Allergen,0.365,0.8637,0.1363,True,True
1272,1,1,Allergen,Allergen,Pollen Allergen,Pollen Allergen,0.675,0.975,0.025,True,True
1273,0,0,Non-Allergen,Non-Allergen,Non-Allergen,Non-Allergen,0.996399998664856,0.0036,0.9964,True,True
1274,0,0,Non-Allergen,Non-Allergen,Non-Allergen,Non-Allergen,0.9998000264167786,0.0002,0.9998,True,True
1275,1,1,Allergen,Allergen,Dust Mite Allergen,Dust Mite Allergen,1.0,0.9885,0.0115,True,True
1276,1,1,Allergen,Allergen,Food Allergen,Food Allergen,0.5975,0.9576,0.0424,True,True
1277,0,0,Non-Allergen,Non-Allergen,Non-Allergen,Non-Allergen,0.9995999932289124,0.0004,0.9996,True,True
1278,1,1,Allergen,Allergen,Dust Mite Allergen,Dust Mite Allergen,0.6175,0.9663,0.0337,True,True
1279,0,0,Non-Allergen,Non-Allergen,Non-Allergen,Non-Allergen,0.984000027179718,0.016,0.984,True,True
1280,1,1,Allergen,Allergen,Mold/Fungal Allergen,Mold/Fungal Allergen,1.0,0.9999,1e-04,True,True
1281,1,1,Allergen,Allergen,Mold/Fungal Allergen,Mold/Fungal Allergen,1.0,0.9997,0.0003,True,True
1282,0,0,Non-Allergen,Non-Allergen,Non-Allergen,Non-Allergen,0.9771000146865845,0.0229,0.9771,True,True
1283,0,0,Non-Allergen,Non-Allergen,Non-Allergen,Non-Allergen,0.9966999888420105,0.0033,0.9967,True,True
1284,1,1,Allergen,Allergen,Venom Allergen,Venom Allergen,1.0,0.9994,0.0006,True,True
1285,1,1,Allergen,Allergen,Food Allergen,Food Allergen,0.8425,0.9992,0.0008,True,True
1286,0,0,Non-Allergen,Non-Allergen,Non-Allergen,Non-Allergen,0.919700026512146,0.0803,0.9197,True,True
1287,0,0,Non-Allergen,Non-Allergen,Non-Allergen,Non-Allergen,0.9980000257492065,0.002,0.998,True,True
1288,1,1,Allergen,Allergen,Dust Mite Allergen,Dust Mite Allergen,0.905,0.9897,0.0103,True,True
1289,1,1,Allergen,Allergen,Food Allergen,Food Allergen,0.92,0.9559,0.0441,True,True
1290,0,0,Non-Allergen,Non-Allergen,Non-Allergen,Non-Allergen,0.9898999929428101,0.0101,0.9899,True,True
1291,0,0,Non-Allergen,Non-Allergen,Non-Allergen,Non-Allergen,0.9995999932289124,0.0004,0.9996,True,True
1292,0,0,Non-Allergen,Non-Allergen,Non-Allergen,Non-Allergen,0.9980999827384949,0.0019,0.9981,True,True
1293,1,1,Allergen,Allergen,Dust Mite Allergen,Dust Mite Allergen,0.37,0.7822,0.2178,True,True
1294,0,0,Non-Allergen,Non-Allergen,Non-Allergen,Non-Allergen,0.9754999876022339,0.0245,0.9755,True,True
1295,1,1,Allergen,Allergen,Pollen Allergen,Pollen Allergen,1.0,0.9987,0.0013,True,True
1296,0,0,Non-Allergen,Non-Allergen,Non-Allergen,Non-Allergen,0.9968000054359436,0.0032,0.9968,True,True
1297,0,0,Non-Allergen,Non-Allergen,Non-Allergen,Non-Allergen,0.9997000098228455,0.0003,0.9997,True,True
1298,1,1,Allergen,Allergen,Venom Allergen,Venom Allergen,0.48,0.9547,0.0453,True,True
1299,0,0,Non-Allergen,Non-Allergen,Non-Allergen,Non-Allergen,0.77920001745224,0.2208,0.7792,True,True
1300,0,0,Non-Allergen,Non-Allergen,Non-Allergen,Non-Allergen,0.9514999985694885,0.0485,0.9515,True,True
1301,1,1,Allergen,Allergen,Dust Mite Allergen,Dust Mite Allergen,0.905,0.9005,0.0995,True,True
1302,1,1,Allergen,Allergen,Venom Allergen,Venom Allergen,0.8225,0.9848,0.0152,True,True
1303,0,0,Non-Allergen,Non-Allergen,Non-Allergen,Non-Allergen,0.9998000264167786,0.0002,0.9998,True,True
1304,0,0,Non-Allergen,Non-Allergen,Non-Allergen,Non-Allergen,0.9976000189781189,0.0024,0.9976,True,True
1305,0,0,Non-Allergen,Non-Allergen,Non-Allergen,Non-Allergen,0.9952999949455261,0.0047,0.9953,True,True
1306,1,1,Allergen,Allergen,Dust Mite Allergen,Dust Mite Allergen,0.5125,0.6165,0.3835,True,True
1307,1,1,Allergen,Allergen,Mold/Fungal Allergen,Mold/Fungal Allergen,0.9975,1.0,0.0,True,True
1308,1,1,Allergen,Allergen,Mold/Fungal Allergen,Mold/Fungal Allergen,1.0,0.9991,0.0009,True,True
1309,1,1,Allergen,Allergen,Venom Allergen,Venom Allergen,0.7475,0.995,0.005,True,True
1310,1,1,Allergen,Allergen,Pollen Allergen,Pollen Allergen,0.86,0.9885,0.0115,True,True
1311,1,1,Allergen,Allergen,Dust Mite Allergen,Dust Mite Allergen,0.495,0.9958,0.0042,True,True
1312,1,1,Allergen,Allergen,Food Allergen,Venom Allergen,0.3525,0.9919,0.0081,True,False
1313,1,1,Allergen,Allergen,Venom Allergen,Venom Allergen,0.55,0.5358,0.4642,True,True
1314,1,1,Allergen,Allergen,Venom Allergen,Venom Allergen,1.0,0.9993,0.0007,True,True
1315,0,0,Non-Allergen,Non-Allergen,Non-Allergen,Non-Allergen,0.9872999787330627,0.0127,0.9873,True,True
1316,1,1,Allergen,Allergen,Food Allergen,Food Allergen,0.8225,0.8053,0.1947,True,True
1317,0,0,Non-Allergen,Non-Allergen,Non-Allergen,Non-Allergen,0.954800009727478,0.0452,0.9548,True,True
1318,0,0,Non-Allergen,Non-Allergen,Non-Allergen,Non-Allergen,0.9998999834060669,1e-04,0.9999,True,True
1319,0,0,Non-Allergen,Non-Allergen,Non-Allergen,Non-Allergen,0.9993000030517578,0.0007,0.9993,True,True
1320,0,0,Non-Allergen,Non-Allergen,Non-Allergen,Non-Allergen,0.6069999933242798,0.393,0.607,True,True
1321,0,0,Non-Allergen,Non-Allergen,Non-Allergen,Non-Allergen,0.9984999895095825,0.0015,0.9985,True,True
1322,1,1,Allergen,Allergen,Food Allergen,Food Allergen,0.5425,0.9024,0.0976,True,True
1323,0,0,Non-Allergen,Non-Allergen,Non-Allergen,Non-Allergen,0.9118000268936157,0.0882,0.9118,True,True
1324,0,0,Non-Allergen,Non-Allergen,Non-Allergen,Non-Allergen,0.9961000084877014,0.0039,0.9961,True,True
1325,0,0,Non-Allergen,Non-Allergen,Non-Allergen,Non-Allergen,0.9882000088691711,0.0118,0.9882,True,True
1326,1,1,Allergen,Allergen,Venom Allergen,Venom Allergen,0.8275,0.9954,0.0046,True,True
1327,1,1,Allergen,Allergen,Pollen Allergen,Pollen Allergen,1.0,0.9993,0.0007,True,True
1328,0,0,Non-Allergen,Non-Allergen,Non-Allergen,Non-Allergen,0.9973000288009644,0.0027,0.9973,True,True
1329,0,0,Non-Allergen,Non-Allergen,Non-Allergen,Non-Allergen,0.9912999868392944,0.0087,0.9913,True,True
1330,1,1,Allergen,Allergen,Venom Allergen,Venom Allergen,0.655,0.9912,0.0088,True,True
1331,0,0,Non-Allergen,Non-Allergen,Non-Allergen,Non-Allergen,0.9973999857902527,0.0026,0.9974,True,True
1332,1,1,Allergen,Allergen,Latex Allergen,Latex Allergen,0.9975,0.9996,0.0004,True,True
1333,1,1,Allergen,Allergen,Pollen Allergen,Pollen Allergen,0.975,0.9979,0.0021,True,True
1334,0,0,Non-Allergen,Non-Allergen,Non-Allergen,Non-Allergen,0.6736999750137329,0.3263,0.6737,True,True
1335,0,0,Non-Allergen,Non-Allergen,Non-Allergen,Non-Allergen,0.906499981880188,0.0935,0.9065,True,True
1336,1,1,Allergen,Allergen,Pollen Allergen,Pollen Allergen,1.0,0.9986,0.0014,True,True
1337,0,0,Non-Allergen,Non-Allergen,Non-Allergen,Non-Allergen,0.9962999820709229,0.0037,0.9963,True,True
1338,0,0,Non-Allergen,Non-Allergen,Non-Allergen,Non-Allergen,0.9469000101089478,0.0531,0.9469,True,True
1339,1,1,Allergen,Allergen,Pollen Allergen,Pollen Allergen,1.0,0.9956,0.0044,True,True
1340,0,0,Non-Allergen,Non-Allergen,Non-Allergen,Non-Allergen,0.7529000043869019,0.2471,0.7529,True,True
1341,0,0,Non-Allergen,Non-Allergen,Non-Allergen,Non-Allergen,0.9940000176429749,0.006,0.994,True,True
1342,1,1,Allergen,Allergen,Mold/Fungal Allergen,Mold/Fungal Allergen,0.995,0.9982,0.0018,True,True
1343,1,1,Allergen,Allergen,Dust Mite Allergen,Dust Mite Allergen,1.0,0.9933,0.0067,True,True
1344,0,0,Non-Allergen,Non-Allergen,Non-Allergen,Non-Allergen,0.9993000030517578,0.0007,0.9993,True,True
1345,0,0,Non-Allergen,Non-Allergen,Non-Allergen,Non-Allergen,0.9980999827384949,0.0019,0.9981,True,True
1346,1,1,Allergen,Allergen,Mold/Fungal Allergen,Mold/Fungal Allergen,0.9925,0.9988,0.0012,True,True
1347,1,1,Allergen,Allergen,Mold/Fungal Allergen,Mold/Fungal Allergen,1.0,0.999,0.001,True,True
1348,0,0,Non-Allergen,Non-Allergen,Non-Allergen,Non-Allergen,0.9787999987602234,0.0212,0.9788,True,True
1349,0,0,Non-Allergen,Non-Allergen,Non-Allergen,Non-Allergen,0.9786999821662903,0.0213,0.9787,True,True
1350,1,1,Allergen,Allergen,Dust Mite Allergen,Dust Mite Allergen,0.4225,0.9984,0.0016,True,True
1351,1,1,Allergen,Allergen,Dust Mite Allergen,Dust Mite Allergen,0.715,0.9489,0.0511,True,True
1352,1,1,Allergen,Allergen,Pollen Allergen,Dust Mite Allergen,0.49,0.6151,0.3849,True,False
1353,1,1,Allergen,Allergen,Venom Allergen,Venom Allergen,1.0,0.943,0.057,True,True
1354,0,0,Non-Allergen,Non-Allergen,Non-Allergen,Non-Allergen,0.9902999997138977,0.0097,0.9903,True,True
1355,0,0,Non-Allergen,Non-Allergen,Non-Allergen,Non-Allergen,0.9557999968528748,0.0442,0.9558,True,True
1356,1,1,Allergen,Allergen,Pollen Allergen,Venom Allergen,0.4125,0.9719,0.0281,True,False
1357,0,0,Non-Allergen,Non-Allergen,Non-Allergen,Non-Allergen,0.9980000257492065,0.002,0.998,True,True
1358,0,0,Non-Allergen,Non-Allergen,Non-Allergen,Non-Allergen,0.98089998960495,0.0191,0.9809,True,True
1359,0,0,Non-Allergen,Non-Allergen,Non-Allergen,Non-Allergen,0.9986000061035156,0.0014,0.9986,True,True
1360,0,0,Non-Allergen,Non-Allergen,Non-Allergen,Non-Allergen,0.8823000192642212,0.1177,0.8823,True,True
1361,1,1,Allergen,Allergen,Food Allergen,Food Allergen,0.9375,0.9933,0.0067,True,True
1362,0,0,Non-Allergen,Non-Allergen,Non-Allergen,Non-Allergen,0.9578999876976013,0.0421,0.9579,True,True
1363,0,0,Non-Allergen,Non-Allergen,Non-Allergen,Non-Allergen,0.9991000294685364,0.0009,0.9991,True,True
1364,0,1,Non-Allergen,Allergen,Non-Allergen,Dust Mite Allergen,0.375,0.9336,0.0664,False,False
1365,0,0,Non-Allergen,Non-Allergen,Non-Allergen,Non-Allergen,0.9516000151634216,0.0484,0.9516,True,True
1366,0,0,Non-Allergen,Non-Allergen,Non-Allergen,Non-Allergen,0.9972000122070312,0.0028,0.9972,True,True
1367,1,1,Allergen,Allergen,Mold/Fungal Allergen,Mold/Fungal Allergen,1.0,0.9999,1e-04,True,True
1368,1,1,Allergen,Allergen,Pollen Allergen,Pollen Allergen,0.96,0.9895,0.0105,True,True
1369,1,1,Allergen,Allergen,Food Allergen,Food Allergen,0.7825,0.9951,0.0049,True,True
1370,1,1,Allergen,Allergen,Venom Allergen,Venom Allergen,0.9375,0.9967,0.0033,True,True
1371,0,0,Non-Allergen,Non-Allergen,Non-Allergen,Non-Allergen,0.7669000029563904,0.2331,0.7669,True,True
1372,1,1,Allergen,Allergen,Mold/Fungal Allergen,Mold/Fungal Allergen,1.0,0.9997,0.0003,True,True
1373,0,0,Non-Allergen,Non-Allergen,Non-Allergen,Non-Allergen,0.9941999912261963,0.0058,0.9942,True,True
1374,0,0,Non-Allergen,Non-Allergen,Non-Allergen,Non-Allergen,0.9966999888420105,0.0033,0.9967,True,True
1375,0,0,Non-Allergen,Non-Allergen,Non-Allergen,Non-Allergen,0.9807000160217285,0.0193,0.9807,True,True
1376,0,0,Non-Allergen,Non-Allergen,Non-Allergen,Non-Allergen,0.9966999888420105,0.0033,0.9967,True,True
1377,0,0,Non-Allergen,Non-Allergen,Non-Allergen,Non-Allergen,0.9919999837875366,0.008,0.992,True,True
1378,0,0,Non-Allergen,Non-Allergen,Non-Allergen,Non-Allergen,0.9994000196456909,0.0006,0.9994,True,True
1379,1,1,Allergen,Allergen,Venom Allergen,Venom Allergen,0.99,0.997,0.003,True,True
1380,1,1,Allergen,Allergen,Venom Allergen,Venom Allergen,1.0,0.991,0.009,True,True
1381,1,1,Allergen,Allergen,Food Allergen,Food Allergen,1.0,0.9909,0.0091,True,True
1382,0,1,Non-Allergen,Allergen,Non-Allergen,Dust Mite Allergen,0.35,0.8169,0.1831,False,False
1383,0,0,Non-Allergen,Non-Allergen,Non-Allergen,Non-Allergen,0.9936000108718872,0.0064,0.9936,True,True
1384,0,0,Non-Allergen,Non-Allergen,Non-Allergen,Non-Allergen,0.9994000196456909,0.0006,0.9994,True,True
1385,0,0,Non-Allergen,Non-Allergen,Non-Allergen,Non-Allergen,0.9944000244140625,0.0056,0.9944,True,True
1386,0,0,Non-Allergen,Non-Allergen,Non-Allergen,Non-Allergen,0.9997000098228455,0.0003,0.9997,True,True
1387,1,1,Allergen,Allergen,Mold/Fungal Allergen,Mold/Fungal Allergen,1.0,0.9998,0.0002,True,True
1388,1,1,Allergen,Allergen,Food Allergen,Food Allergen,0.8975,0.9547,0.0453,True,True
1389,0,0,Non-Allergen,Non-Allergen,Non-Allergen,Non-Allergen,0.9927999973297119,0.0072,0.9928,True,True
1390,1,1,Allergen,Allergen,Pollen Allergen,Pollen Allergen,0.9375,0.9981,0.0019,True,True
1391,1,1,Allergen,Allergen,Dust Mite Allergen,Dust Mite Allergen,1.0,0.9148,0.0852,True,True
1392,1,0,Allergen,Non-Allergen,Venom Allergen,Non-Allergen,0.5008999705314636,0.4991,0.5009,False,False
1393,1,1,Allergen,Allergen,Pollen Allergen,Pollen Allergen,1.0,0.9967,0.0033,True,True
1394,0,0,Non-Allergen,Non-Allergen,Non-Allergen,Non-Allergen,0.9448999762535095,0.0551,0.9449,True,True
1395,0,0,Non-Allergen,Non-Allergen,Non-Allergen,Non-Allergen,0.9965000152587891,0.0035,0.9965,True,True
1396,1,1,Allergen,Allergen,Mold/Fungal Allergen,Mold/Fungal Allergen,1.0,0.9999,1e-04,True,True
1397,0,0,Non-Allergen,Non-Allergen,Non-Allergen,Non-Allergen,0.9495000243186951,0.0505,0.9495,True,True
1398,0,0,Non-Allergen,Non-Allergen,Non-Allergen,Non-Allergen,0.9902999997138977,0.0097,0.9903,True,True
1399,0,0,Non-Allergen,Non-Allergen,Non-Allergen,Non-Allergen,0.7835000157356262,0.2165,0.7835,True,True
1400,1,1,Allergen,Allergen,Mold/Fungal Allergen,Mold/Fungal Allergen,1.0,0.9999,1e-04,True,True
1401,1,1,Allergen,Allergen,Dust Mite Allergen,Dust Mite Allergen,0.865,0.9412,0.0588,True,True
1402,0,0,Non-Allergen,Non-Allergen,Non-Allergen,Non-Allergen,0.9994999766349792,0.0005,0.9995,True,True
1403,0,0,Non-Allergen,Non-Allergen,Non-Allergen,Non-Allergen,0.9998999834060669,1e-04,0.9999,True,True
1404,1,1,Allergen,Allergen,Mold/Fungal Allergen,Mold/Fungal Allergen,0.795,0.9945,0.0055,True,True
1405,0,0,Non-Allergen,Non-Allergen,Non-Allergen,Non-Allergen,0.9998999834060669,1e-04,0.9999,True,True
1406,0,0,Non-Allergen,Non-Allergen,Non-Allergen,Non-Allergen,0.9998999834060669,1e-04,0.9999,True,True
1407,1,1,Allergen,Allergen,Pollen Allergen,Pollen Allergen,1.0,0.9302,0.0698,True,True
1408,0,0,Non-Allergen,Non-Allergen,Non-Allergen,Non-Allergen,0.888700008392334,0.1113,0.8887,True,True
1409,0,1,Non-Allergen,Allergen,Non-Allergen,Dust Mite Allergen,0.53,0.854,0.146,False,False
1410,1,1,Allergen,Allergen,Pollen Allergen,Pollen Allergen,1.0,0.9897,0.0103,True,True
1411,0,0,Non-Allergen,Non-Allergen,Non-Allergen,Non-Allergen,0.9843999743461609,0.0156,0.9844,True,True
1412,1,1,Allergen,Allergen,Pollen Allergen,Pollen Allergen,1.0,0.9995,0.0005,True,True
1413,1,1,Allergen,Allergen,Mold/Fungal Allergen,Mold/Fungal Allergen,1.0,0.9999,1e-04,True,True
1414,0,0,Non-Allergen,Non-Allergen,Non-Allergen,Non-Allergen,0.9973000288009644,0.0027,0.9973,True,True
1415,1,1,Allergen,Allergen,Pollen Allergen,Pollen Allergen,0.9825,0.9992,0.0008,True,True
1416,0,0,Non-Allergen,Non-Allergen,Non-Allergen,Non-Allergen,0.9750999808311462,0.0249,0.9751,True,True
1417,0,0,Non-Allergen,Non-Allergen,Non-Allergen,Non-Allergen,0.9944999814033508,0.0055,0.9945,True,True
1418,0,0,Non-Allergen,Non-Allergen,Non-Allergen,Non-Allergen,0.9948999881744385,0.0051,0.9949,True,True
1419,0,0,Non-Allergen,Non-Allergen,Non-Allergen,Non-Allergen,0.71670001745224,0.2833,0.7167,True,True
1420,1,1,Allergen,Allergen,Venom Allergen,Venom Allergen,0.7275,0.9815,0.0185,True,True
1421,1,1,Allergen,Allergen,Mold/Fungal Allergen,Mold/Fungal Allergen,1.0,0.9994,0.0006,True,True
1422,0,0,Non-Allergen,Non-Allergen,Non-Allergen,Non-Allergen,0.9670000076293945,0.033,0.967,True,True
1423,0,0,Non-Allergen,Non-Allergen,Non-Allergen,Non-Allergen,0.6963000297546387,0.3037,0.6963,True,True
1424,0,0,Non-Allergen,Non-Allergen,Non-Allergen,Non-Allergen,0.9994999766349792,0.0005,0.9995,True,True
1425,1,1,Allergen,Allergen,Mold/Fungal Allergen,Mold/Fungal Allergen,1.0,0.9949,0.0051,True,True
1426,1,1,Allergen,Allergen,Dust Mite Allergen,Dust Mite Allergen,0.6125,0.7795,0.2205,True,True
1427,0,0,Non-Allergen,Non-Allergen,Non-Allergen,Non-Allergen,0.9973999857902527,0.0026,0.9974,True,True
1428,0,0,Non-Allergen,Non-Allergen,Non-Allergen,Non-Allergen,0.9991000294685364,0.0009,0.9991,True,True
1429,1,1,Allergen,Allergen,Mold/Fungal Allergen,Mold/Fungal Allergen,1.0,0.9999,1e-04,True,True
1430,0,0,Non-Allergen,Non-Allergen,Non-Allergen,Non-Allergen,0.5335000157356262,0.4665,0.5335,True,True
1431,1,1,Allergen,Allergen,Venom Allergen,Venom Allergen,0.7,0.9799,0.0201,True,True
1432,0,0,Non-Allergen,Non-Allergen,Non-Allergen,Non-Allergen,0.998199999332428,0.0018,0.9982,True,True
1433,0,0,Non-Allergen,Non-Allergen,Non-Allergen,Non-Allergen,0.9365000128746033,0.0635,0.9365,True,True
1434,1,1,Allergen,Allergen,Dust Mite Allergen,Dust Mite Allergen,0.6075,0.9934,0.0066,True,True
1435,1,1,Allergen,Allergen,Mold/Fungal Allergen,Mold/Fungal Allergen,1.0,0.9999,1e-04,True,True
1436,0,0,Non-Allergen,Non-Allergen,Non-Allergen,Non-Allergen,0.9976999759674072,0.0023,0.9977,True,True
1437,1,1,Allergen,Allergen,Pollen Allergen,Pollen Allergen,0.97,0.9949,0.0051,True,True
1438,0,0,Non-Allergen,Non-Allergen,Non-Allergen,Non-Allergen,0.9994999766349792,0.0005,0.9995,True,True
1439,0,0,Non-Allergen,Non-Allergen,Non-Allergen,Non-Allergen,0.9577999711036682,0.0422,0.9578,True,True
1440,1,1,Allergen,Allergen,Dust Mite Allergen,Dust Mite Allergen,0.5625,0.8278,0.1722,True,True
1441,1,1,Allergen,Allergen,Mold/Fungal Allergen,Mold/Fungal Allergen,1.0,1.0,0.0,True,True
1442,1,1,Allergen,Allergen,Pollen Allergen,Pollen Allergen,0.995,0.9946,0.0054,True,True
1443,0,0,Non-Allergen,Non-Allergen,Non-Allergen,Non-Allergen,0.8725000023841858,0.1275,0.8725,True,True
1444,1,1,Allergen,Allergen,Pollen Allergen,Pollen Allergen,0.9675,0.9963,0.0037,True,True
1445,1,1,Allergen,Allergen,Mold/Fungal Allergen,Mold/Fungal Allergen,1.0,0.9926,0.0074,True,True
1446,0,0,Non-Allergen,Non-Allergen,Non-Allergen,Non-Allergen,0.9948999881744385,0.0051,0.9949,True,True
1447,0,0,Non-Allergen,Non-Allergen,Non-Allergen,Non-Allergen,0.9441999793052673,0.0558,0.9442,True,True
1448,1,1,Allergen,Allergen,Pollen Allergen,Pollen Allergen,0.9875,0.999,0.001,True,True
1449,0,0,Non-Allergen,Non-Allergen,Non-Allergen,Non-Allergen,0.8822000026702881,0.1178,0.8822,True,True
1450,1,1,Allergen,Allergen,Pollen Allergen,Pollen Allergen,0.7075,0.988,0.012,True,True
1451,1,1,Allergen,Allergen,Venom Allergen,Venom Allergen,0.745,0.8982,0.1018,True,True
1452,1,1,Allergen,Allergen,Dust Mite Allergen,Dust Mite Allergen,1.0,0.9985,0.0015,True,True
1453,1,1,Allergen,Allergen,Pollen Allergen,Pollen Allergen,1.0,0.9534,0.0466,True,True
1454,1,1,Allergen,Allergen,Mold/Fungal Allergen,Mold/Fungal Allergen,1.0,0.9928,0.0072,True,True
1455,0,0,Non-Allergen,Non-Allergen,Non-Allergen,Non-Allergen,0.9467999935150146,0.0532,0.9468,True,True
1456,0,0,Non-Allergen,Non-Allergen,Non-Allergen,Non-Allergen,0.9991999864578247,0.0008,0.9992,True,True
1457,1,1,Allergen,Allergen,Mold/Fungal Allergen,Mold/Fungal Allergen,1.0,0.9999,1e-04,True,True
1458,1,1,Allergen,Allergen,Dust Mite Allergen,Dust Mite Allergen,1.0,0.98,0.02,True,True
1459,1,1,Allergen,Allergen,Venom Allergen,Venom Allergen,0.8875,0.9992,0.0008,True,True
1460,0,0,Non-Allergen,Non-Allergen,Non-Allergen,Non-Allergen,0.9926999807357788,0.0073,0.9927,True,True
1461,1,1,Allergen,Allergen,Venom Allergen,Venom Allergen,0.67,0.9848,0.0152,True,True
1462,0,0,Non-Allergen,Non-Allergen,Non-Allergen,Non-Allergen,0.942799985408783,0.0572,0.9428,True,True
1463,0,0,Non-Allergen,Non-Allergen,Non-Allergen,Non-Allergen,0.9994999766349792,0.0005,0.9995,True,True
1464,1,1,Allergen,Allergen,Venom Allergen,Venom Allergen,0.735,0.7338,0.2662,True,True
1465,0,0,Non-Allergen,Non-Allergen,Non-Allergen,Non-Allergen,0.9986000061035156,0.0014,0.9986,True,True
1466,0,0,Non-Allergen,Non-Allergen,Non-Allergen,Non-Allergen,0.9812999963760376,0.0187,0.9813,True,True
1467,0,0,Non-Allergen,Non-Allergen,Non-Allergen,Non-Allergen,0.991100013256073,0.0089,0.9911,True,True
1468,0,0,Non-Allergen,Non-Allergen,Non-Allergen,Non-Allergen,0.998199999332428,0.0018,0.9982,True,True
1469,0,0,Non-Allergen,Non-Allergen,Non-Allergen,Non-Allergen,0.5860999822616577,0.4139,0.5861,True,True
1470,0,0,Non-Allergen,Non-Allergen,Non-Allergen,Non-Allergen,0.9980999827384949,0.0019,0.9981,True,True
1471,1,1,Allergen,Allergen,Food Allergen,Food Allergen,0.7825,0.9986,0.0014,True,True
1472,0,0,Non-Allergen,Non-Allergen,Non-Allergen,Non-Allergen,0.923799991607666,0.0762,0.9238,True,True
1473,0,0,Non-Allergen,Non-Allergen,Non-Allergen,Non-Allergen,0.9991000294685364,0.0009,0.9991,True,True
1474,0,0,Non-Allergen,Non-Allergen,Non-Allergen,Non-Allergen,0.974399983882904,0.0256,0.9744,True,True
1475,0,0,Non-Allergen,Non-Allergen,Non-Allergen,Non-Allergen,0.9966999888420105,0.0033,0.9967,True,True
1476,0,0,Non-Allergen,Non-Allergen,Non-Allergen,Non-Allergen,0.9991999864578247,0.0008,0.9992,True,True
1477,1,1,Allergen,Allergen,Food Allergen,Food Allergen,1.0,0.9965,0.0035,True,True
1478,0,0,Non-Allergen,Non-Allergen,Non-Allergen,Non-Allergen,0.8991000056266785,0.1009,0.8991,True,True
1479,0,0,Non-Allergen,Non-Allergen,Non-Allergen,Non-Allergen,0.9998999834060669,1e-04,0.9999,True,True
1480,0,0,Non-Allergen,Non-Allergen,Non-Allergen,Non-Allergen,0.7106999754905701,0.2893,0.7107,True,True
1481,1,1,Allergen,Allergen,Venom Allergen,Venom Allergen,0.9825,0.9982,0.0018,True,True
1482,1,0,Allergen,Non-Allergen,Food Allergen,Non-Allergen,0.8375999927520752,0.1624,0.8376,False,False
1483,0,0,Non-Allergen,Non-Allergen,Non-Allergen,Non-Allergen,0.994700014591217,0.0053,0.9947,True,True
1484,0,0,Non-Allergen,Non-Allergen,Non-Allergen,Non-Allergen,0.9991999864578247,0.0008,0.9992,True,True
1485,0,0,Non-Allergen,Non-Allergen,Non-Allergen,Non-Allergen,0.9994999766349792,0.0005,0.9995,True,True
1486,0,0,Non-Allergen,Non-Allergen,Non-Allergen,Non-Allergen,0.9993000030517578,0.0007,0.9993,True,True
1487,1,1,Allergen,Allergen,Venom Allergen,Venom Allergen,0.8875,0.9946,0.0054,True,True
1488,0,0,Non-Allergen,Non-Allergen,Non-Allergen,Non-Allergen,0.9994999766349792,0.0005,0.9995,True,True
1489,0,0,Non-Allergen,Non-Allergen,Non-Allergen,Non-Allergen,0.9866999983787537,0.0133,0.9867,True,True
1490,1,1,Allergen,Allergen,Dust Mite Allergen,Pollen Allergen,0.355,0.9854,0.0146,True,False
1491,1,1,Allergen,Allergen,Mold/Fungal Allergen,Mold/Fungal Allergen,0.985,0.9987,0.0013,True,True
1492,1,1,Allergen,Allergen,Venom Allergen,Venom Allergen,0.705,0.9994,0.0006,True,True
1493,1,1,Allergen,Allergen,Food Allergen,Food Allergen,1.0,0.9996,0.0004,True,True
1494,1,1,Allergen,Allergen,Food Allergen,Food Allergen,1.0,0.9991,0.0009,True,True
1495,1,1,Allergen,Allergen,Venom Allergen,Venom Allergen,0.74,0.9954,0.0046,True,True
1496,0,0,Non-Allergen,Non-Allergen,Non-Allergen,Non-Allergen,0.9918000102043152,0.0082,0.9918,True,True
1497,1,1,Allergen,Allergen,Venom Allergen,Venom Allergen,0.7625,0.9875,0.0125,True,True
1498,0,0,Non-Allergen,Non-Allergen,Non-Allergen,Non-Allergen,0.9937999844551086,0.0062,0.9938,True,True
1499,0,0,Non-Allergen,Non-Allergen,Non-Allergen,Non-Allergen,0.9850000143051147,0.015,0.985,True,True
1500,1,1,Allergen,Allergen,Food Allergen,Food Allergen,1.0,0.9991,0.0009,True,True
1501,0,0,Non-Allergen,Non-Allergen,Non-Allergen,Non-Allergen,0.9951000213623047,0.0049,0.9951,True,True
1502,1,1,Allergen,Allergen,Pollen Allergen,Pollen Allergen,0.7075,0.9974,0.0026,True,True
1503,1,1,Allergen,Allergen,Pollen Allergen,Pollen Allergen,1.0,0.9973,0.0027,True,True
1504,1,1,Allergen,Allergen,Food Allergen,Food Allergen,0.9875,0.9982,0.0018,True,True
1505,1,1,Allergen,Allergen,Venom Allergen,Venom Allergen,0.795,0.9921,0.0079,True,True
1506,0,0,Non-Allergen,Non-Allergen,Non-Allergen,Non-Allergen,0.541700005531311,0.4583,0.5417,True,True
1507,0,0,Non-Allergen,Non-Allergen,Non-Allergen,Non-Allergen,0.9991999864578247,0.0008,0.9992,True,True
1508,0,0,Non-Allergen,Non-Allergen,Non-Allergen,Non-Allergen,0.8853999972343445,0.1146,0.8854,True,True
1509,0,0,Non-Allergen,Non-Allergen,Non-Allergen,Non-Allergen,0.9742000102996826,0.0258,0.9742,True,True
1510,1,1,Allergen,Allergen,Pollen Allergen,Pollen Allergen,1.0,0.9979,0.0021,True,True
1511,1,0,Allergen,Non-Allergen,Food Allergen,Non-Allergen,0.6599000096321106,0.3401,0.6599,False,False
1512,1,1,Allergen,Allergen,Pollen Allergen,Pollen Allergen,0.8175,0.9454,0.0546,True,True
1513,1,1,Allergen,Allergen,Pollen Allergen,Pollen Allergen,0.765,0.7786,0.2214,True,True
1514,0,0,Non-Allergen,Non-Allergen,Non-Allergen,Non-Allergen,0.9926000237464905,0.0074,0.9926,True,True
1515,1,1,Allergen,Allergen,Mold/Fungal Allergen,Mold/Fungal Allergen,1.0,0.9997,0.0003,True,True
1516,1,1,Allergen,Allergen,Pollen Allergen,Pollen Allergen,1.0,0.9985,0.0015,True,True
1517,0,0,Non-Allergen,Non-Allergen,Non-Allergen,Non-Allergen,0.9972000122070312,0.0028,0.9972,True,True
1518,0,0,Non-Allergen,Non-Allergen,Non-Allergen,Non-Allergen,0.9387999773025513,0.0612,0.9388,True,True
1519,1,1,Allergen,Allergen,Food Allergen,Pollen Allergen,0.9075,0.9622,0.0378,True,False
1520,1,1,Allergen,Allergen,Pollen Allergen,Pollen Allergen,0.9775,0.9996,0.0004,True,True
1521,1,1,Allergen,Allergen,Latex Allergen,Latex Allergen,1.0,0.9033,0.0967,True,True
1522,0,0,Non-Allergen,Non-Allergen,Non-Allergen,Non-Allergen,0.9138000011444092,0.0862,0.9138,True,True
1523,1,1,Allergen,Allergen,Mold/Fungal Allergen,Mold/Fungal Allergen,0.7325,0.9846,0.0154,True,True
1524,1,1,Allergen,Allergen,Food Allergen,Food Allergen,0.915,0.629,0.371,True,True
1525,0,0,Non-Allergen,Non-Allergen,Non-Allergen,Non-Allergen,0.9965999722480774,0.0034,0.9966,True,True
1526,0,0,Non-Allergen,Non-Allergen,Non-Allergen,Non-Allergen,0.9998000264167786,0.0002,0.9998,True,True
1527,0,0,Non-Allergen,Non-Allergen,Non-Allergen,Non-Allergen,0.9941999912261963,0.0058,0.9942,True,True
1528,0,0,Non-Allergen,Non-Allergen,Non-Allergen,Non-Allergen,0.9994000196456909,0.0006,0.9994,True,True
1529,0,0,Non-Allergen,Non-Allergen,Non-Allergen,Non-Allergen,0.9998000264167786,0.0002,0.9998,True,True
1530,1,1,Allergen,Allergen,Dust Mite Allergen,Dust Mite Allergen,1.0,0.9985,0.0015,True,True
1531,0,0,Non-Allergen,Non-Allergen,Non-Allergen,Non-Allergen,0.9991000294685364,0.0009,0.9991,True,True
1532,1,1,Allergen,Allergen,Food Allergen,Food Allergen,1.0,0.9995,0.0005,True,True
1533,0,0,Non-Allergen,Non-Allergen,Non-Allergen,Non-Allergen,0.9140999913215637,0.0859,0.9141,True,True
1534,0,0,Non-Allergen,Non-Allergen,Non-Allergen,Non-Allergen,0.9660000205039978,0.034,0.966,True,True
1535,0,0,Non-Allergen,Non-Allergen,Non-Allergen,Non-Allergen,0.9690999984741211,0.0309,0.9691,True,True
1536,0,0,Non-Allergen,Non-Allergen,Non-Allergen,Non-Allergen,0.8830999732017517,0.1169,0.8831,True,True
1537,0,0,Non-Allergen,Non-Allergen,Non-Allergen,Non-Allergen,0.9976000189781189,0.0024,0.9976,True,True
1538,1,1,Allergen,Allergen,Pollen Allergen,Pollen Allergen,0.94,0.9813,0.0187,True,True
1539,1,1,Allergen,Allergen,Pollen Allergen,Dust Mite Allergen,0.41,0.7081,0.2919,True,False
1540,1,1,Allergen,Allergen,Pollen Allergen,Pollen Allergen,0.995,0.9934,0.0066,True,True
1541,1,1,Allergen,Allergen,Mold/Fungal Allergen,Mold/Fungal Allergen,1.0,0.9999,1e-04,True,True
1542,1,1,Allergen,Allergen,Venom Allergen,Venom Allergen,0.6175,0.9891,0.0109,True,True
1543,1,1,Allergen,Allergen,Dust Mite Allergen,Dust Mite Allergen,0.99,0.9175,0.0825,True,True
1544,0,0,Non-Allergen,Non-Allergen,Non-Allergen,Non-Allergen,0.9293000102043152,0.0707,0.9293,True,True
1545,0,0,Non-Allergen,Non-Allergen,Non-Allergen,Non-Allergen,0.9815999865531921,0.0184,0.9816,True,True
1546,0,0,Non-Allergen,Non-Allergen,Non-Allergen,Non-Allergen,0.9771000146865845,0.0229,0.9771,True,True
1547,1,0,Allergen,Non-Allergen,Venom Allergen,Non-Allergen,0.675000011920929,0.325,0.675,False,False
1548,1,1,Allergen,Allergen,Venom Allergen,Venom Allergen,0.665,0.9079,0.0921,True,True
1549,0,0,Non-Allergen,Non-Allergen,Non-Allergen,Non-Allergen,0.8321999907493591,0.1678,0.8322,True,True
1550,0,0,Non-Allergen,Non-Allergen,Non-Allergen,Non-Allergen,0.9970999956130981,0.0029,0.9971,True,True
1551,1,1,Allergen,Allergen,Dust Mite Allergen,Dust Mite Allergen,0.9775,0.966,0.034,True,True
1552,1,1,Allergen,Allergen,Food Allergen,Food Allergen,1.0,0.9991,0.0009,True,True
1553,0,0,Non-Allergen,Non-Allergen,Non-Allergen,Non-Allergen,0.9984999895095825,0.0015,0.9985,True,True
1554,0,0,Non-Allergen,Non-Allergen,Non-Allergen,Non-Allergen,0.9987999796867371,0.0012,0.9988,True,True
1555,1,0,Allergen,Non-Allergen,Food Allergen,Non-Allergen,0.6126000285148621,0.3874,0.6126,False,False
1556,0,0,Non-Allergen,Non-Allergen,Non-Allergen,Non-Allergen,0.9196000099182129,0.0804,0.9196,True,True
1557,0,0,Non-Allergen,Non-Allergen,Non-Allergen,Non-Allergen,0.9994000196456909,0.0006,0.9994,True,True
1558,0,0,Non-Allergen,Non-Allergen,Non-Allergen,Non-Allergen,0.9947999715805054,0.0052,0.9948,True,True
1559,0,0,Non-Allergen,Non-Allergen,Non-Allergen,Non-Allergen,0.8964999914169312,0.1035,0.8965,True,True
1560,1,1,Allergen,Allergen,Food Allergen,Food Allergen,0.905,0.9867,0.0133,True,True
1561,0,0,Non-Allergen,Non-Allergen,Non-Allergen,Non-Allergen,0.9991999864578247,0.0008,0.9992,True,True
1562,1,1,Allergen,Allergen,Pollen Allergen,Pollen Allergen,1.0,0.9967,0.0033,True,True
1563,0,0,Non-Allergen,Non-Allergen,Non-Allergen,Non-Allergen,0.9962000250816345,0.0038,0.9962,True,True
1564,0,0,Non-Allergen,Non-Allergen,Non-Allergen,Non-Allergen,0.9958999752998352,0.0041,0.9959,True,True
1565,0,0,Non-Allergen,Non-Allergen,Non-Allergen,Non-Allergen,0.9991000294685364,0.0009,0.9991,True,True
1566,1,1,Allergen,Allergen,Venom Allergen,Venom Allergen,0.635,0.982,0.018,True,True
1567,0,0,Non-Allergen,Non-Allergen,Non-Allergen,Non-Allergen,0.9722999930381775,0.0277,0.9723,True,True
1568,0,0,Non-Allergen,Non-Allergen,Non-Allergen,Non-Allergen,0.9986000061035156,0.0014,0.9986,True,True
1569,1,1,Allergen,Allergen,Dust Mite Allergen,Dust Mite Allergen,0.3025,0.9739,0.0261,True,True
1570,0,0,Non-Allergen,Non-Allergen,Non-Allergen,Non-Allergen,0.988099992275238,0.0119,0.9881,True,True
1571,0,0,Non-Allergen,Non-Allergen,Non-Allergen,Non-Allergen,0.984499990940094,0.0155,0.9845,True,True
1572,0,1,Non-Allergen,Allergen,Non-Allergen,Food Allergen,0.3737,0.5119,0.4881,False,False
1573,0,0,Non-Allergen,Non-Allergen,Non-Allergen,Non-Allergen,0.9549999833106995,0.045,0.955,True,True
1574,1,1,Allergen,Allergen,Food Allergen,Food Allergen,0.7675,0.9953,0.0047,True,True
1575,0,1,Non-Allergen,Allergen,Non-Allergen,Food Allergen,0.57,0.5311,0.4689,False,False
1576,1,1,Allergen,Allergen,Mold/Fungal Allergen,Mold/Fungal Allergen,0.9975,0.9999,1e-04,True,True
1577,0,0,Non-Allergen,Non-Allergen,Non-Allergen,Non-Allergen,0.9948999881744385,0.0051,0.9949,True,True
1578,0,0,Non-Allergen,Non-Allergen,Non-Allergen,Non-Allergen,0.9998999834060669,1e-04,0.9999,True,True
1579,1,1,Allergen,Allergen,Latex Allergen,Latex Allergen,1.0,0.9998,0.0002,True,True
1580,0,0,Non-Allergen,Non-Allergen,Non-Allergen,Non-Allergen,0.7635999917984009,0.2364,0.7636,True,True
1581,1,1,Allergen,Allergen,Food Allergen,Food Allergen,1.0,0.9991,0.0009,True,True
1582,1,1,Allergen,Allergen,Pollen Allergen,Pollen Allergen,1.0,0.999,0.001,True,True
1583,0,0,Non-Allergen,Non-Allergen,Non-Allergen,Non-Allergen,0.9980999827384949,0.0019,0.9981,True,True
1584,0,0,Non-Allergen,Non-Allergen,Non-Allergen,Non-Allergen,0.9997000098228455,0.0003,0.9997,True,True
1585,1,1,Allergen,Allergen,Latex Allergen,Latex Allergen,1.0,0.9997,0.0003,True,True
1586,1,1,Allergen,Allergen,Mold/Fungal Allergen,Mold/Fungal Allergen,1.0,0.9988,0.0012,True,True
1587,0,1,Non-Allergen,Allergen,Non-Allergen,Food Allergen,0.36,0.6401,0.3599,False,False
1588,1,1,Allergen,Allergen,Mold/Fungal Allergen,Mold/Fungal Allergen,1.0,0.9999,1e-04,True,True
1589,0,0,Non-Allergen,Non-Allergen,Non-Allergen,Non-Allergen,0.9634000062942505,0.0366,0.9634,True,True
1590,1,1,Allergen,Allergen,Pollen Allergen,Pollen Allergen,0.96,0.9754,0.0246,True,True
1591,0,0,Non-Allergen,Non-Allergen,Non-Allergen,Non-Allergen,0.6604999899864197,0.3395,0.6605,True,True
1592,0,0,Non-Allergen,Non-Allergen,Non-Allergen,Non-Allergen,0.9247000217437744,0.0753,0.9247,True,True
1593,1,1,Allergen,Allergen,Venom Allergen,Venom Allergen,1.0,0.9996,0.0004,True,True
1594,0,0,Non-Allergen,Non-Allergen,Non-Allergen,Non-Allergen,0.9429000020027161,0.0571,0.9429,True,True
1595,1,1,Allergen,Allergen,Mold/Fungal Allergen,Mold/Fungal Allergen,1.0,0.9982,0.0018,True,True
1596,1,1,Allergen,Allergen,Food Allergen,Food Allergen,0.9175,0.9953,0.0047,True,True
1597,0,0,Non-Allergen,Non-Allergen,Non-Allergen,Non-Allergen,0.9980999827384949,0.0019,0.9981,True,True
1598,0,0,Non-Allergen,Non-Allergen,Non-Allergen,Non-Allergen,0.9919000267982483,0.0081,0.9919,True,True
1599,0,0,Non-Allergen,Non-Allergen,Non-Allergen,Non-Allergen,0.9995999932289124,0.0004,0.9996,True,True
1600,1,1,Allergen,Allergen,Venom Allergen,Venom Allergen,0.9375,0.989,0.011,True,True
1601,1,1,Allergen,Allergen,Venom Allergen,Venom Allergen,0.5875,0.9329,0.0671,True,True
1602,0,0,Non-Allergen,Non-Allergen,Non-Allergen,Non-Allergen,0.9785000085830688,0.0215,0.9785,True,True
1603,0,0,Non-Allergen,Non-Allergen,Non-Allergen,Non-Allergen,0.9998999834060669,1e-04,0.9999,True,True
1604,0,0,Non-Allergen,Non-Allergen,Non-Allergen,Non-Allergen,0.9994000196456909,0.0006,0.9994,True,True
1605,1,1,Allergen,Allergen,Venom Allergen,Venom Allergen,0.8425,0.9955,0.0045,True,True
1606,0,0,Non-Allergen,Non-Allergen,Non-Allergen,Non-Allergen,0.9588000178337097,0.0412,0.9588,True,True
1607,0,0,Non-Allergen,Non-Allergen,Non-Allergen,Non-Allergen,0.7885000109672546,0.2115,0.7885,True,True
1608,0,0,Non-Allergen,Non-Allergen,Non-Allergen,Non-Allergen,0.998199999332428,0.0018,0.9982,True,True
1609,0,0,Non-Allergen,Non-Allergen,Non-Allergen,Non-Allergen,0.9196000099182129,0.0804,0.9196,True,True
1610,1,1,Allergen,Allergen,Food Allergen,Food Allergen,0.565,0.556,0.444,True,True
1611,1,1,Allergen,Allergen,Mold/Fungal Allergen,Mold/Fungal Allergen,0.4675,0.9989,0.0011,True,True
1612,0,0,Non-Allergen,Non-Allergen,Non-Allergen,Non-Allergen,0.8544999957084656,0.1455,0.8545,True,True
1613,0,0,Non-Allergen,Non-Allergen,Non-Allergen,Non-Allergen,0.9979000091552734,0.0021,0.9979,True,True
1614,0,0,Non-Allergen,Non-Allergen,Non-Allergen,Non-Allergen,0.9699000120162964,0.0301,0.9699,True,True
1615,0,0,Non-Allergen,Non-Allergen,Non-Allergen,Non-Allergen,0.9952999949455261,0.0047,0.9953,True,True
1616,0,0,Non-Allergen,Non-Allergen,Non-Allergen,Non-Allergen,0.9632999897003174,0.0367,0.9633,True,True
1617,1,1,Allergen,Allergen,Dust Mite Allergen,Dust Mite Allergen,0.9375,0.9994,0.0006,True,True
1618,0,0,Non-Allergen,Non-Allergen,Non-Allergen,Non-Allergen,0.9196000099182129,0.0804,0.9196,True,True
1619,0,0,Non-Allergen,Non-Allergen,Non-Allergen,Non-Allergen,0.9793999791145325,0.0206,0.9794,True,True
1620,0,0,Non-Allergen,Non-Allergen,Non-Allergen,Non-Allergen,0.8695999979972839,0.1304,0.8696,True,True
1621,1,1,Allergen,Allergen,Venom Allergen,Venom Allergen,0.8475,0.6393,0.3607,True,True
1622,1,1,Allergen,Allergen,Dust Mite Allergen,Dust Mite Allergen,0.735,0.9608,0.0392,True,True
1623,1,1,Allergen,Allergen,Venom Allergen,Venom Allergen,0.6875,0.924,0.076,True,True
1624,1,1,Allergen,Allergen,Latex Allergen,Latex Allergen,1.0,0.9997,0.0003,True,True
1625,0,0,Non-Allergen,Non-Allergen,Non-Allergen,Non-Allergen,0.9969000220298767,0.0031,0.9969,True,True
1626,0,0,Non-Allergen,Non-Allergen,Non-Allergen,Non-Allergen,0.9990000128746033,0.001,0.999,True,True
1627,0,0,Non-Allergen,Non-Allergen,Non-Allergen,Non-Allergen,0.9987000226974487,0.0013,0.9987,True,True
1628,0,0,Non-Allergen,Non-Allergen,Non-Allergen,Non-Allergen,0.9973999857902527,0.0026,0.9974,True,True
1629,1,1,Allergen,Allergen,Mold/Fungal Allergen,Mold/Fungal Allergen,1.0,1.0,0.0,True,True
1630,0,0,Non-Allergen,Non-Allergen,Non-Allergen,Non-Allergen,0.9994999766349792,0.0005,0.9995,True,True
1631,0,0,Non-Allergen,Non-Allergen,Non-Allergen,Non-Allergen,0.9527999758720398,0.0472,0.9528,True,True
1632,0,0,Non-Allergen,Non-Allergen,Non-Allergen,Non-Allergen,0.9796000123023987,0.0204,0.9796,True,True
1633,0,0,Non-Allergen,Non-Allergen,Non-Allergen,Non-Allergen,0.9970999956130981,0.0029,0.9971,True,True
1634,1,1,Allergen,Allergen,Pollen Allergen,Pollen Allergen,0.9475,0.9889,0.0111,True,True
1635,1,1,Allergen,Allergen,Pollen Allergen,Pollen Allergen,0.5175,0.9462,0.0538,True,True
1636,0,0,Non-Allergen,Non-Allergen,Non-Allergen,Non-Allergen,0.9998000264167786,0.0002,0.9998,True,True
1637,1,1,Allergen,Allergen,Venom Allergen,Venom Allergen,0.8275,0.993,0.007,True,True
1638,0,0,Non-Allergen,Non-Allergen,Non-Allergen,Non-Allergen,0.9988999962806702,0.0011,0.9989,True,True
1639,1,1,Allergen,Allergen,Mold/Fungal Allergen,Mold/Fungal Allergen,1.0,0.9999,1e-04,True,True
1640,0,0,Non-Allergen,Non-Allergen,Non-Allergen,Non-Allergen,0.9275000095367432,0.0725,0.9275,True,True
1641,0,0,Non-Allergen,Non-Allergen,Non-Allergen,Non-Allergen,0.9779999852180481,0.022,0.978,True,True
1642,0,0,Non-Allergen,Non-Allergen,Non-Allergen,Non-Allergen,0.9977999925613403,0.0022,0.9978,True,True
1643,0,0,Non-Allergen,Non-Allergen,Non-Allergen,Non-Allergen,0.9994000196456909,0.0006,0.9994,True,True
1644,0,0,Non-Allergen,Non-Allergen,Non-Allergen,Non-Allergen,0.909500002861023,0.0905,0.9095,True,True
1645,0,0,Non-Allergen,Non-Allergen,Non-Allergen,Non-Allergen,0.916100025177002,0.0839,0.9161,True,True
1646,1,1,Allergen,Allergen,Pollen Allergen,Pollen Allergen,1.0,0.9946,0.0054,True,True
1647,0,0,Non-Allergen,Non-Allergen,Non-Allergen,Non-Allergen,0.9998000264167786,0.0002,0.9998,True,True
1648,0,0,Non-Allergen,Non-Allergen,Non-Allergen,Non-Allergen,0.9976999759674072,0.0023,0.9977,True,True
1649,1,1,Allergen,Allergen,Mold/Fungal Allergen,Mold/Fungal Allergen,1.0,0.9999,1e-04,True,True
1650,0,0,Non-Allergen,Non-Allergen,Non-Allergen,Non-Allergen,0.9750999808311462,0.0249,0.9751,True,True
1651,1,1,Allergen,Allergen,Pollen Allergen,Pollen Allergen,0.905,0.9964,0.0036,True,True
1652,1,1,Allergen,Allergen,Dust Mite Allergen,Dust Mite Allergen,0.92,0.9554,0.0446,True,True
1653,0,0,Non-Allergen,Non-Allergen,Non-Allergen,Non-Allergen,0.9987000226974487,0.0013,0.9987,True,True
1654,1,1,Allergen,Allergen,Venom Allergen,Venom Allergen,0.8925,0.9997,0.0003,True,True
1655,1,1,Allergen,Allergen,Venom Allergen,Venom Allergen,0.9425,0.979,0.021,True,True
1656,0,0,Non-Allergen,Non-Allergen,Non-Allergen,Non-Allergen,0.901199996471405,0.0988,0.9012,True,True
1657,0,0,Non-Allergen,Non-Allergen,Non-Allergen,Non-Allergen,0.9225999712944031,0.0774,0.9226,True,True
1658,0,0,Non-Allergen,Non-Allergen,Non-Allergen,Non-Allergen,0.9840999841690063,0.0159,0.9841,True,True
1659,0,0,Non-Allergen,Non-Allergen,Non-Allergen,Non-Allergen,0.9976000189781189,0.0024,0.9976,True,True
1660,0,0,Non-Allergen,Non-Allergen,Non-Allergen,Non-Allergen,0.6110000014305115,0.389,0.611,True,True
1661,1,1,Allergen,Allergen,Venom Allergen,Venom Allergen,0.895,0.9995,0.0005,True,True
1662,1,1,Allergen,Allergen,Mold/Fungal Allergen,Mold/Fungal Allergen,1.0,1.0,0.0,True,True
1663,1,1,Allergen,Allergen,Food Allergen,Food Allergen,0.6075,0.6501,0.3499,True,True
1664,0,0,Non-Allergen,Non-Allergen,Non-Allergen,Non-Allergen,0.9645000100135803,0.0355,0.9645,True,True
1665,1,1,Allergen,Allergen,Venom Allergen,Venom Allergen,0.995,0.9527,0.0473,True,True
1666,0,0,Non-Allergen,Non-Allergen,Non-Allergen,Non-Allergen,0.9164999723434448,0.0835,0.9165,True,True
1667,0,0,Non-Allergen,Non-Allergen,Non-Allergen,Non-Allergen,0.995199978351593,0.0048,0.9952,True,True
1668,1,1,Allergen,Allergen,Venom Allergen,Venom Allergen,1.0,0.9519,0.0481,True,True
1669,1,1,Allergen,Allergen,Mold/Fungal Allergen,Mold/Fungal Allergen,0.9675,0.9995,0.0005,True,True
1670,0,0,Non-Allergen,Non-Allergen,Non-Allergen,Non-Allergen,0.9965999722480774,0.0034,0.9966,True,True
1671,0,0,Non-Allergen,Non-Allergen,Non-Allergen,Non-Allergen,0.9998999834060669,1e-04,0.9999,True,True
1672,0,0,Non-Allergen,Non-Allergen,Non-Allergen,Non-Allergen,0.5537999868392944,0.4462,0.5538,True,True
1673,0,0,Non-Allergen,Non-Allergen,Non-Allergen,Non-Allergen,0.8891000151634216,0.1109,0.8891,True,True
1674,1,0,Allergen,Non-Allergen,Dust Mite Allergen,Non-Allergen,0.6675999760627747,0.3324,0.6676,False,False
1675,0,0,Non-Allergen,Non-Allergen,Non-Allergen,Non-Allergen,0.9976000189781189,0.0024,0.9976,True,True
1676,1,1,Allergen,Allergen,Pollen Allergen,Dust Mite Allergen,0.33,0.9348,0.0652,True,False
1677,0,0,Non-Allergen,Non-Allergen,Non-Allergen,Non-Allergen,0.9998000264167786,0.0002,0.9998,True,True
1678,1,0,Allergen,Non-Allergen,Food Allergen,Non-Allergen,0.6434000134468079,0.3566,0.6434,False,False
1679,0,0,Non-Allergen,Non-Allergen,Non-Allergen,Non-Allergen,0.9934999942779541,0.0065,0.9935,True,True
1680,0,0,Non-Allergen,Non-Allergen,Non-Allergen,Non-Allergen,0.8389999866485596,0.161,0.839,True,True
1681,0,0,Non-Allergen,Non-Allergen,Non-Allergen,Non-Allergen,0.9987000226974487,0.0013,0.9987,True,True
1682,1,1,Allergen,Allergen,Mold/Fungal Allergen,Mold/Fungal Allergen,1.0,1.0,0.0,True,True
1683,0,0,Non-Allergen,Non-Allergen,Non-Allergen,Non-Allergen,0.9789000153541565,0.0211,0.9789,True,True
1684,1,1,Allergen,Allergen,Food Allergen,Food Allergen,1.0,0.9991,0.0009,True,True
1685,1,1,Allergen,Allergen,Dust Mite Allergen,Dust Mite Allergen,1.0,0.9629,0.0371,True,True
1686,1,0,Allergen,Non-Allergen,Dust Mite Allergen,Non-Allergen,0.8303999900817871,0.1696,0.8304,False,False
1687,1,1,Allergen,Allergen,Mold/Fungal Allergen,Mold/Fungal Allergen,0.9975,0.9997,0.0003,True,True
1688,1,1,Allergen,Allergen,Venom Allergen,Venom Allergen,0.6075,0.6508,0.3492,True,True
1689,0,0,Non-Allergen,Non-Allergen,Non-Allergen,Non-Allergen,0.9757000207901001,0.0243,0.9757,True,True
1690,1,1,Allergen,Allergen,Dust Mite Allergen,Dust Mite Allergen,0.9575,0.9739,0.0261,True,True
1691,0,0,Non-Allergen,Non-Allergen,Non-Allergen,Non-Allergen,0.9067000150680542,0.0933,0.9067,True,True
1692,0,0,Non-Allergen,Non-Allergen,Non-Allergen,Non-Allergen,0.9790999889373779,0.0209,0.9791,True,True
1693,0,0,Non-Allergen,Non-Allergen,Non-Allergen,Non-Allergen,0.9995999932289124,0.0004,0.9996,True,True
1694,1,1,Allergen,Allergen,Venom Allergen,Venom Allergen,0.9075,0.9239,0.0761,True,True
1695,0,0,Non-Allergen,Non-Allergen,Non-Allergen,Non-Allergen,0.9646999835968018,0.0353,0.9647,True,True
1696,1,1,Allergen,Allergen,Mold/Fungal Allergen,Mold/Fungal Allergen,1.0,0.9982,0.0018,True,True
1697,1,1,Allergen,Allergen,Venom Allergen,Venom Allergen,1.0,0.9932,0.0068,True,True
1698,1,1,Allergen,Allergen,Pollen Allergen,Pollen Allergen,1.0,0.9858,0.0142,True,True
1699,0,1,Non-Allergen,Allergen,Non-Allergen,Food Allergen,0.275,0.9793,0.0207,False,False
1700,1,1,Allergen,Allergen,Venom Allergen,Venom Allergen,0.9425,0.999,0.001,True,True
1701,1,0,Allergen,Non-Allergen,Venom Allergen,Non-Allergen,0.7602999806404114,0.2397,0.7603,False,False
1702,0,0,Non-Allergen,Non-Allergen,Non-Allergen,Non-Allergen,0.9635000228881836,0.0365,0.9635,True,True
1703,1,0,Allergen,Non-Allergen,Venom Allergen,Non-Allergen,0.6754000186920166,0.3246,0.6754,False,False
1704,1,1,Allergen,Allergen,Pollen Allergen,Pollen Allergen,1.0,0.9996,0.0004,True,True
1705,0,0,Non-Allergen,Non-Allergen,Non-Allergen,Non-Allergen,0.9991000294685364,0.0009,0.9991,True,True
1706,0,0,Non-Allergen,Non-Allergen,Non-Allergen,Non-Allergen,0.9997000098228455,0.0003,0.9997,True,True
1707,0,0,Non-Allergen,Non-Allergen,Non-Allergen,Non-Allergen,0.9983000159263611,0.0017,0.9983,True,True
1708,0,0,Non-Allergen,Non-Allergen,Non-Allergen,Non-Allergen,0.9983999729156494,0.0016,0.9984,True,True
1709,0,0,Non-Allergen,Non-Allergen,Non-Allergen,Non-Allergen,0.9961000084877014,0.0039,0.9961,True,True
1710,0,0,Non-Allergen,Non-Allergen,Non-Allergen,Non-Allergen,0.9991999864578247,0.0008,0.9992,True,True
1711,0,0,Non-Allergen,Non-Allergen,Non-Allergen,Non-Allergen,0.9939000010490417,0.0061,0.9939,True,True
1712,0,0,Non-Allergen,Non-Allergen,Non-Allergen,Non-Allergen,0.9927999973297119,0.0072,0.9928,True,True
1713,1,1,Allergen,Allergen,Dust Mite Allergen,Dust Mite Allergen,0.9775,0.9773,0.0227,True,True
1714,1,0,Allergen,Non-Allergen,Dust Mite Allergen,Non-Allergen,0.5936999917030334,0.4063,0.5937,False,False
1715,1,1,Allergen,Allergen,Food Allergen,Food Allergen,0.5975,0.9858,0.0142,True,True
1716,0,0,Non-Allergen,Non-Allergen,Non-Allergen,Non-Allergen,0.9890000224113464,0.011,0.989,True,True
1717,0,0,Non-Allergen,Non-Allergen,Non-Allergen,Non-Allergen,0.9739999771118164,0.026,0.974,True,True
1718,1,1,Allergen,Allergen,Food Allergen,Food Allergen,0.43,0.7685,0.2315,True,True
1719,1,1,Allergen,Allergen,Pollen Allergen,Pollen Allergen,0.66,0.5824,0.4176,True,True
1720,0,0,Non-Allergen,Non-Allergen,Non-Allergen,Non-Allergen,0.9883000254631042,0.0117,0.9883,True,True
1721,0,0,Non-Allergen,Non-Allergen,Non-Allergen,Non-Allergen,0.9966999888420105,0.0033,0.9967,True,True
1722,0,0,Non-Allergen,Non-Allergen,Non-Allergen,Non-Allergen,0.9571999907493591,0.0428,0.9572,True,True
1723,0,1,Non-Allergen,Allergen,Non-Allergen,Food Allergen,0.3525,0.8104,0.1896,False,False
1724,0,0,Non-Allergen,Non-Allergen,Non-Allergen,Non-Allergen,0.9965000152587891,0.0035,0.9965,True,True
1725,0,0,Non-Allergen,Non-Allergen,Non-Allergen,Non-Allergen,0.9998999834060669,1e-04,0.9999,True,True
1726,0,0,Non-Allergen,Non-Allergen,Non-Allergen,Non-Allergen,0.9453999996185303,0.0546,0.9454,True,True
1727,1,1,Allergen,Allergen,Venom Allergen,Venom Allergen,0.665,0.9934,0.0066,True,True
1728,0,0,Non-Allergen,Non-Allergen,Non-Allergen,Non-Allergen,0.9685999751091003,0.0314,0.9686,True,True
1729,0,0,Non-Allergen,Non-Allergen,Non-Allergen,Non-Allergen,0.9955999851226807,0.0044,0.9956,True,True
1730,1,1,Allergen,Allergen,Food Allergen,Food Allergen,0.9175,0.6332,0.3668,True,True
1731,0,0,Non-Allergen,Non-Allergen,Non-Allergen,Non-Allergen,0.9876999855041504,0.0123,0.9877,True,True
1732,1,1,Allergen,Allergen,Dust Mite Allergen,Dust Mite Allergen,0.9875,0.9806,0.0194,True,True
1733,1,1,Allergen,Allergen,Mold/Fungal Allergen,Mold/Fungal Allergen,0.7625,0.995,0.005,True,True
1734,1,1,Allergen,Allergen,Venom Allergen,Venom Allergen,0.9275,0.9631,0.0369,True,True
1735,0,0,Non-Allergen,Non-Allergen,Non-Allergen,Non-Allergen,0.8574000000953674,0.1426,0.8574,True,True
1736,0,0,Non-Allergen,Non-Allergen,Non-Allergen,Non-Allergen,0.9822999835014343,0.0177,0.9823,True,True
1737,1,1,Allergen,Allergen,Pollen Allergen,Pollen Allergen,0.99,0.9949,0.0051,True,True
1738,0,0,Non-Allergen,Non-Allergen,Non-Allergen,Non-Allergen,0.919700026512146,0.0803,0.9197,True,True
1739,1,1,Allergen,Allergen,Dust Mite Allergen,Dust Mite Allergen,0.78,0.9928,0.0072,True,True
1740,0,0,Non-Allergen,Non-Allergen,Non-Allergen,Non-Allergen,0.9544000029563904,0.0456,0.9544,True,True
1741,0,0,Non-Allergen,Non-Allergen,Non-Allergen,Non-Allergen,0.9768000245094299,0.0232,0.9768,True,True
1742,0,0,Non-Allergen,Non-Allergen,Non-Allergen,Non-Allergen,0.5605000257492065,0.4395,0.5605,True,True
1743,0,0,Non-Allergen,Non-Allergen,Non-Allergen,Non-Allergen,0.9872000217437744,0.0128,0.9872,True,True
1744,1,1,Allergen,Allergen,Mold/Fungal Allergen,Mold/Fungal Allergen,0.5575,0.9727,0.0273,True,True
1745,1,1,Allergen,Allergen,Dust Mite Allergen,Dust Mite Allergen,1.0,0.9709,0.0291,True,True
1746,0,0,Non-Allergen,Non-Allergen,Non-Allergen,Non-Allergen,0.9532999992370605,0.0467,0.9533,True,True
1747,1,1,Allergen,Allergen,Dust Mite Allergen,Dust Mite Allergen,0.7175,0.9616,0.0384,True,True
1748,1,1,Allergen,Allergen,Venom Allergen,Venom Allergen,1.0,0.9775,0.0225,True,True
1749,1,1,Allergen,Allergen,Dust Mite Allergen,Dust Mite Allergen,1.0,0.9825,0.0175,True,True
1750,0,0,Non-Allergen,Non-Allergen,Non-Allergen,Non-Allergen,0.946399986743927,0.0536,0.9464,True,True
1751,1,1,Allergen,Allergen,Food Allergen,Food Allergen,1.0,0.9991,0.0009,True,True
1752,1,1,Allergen,Allergen,Dust Mite Allergen,Dust Mite Allergen,0.4,0.9912,0.0088,True,True
1753,1,1,Allergen,Allergen,Food Allergen,Food Allergen,0.8125,0.9859,0.0141,True,True
1754,1,1,Allergen,Allergen,Pollen Allergen,Pollen Allergen,1.0,0.9973,0.0027,True,True
1755,0,0,Non-Allergen,Non-Allergen,Non-Allergen,Non-Allergen,0.9764000177383423,0.0236,0.9764,True,True
1756,0,0,Non-Allergen,Non-Allergen,Non-Allergen,Non-Allergen,0.9983000159263611,0.0017,0.9983,True,True
1757,0,0,Non-Allergen,Non-Allergen,Non-Allergen,Non-Allergen,0.9983999729156494,0.0016,0.9984,True,True
1758,1,1,Allergen,Allergen,Pollen Allergen,Pollen Allergen,1.0,0.9984,0.0016,True,True
1759,0,0,Non-Allergen,Non-Allergen,Non-Allergen,Non-Allergen,0.9909999966621399,0.009,0.991,True,True
1760,0,0,Non-Allergen,Non-Allergen,Non-Allergen,Non-Allergen,0.9997000098228455,0.0003,0.9997,True,True
1761,0,0,Non-Allergen,Non-Allergen,Non-Allergen,Non-Allergen,0.9994000196456909,0.0006,0.9994,True,True
1762,0,0,Non-Allergen,Non-Allergen,Non-Allergen,Non-Allergen,0.9962000250816345,0.0038,0.9962,True,True
1763,1,1,Allergen,Allergen,Food Allergen,Food Allergen,0.975,0.9966,0.0034,True,True
1764,0,0,Non-Allergen,Non-Allergen,Non-Allergen,Non-Allergen,0.90420001745224,0.0958,0.9042,True,True
1765,0,0,Non-Allergen,Non-Allergen,Non-Allergen,Non-Allergen,0.9997000098228455,0.0003,0.9997,True,True
1766,1,1,Allergen,Allergen,Dust Mite Allergen,Dust Mite Allergen,0.76,0.9623,0.0377,True,True
1767,0,0,Non-Allergen,Non-Allergen,Non-Allergen,Non-Allergen,0.9994000196456909,0.0006,0.9994,True,True
1768,0,0,Non-Allergen,Non-Allergen,Non-Allergen,Non-Allergen,0.9987999796867371,0.0012,0.9988,True,True
1769,0,0,Non-Allergen,Non-Allergen,Non-Allergen,Non-Allergen,0.9649999737739563,0.035,0.965,True,True
1770,0,0,Non-Allergen,Non-Allergen,Non-Allergen,Non-Allergen,0.9980000257492065,0.002,0.998,True,True
1771,1,1,Allergen,Allergen,Food Allergen,Food Allergen,1.0,0.9894,0.0106,True,True
1772,0,0,Non-Allergen,Non-Allergen,Non-Allergen,Non-Allergen,0.9980999827384949,0.0019,0.9981,True,True
1773,0,0,Non-Allergen,Non-Allergen,Non-Allergen,Non-Allergen,0.9926000237464905,0.0074,0.9926,True,True
1774,0,0,Non-Allergen,Non-Allergen,Non-Allergen,Non-Allergen,0.9988999962806702,0.0011,0.9989,True,True
1775,1,1,Allergen,Allergen,Pollen Allergen,Pollen Allergen,1.0,0.9904,0.0096,True,True
1776,0,0,Non-Allergen,Non-Allergen,Non-Allergen,Non-Allergen,0.974399983882904,0.0256,0.9744,True,True
1777,0,0,Non-Allergen,Non-Allergen,Non-Allergen,Non-Allergen,0.9936000108718872,0.0064,0.9936,True,True
1778,1,1,Allergen,Allergen,Dust Mite Allergen,Food Allergen,0.3325,0.8008,0.1992,True,False
1779,0,0,Non-Allergen,Non-Allergen,Non-Allergen,Non-Allergen,0.9944999814033508,0.0055,0.9945,True,True
1780,0,0,Non-Allergen,Non-Allergen,Non-Allergen,Non-Allergen,0.9516000151634216,0.0484,0.9516,True,True
1781,1,1,Allergen,Allergen,Food Allergen,Food Allergen,1.0,0.9988,0.0012,True,True
1782,1,1,Allergen,Allergen,Venom Allergen,Venom Allergen,0.855,0.9934,0.0066,True,True
1783,0,0,Non-Allergen,Non-Allergen,Non-Allergen,Non-Allergen,0.8284000158309937,0.1716,0.8284,True,True
1784,0,0,Non-Allergen,Non-Allergen,Non-Allergen,Non-Allergen,0.9442999958992004,0.0557,0.9443,True,True
1785,0,0,Non-Allergen,Non-Allergen,Non-Allergen,Non-Allergen,0.9965000152587891,0.0035,0.9965,True,True
1786,1,1,Allergen,Allergen,Venom Allergen,Venom Allergen,0.2825,0.9146,0.0854,True,True
1787,1,1,Allergen,Allergen,Pollen Allergen,Pollen Allergen,0.995,0.999,0.001,True,True
1788,0,0,Non-Allergen,Non-Allergen,Non-Allergen,Non-Allergen,0.9921000003814697,0.0079,0.9921,True,True
1789,1,1,Allergen,Allergen,Dust Mite Allergen,Dust Mite Allergen,0.5575,0.999,0.001,True,True
1790,0,0,Non-Allergen,Non-Allergen,Non-Allergen,Non-Allergen,0.9937000274658203,0.0063,0.9937,True,True
1791,0,0,Non-Allergen,Non-Allergen,Non-Allergen,Non-Allergen,0.9998999834060669,1e-04,0.9999,True,True
1792,0,0,Non-Allergen,Non-Allergen,Non-Allergen,Non-Allergen,0.9962999820709229,0.0037,0.9963,True,True
1793,1,1,Allergen,Allergen,Mold/Fungal Allergen,Mold/Fungal Allergen,1.0,0.9997,0.0003,True,True
1794,0,0,Non-Allergen,Non-Allergen,Non-Allergen,Non-Allergen,0.9965000152587891,0.0035,0.9965,True,True
1795,1,1,Allergen,Allergen,Food Allergen,Food Allergen,0.625,0.638,0.362,True,True
1796,1,1,Allergen,Allergen,Dust Mite Allergen,Dust Mite Allergen,0.555,0.6875,0.3125,True,True
1797,1,1,Allergen,Allergen,Pollen Allergen,Pollen Allergen,0.9275,0.9777,0.0223,True,True
1798,1,1,Allergen,Allergen,Mold/Fungal Allergen,Mold/Fungal Allergen,1.0,1.0,0.0,True,True
1799,1,1,Allergen,Allergen,Venom Allergen,Venom Allergen,0.715,0.7821,0.2179,True,True
1800,0,0,Non-Allergen,Non-Allergen,Non-Allergen,Non-Allergen,0.9970999956130981,0.0029,0.9971,True,True
1801,1,1,Allergen,Allergen,Venom Allergen,Venom Allergen,0.7925,0.9944,0.0056,True,True
1802,1,1,Allergen,Allergen,Dust Mite Allergen,Dust Mite Allergen,0.6025,0.5222,0.4778,True,True
1803,0,0,Non-Allergen,Non-Allergen,Non-Allergen,Non-Allergen,0.9861000180244446,0.0139,0.9861,True,True
1804,0,0,Non-Allergen,Non-Allergen,Non-Allergen,Non-Allergen,0.978600025177002,0.0214,0.9786,True,True
1805,0,0,Non-Allergen,Non-Allergen,Non-Allergen,Non-Allergen,0.9994000196456909,0.0006,0.9994,True,True
1806,1,1,Allergen,Allergen,Mold/Fungal Allergen,Mold/Fungal Allergen,1.0,0.9998,0.0002,True,True
1807,0,0,Non-Allergen,Non-Allergen,Non-Allergen,Non-Allergen,0.9998000264167786,0.0002,0.9998,True,True
1808,0,0,Non-Allergen,Non-Allergen,Non-Allergen,Non-Allergen,0.8819000124931335,0.1181,0.8819,True,True
1809,1,1,Allergen,Allergen,Venom Allergen,Venom Allergen,1.0,0.9986,0.0014,True,True
1810,0,0,Non-Allergen,Non-Allergen,Non-Allergen,Non-Allergen,0.9965000152587891,0.0035,0.9965,True,True
1811,1,1,Allergen,Allergen,Mold/Fungal Allergen,Mold/Fungal Allergen,1.0,0.9947,0.0053,True,True
1812,1,1,Allergen,Allergen,Mold/Fungal Allergen,Mold/Fungal Allergen,1.0,0.9981,0.0019,True,True
1813,0,0,Non-Allergen,Non-Allergen,Non-Allergen,Non-Allergen,0.9997000098228455,0.0003,0.9997,True,True
1814,0,0,Non-Allergen,Non-Allergen,Non-Allergen,Non-Allergen,0.9993000030517578,0.0007,0.9993,True,True
1815,1,1,Allergen,Allergen,Mold/Fungal Allergen,Mold/Fungal Allergen,1.0,0.9998,0.0002,True,True
1816,0,0,Non-Allergen,Non-Allergen,Non-Allergen,Non-Allergen,0.9975000023841858,0.0025,0.9975,True,True
1817,0,0,Non-Allergen,Non-Allergen,Non-Allergen,Non-Allergen,0.9592000246047974,0.0408,0.9592,True,True
1818,1,1,Allergen,Allergen,Pollen Allergen,Pollen Allergen,0.6875,0.9937,0.0063,True,True
1819,1,0,Allergen,Non-Allergen,Pollen Allergen,Non-Allergen,0.7900999784469604,0.2099,0.7901,False,False
1820,0,0,Non-Allergen,Non-Allergen,Non-Allergen,Non-Allergen,0.9417999982833862,0.0582,0.9418,True,True
1821,0,0,Non-Allergen,Non-Allergen,Non-Allergen,Non-Allergen,0.9998000264167786,0.0002,0.9998,True,True
1822,1,1,Allergen,Allergen,Mold/Fungal Allergen,Mold/Fungal Allergen,1.0,0.999,0.001,True,True
1823,0,0,Non-Allergen,Non-Allergen,Non-Allergen,Non-Allergen,0.9990000128746033,0.001,0.999,True,True
1824,0,0,Non-Allergen,Non-Allergen,Non-Allergen,Non-Allergen,0.9977999925613403,0.0022,0.9978,True,True
1825,1,1,Allergen,Allergen,Food Allergen,Food Allergen,0.605,0.9712,0.0288,True,True
1826,0,0,Non-Allergen,Non-Allergen,Non-Allergen,Non-Allergen,0.9781000018119812,0.0219,0.9781,True,True
1827,0,0,Non-Allergen,Non-Allergen,Non-Allergen,Non-Allergen,0.8866000175476074,0.1134,0.8866,True,True
1828,1,1,Allergen,Allergen,Mold/Fungal Allergen,Mold/Fungal Allergen,1.0,1.0,0.0,True,True
1829,1,1,Allergen,Allergen,Mold/Fungal Allergen,Mold/Fungal Allergen,0.92,0.9977,0.0023,True,True
1830,0,0,Non-Allergen,Non-Allergen,Non-Allergen,Non-Allergen,0.9991999864578247,0.0008,0.9992,True,True
1831,1,1,Allergen,Allergen,Dust Mite Allergen,Dust Mite Allergen,0.7475,0.9883,0.0117,True,True
1832,1,1,Allergen,Allergen,Mold/Fungal Allergen,Mold/Fungal Allergen,0.9825,0.9988,0.0012,True,True
1833,0,0,Non-Allergen,Non-Allergen,Non-Allergen,Non-Allergen,0.9972000122070312,0.0028,0.9972,True,True
1834,1,1,Allergen,Allergen,Dust Mite Allergen,Dust Mite Allergen,0.98,0.9861,0.0139,True,True
1835,0,0,Non-Allergen,Non-Allergen,Non-Allergen,Non-Allergen,0.9815999865531921,0.0184,0.9816,True,True
1836,0,0,Non-Allergen,Non-Allergen,Non-Allergen,Non-Allergen,0.9977999925613403,0.0022,0.9978,True,True
1837,0,0,Non-Allergen,Non-Allergen,Non-Allergen,Non-Allergen,0.8754000067710876,0.1246,0.8754,True,True
1838,0,0,Non-Allergen,Non-Allergen,Non-Allergen,Non-Allergen,0.7253999710083008,0.2746,0.7254,True,True
1839,0,0,Non-Allergen,Non-Allergen,Non-Allergen,Non-Allergen,0.864799976348877,0.1352,0.8648,True,True
1840,1,1,Allergen,Allergen,Pollen Allergen,Pollen Allergen,0.8875,0.9868,0.0132,True,True
1841,1,1,Allergen,Allergen,Food Allergen,Pollen Allergen,0.3025,0.8228,0.1772,True,False
1842,0,0,Non-Allergen,Non-Allergen,Non-Allergen,Non-Allergen,0.9993000030517578,0.0007,0.9993,True,True
1843,1,1,Allergen,Allergen,Dust Mite Allergen,Venom Allergen,0.575,0.9991,0.0009,True,False
1844,0,0,Non-Allergen,Non-Allergen,Non-Allergen,Non-Allergen,0.9739000201225281,0.0261,0.9739,True,True
1845,0,0,Non-Allergen,Non-Allergen,Non-Allergen,Non-Allergen,0.9919999837875366,0.008,0.992,True,True
1846,0,0,Non-Allergen,Non-Allergen,Non-Allergen,Non-Allergen,0.805899977684021,0.1941,0.8059,True,True
1847,1,1,Allergen,Allergen,Pollen Allergen,Pollen Allergen,1.0,0.9988,0.0012,True,True
1848,0,0,Non-Allergen,Non-Allergen,Non-Allergen,Non-Allergen,0.9980000257492065,0.002,0.998,True,True
1849,1,1,Allergen,Allergen,Mold/Fungal Allergen,Mold/Fungal Allergen,0.9875,0.9998,0.0002,True,True
1850,0,0,Non-Allergen,Non-Allergen,Non-Allergen,Non-Allergen,0.9959999918937683,0.004,0.996,True,True
1851,1,1,Allergen,Allergen,Food Allergen,Food Allergen,0.845,0.9881,0.0119,True,True
1852,0,0,Non-Allergen,Non-Allergen,Non-Allergen,Non-Allergen,0.9513999819755554,0.0486,0.9514,True,True
1853,0,0,Non-Allergen,Non-Allergen,Non-Allergen,Non-Allergen,0.8381999731063843,0.1618,0.8382,True,True
1854,1,1,Allergen,Allergen,Food Allergen,Food Allergen,0.95,0.8324,0.1676,True,True
1855,1,1,Allergen,Allergen,Food Allergen,Food Allergen,1.0,0.9955,0.0045,True,True
1856,0,0,Non-Allergen,Non-Allergen,Non-Allergen,Non-Allergen,0.7110999822616577,0.2889,0.7111,True,True
1857,1,1,Allergen,Allergen,Venom Allergen,Venom Allergen,0.8175,0.9886,0.0114,True,True
1858,1,1,Allergen,Allergen,Pollen Allergen,Pollen Allergen,1.0,0.9933,0.0067,True,True
1859,0,0,Non-Allergen,Non-Allergen,Non-Allergen,Non-Allergen,0.7505999803543091,0.2494,0.7506,True,True
1860,1,1,Allergen,Allergen,Mold/Fungal Allergen,Mold/Fungal Allergen,1.0,0.9997,0.0003,True,True
1861,0,0,Non-Allergen,Non-Allergen,Non-Allergen,Non-Allergen,0.9896000027656555,0.0104,0.9896,True,True
1862,0,0,Non-Allergen,Non-Allergen,Non-Allergen,Non-Allergen,0.9904999732971191,0.0095,0.9905,True,True
1863,1,1,Allergen,Allergen,Mold/Fungal Allergen,Mold/Fungal Allergen,0.875,0.9892,0.0108,True,True
1864,1,1,Allergen,Allergen,Mold/Fungal Allergen,Mold/Fungal Allergen,0.8625,0.99,0.01,True,True
1865,0,0,Non-Allergen,Non-Allergen,Non-Allergen,Non-Allergen,0.9986000061035156,0.0014,0.9986,True,True
1866,0,0,Non-Allergen,Non-Allergen,Non-Allergen,Non-Allergen,0.820900022983551,0.1791,0.8209,True,True
1867,0,0,Non-Allergen,Non-Allergen,Non-Allergen,Non-Allergen,0.9988999962806702,0.0011,0.9989,True,True
1868,0,0,Non-Allergen,Non-Allergen,Non-Allergen,Non-Allergen,0.9993000030517578,0.0007,0.9993,True,True
1869,0,0,Non-Allergen,Non-Allergen,Non-Allergen,Non-Allergen,0.9980999827384949,0.0019,0.9981,True,True
1870,1,1,Allergen,Allergen,Mold/Fungal Allergen,Mold/Fungal Allergen,1.0,0.9992,0.0008,True,True
1871,1,1,Allergen,Allergen,Mold/Fungal Allergen,Mold/Fungal Allergen,1.0,0.9999,1e-04,True,True
1872,1,1,Allergen,Allergen,Venom Allergen,Venom Allergen,0.7375,0.9759,0.0241,True,True
1873,1,0,Allergen,Non-Allergen,Venom Allergen,Non-Allergen,0.5983999967575073,0.4016,0.5984,False,False
1874,0,0,Non-Allergen,Non-Allergen,Non-Allergen,Non-Allergen,0.7997999787330627,0.2002,0.7998,True,True
1875,1,1,Allergen,Allergen,Mold/Fungal Allergen,Mold/Fungal Allergen,1.0,1.0,0.0,True,True
1876,0,0,Non-Allergen,Non-Allergen,Non-Allergen,Non-Allergen,0.9915000200271606,0.0085,0.9915,True,True
1877,1,1,Allergen,Allergen,Pollen Allergen,Pollen Allergen,1.0,0.9983,0.0017,True,True
1878,1,1,Allergen,Allergen,Pollen Allergen,Pollen Allergen,0.6575,0.6588,0.3412,True,True
1879,0,0,Non-Allergen,Non-Allergen,Non-Allergen,Non-Allergen,0.9199000000953674,0.0801,0.9199,True,True
1880,0,0,Non-Allergen,Non-Allergen,Non-Allergen,Non-Allergen,0.9124000072479248,0.0876,0.9124,True,True
1881,0,0,Non-Allergen,Non-Allergen,Non-Allergen,Non-Allergen,0.9244999885559082,0.0755,0.9245,True,True
1882,0,0,Non-Allergen,Non-Allergen,Non-Allergen,Non-Allergen,0.994700014591217,0.0053,0.9947,True,True
1883,1,1,Allergen,Allergen,Dust Mite Allergen,Dust Mite Allergen,0.84,0.9714,0.0286,True,True
1884,1,1,Allergen,Allergen,Pollen Allergen,Pollen Allergen,0.5375,0.9884,0.0116,True,True
1885,0,0,Non-Allergen,Non-Allergen,Non-Allergen,Non-Allergen,0.9876999855041504,0.0123,0.9877,True,True
1886,1,1,Allergen,Allergen,Pollen Allergen,Pollen Allergen,0.7825,0.9923,0.0077,True,True
1887,0,0,Non-Allergen,Non-Allergen,Non-Allergen,Non-Allergen,0.9983000159263611,0.0017,0.9983,True,True
1888,1,1,Allergen,Allergen,Pollen Allergen,Pollen Allergen,0.8375,0.9919,0.0081,True,True
1889,0,0,Non-Allergen,Non-Allergen,Non-Allergen,Non-Allergen,0.991100013256073,0.0089,0.9911,True,True
1890,0,0,Non-Allergen,Non-Allergen,Non-Allergen,Non-Allergen,0.9677000045776367,0.0323,0.9677,True,True
1891,1,1,Allergen,Allergen,Food Allergen,Food Allergen,1.0,0.9978,0.0022,True,True
1892,0,0,Non-Allergen,Non-Allergen,Non-Allergen,Non-Allergen,0.9944000244140625,0.0056,0.9944,True,True
1893,0,1,Non-Allergen,Allergen,Non-Allergen,Dust Mite Allergen,0.5,0.509,0.491,False,False
1894,1,1,Allergen,Allergen,Venom Allergen,Venom Allergen,0.4425,0.9932,0.0068,True,True
1895,1,1,Allergen,Allergen,Dust Mite Allergen,Dust Mite Allergen,0.9975,0.9984,0.0016,True,True
1896,1,1,Allergen,Allergen,Venom Allergen,Venom Allergen,1.0,0.9692,0.0308,True,True
1897,0,0,Non-Allergen,Non-Allergen,Non-Allergen,Non-Allergen,0.9383999705314636,0.0616,0.9384,True,True
1898,0,0,Non-Allergen,Non-Allergen,Non-Allergen,Non-Allergen,0.9997000098228455,0.0003,0.9997,True,True
1899,1,1,Allergen,Allergen,Food Allergen,Food Allergen,1.0,0.9939,0.0061,True,True
1900,0,0,Non-Allergen,Non-Allergen,Non-Allergen,Non-Allergen,0.9628999829292297,0.0371,0.9629,True,True
1901,1,1,Allergen,Allergen,Pollen Allergen,Pollen Allergen,1.0,0.9985,0.0015,True,True
1902,0,0,Non-Allergen,Non-Allergen,Non-Allergen,Non-Allergen,0.8802000284194946,0.1198,0.8802,True,True
1903,1,1,Allergen,Allergen,Venom Allergen,Venom Allergen,0.815,0.9633,0.0367,True,True
1904,0,0,Non-Allergen,Non-Allergen,Non-Allergen,Non-Allergen,0.9208999872207642,0.0791,0.9209,True,True
1905,0,0,Non-Allergen,Non-Allergen,Non-Allergen,Non-Allergen,0.9857000112533569,0.0143,0.9857,True,True
1906,1,1,Allergen,Allergen,Venom Allergen,Venom Allergen,0.59,0.9987,0.0013,True,True
1907,0,0,Non-Allergen,Non-Allergen,Non-Allergen,Non-Allergen,0.9495999813079834,0.0504,0.9496,True,True
1908,0,0,Non-Allergen,Non-Allergen,Non-Allergen,Non-Allergen,0.9952999949455261,0.0047,0.9953,True,True
1909,0,0,Non-Allergen,Non-Allergen,Non-Allergen,Non-Allergen,0.8804000020027161,0.1196,0.8804,True,True
1910,0,0,Non-Allergen,Non-Allergen,Non-Allergen,Non-Allergen,0.9954000115394592,0.0046,0.9954,True,True
1911,0,0,Non-Allergen,Non-Allergen,Non-Allergen,Non-Allergen,0.9991000294685364,0.0009,0.9991,True,True
1912,0,0,Non-Allergen,Non-Allergen,Non-Allergen,Non-Allergen,0.968500018119812,0.0315,0.9685,True,True
1913,0,0,Non-Allergen,Non-Allergen,Non-Allergen,Non-Allergen,0.9997000098228455,0.0003,0.9997,True,True
1914,0,0,Non-Allergen,Non-Allergen,Non-Allergen,Non-Allergen,0.8651000261306763,0.1349,0.8651,True,True
1915,0,0,Non-Allergen,Non-Allergen,Non-Allergen,Non-Allergen,0.951200008392334,0.0488,0.9512,True,True
1916,1,1,Allergen,Allergen,Venom Allergen,Venom Allergen,1.0,0.9988,0.0012,True,True
1917,0,1,Non-Allergen,Allergen,Non-Allergen,Venom Allergen,0.7775,0.753,0.247,False,False
1918,1,1,Allergen,Allergen,Food Allergen,Food Allergen,1.0,0.9991,0.0009,True,True
1919,1,1,Allergen,Allergen,Pollen Allergen,Pollen Allergen,0.9075,0.9922,0.0078,True,True
1920,0,0,Non-Allergen,Non-Allergen,Non-Allergen,Non-Allergen,0.9970999956130981,0.0029,0.9971,True,True
1921,1,1,Allergen,Allergen,Mold/Fungal Allergen,Mold/Fungal Allergen,1.0,1.0,0.0,True,True
1922,0,0,Non-Allergen,Non-Allergen,Non-Allergen,Non-Allergen,0.9994000196456909,0.0006,0.9994,True,True
1923,0,0,Non-Allergen,Non-Allergen,Non-Allergen,Non-Allergen,0.819100022315979,0.1809,0.8191,True,True
1924,1,1,Allergen,Allergen,Pollen Allergen,Pollen Allergen,0.7875,0.9709,0.0291,True,True
1925,0,0,Non-Allergen,Non-Allergen,Non-Allergen,Non-Allergen,0.9998999834060669,1e-04,0.9999,True,True
1926,1,1,Allergen,Allergen,Food Allergen,Food Allergen,1.0,0.9965,0.0035,True,True
1927,1,1,Allergen,Allergen,Mold/Fungal Allergen,Mold/Fungal Allergen,1.0,0.9998,0.0002,True,True
1928,0,0,Non-Allergen,Non-Allergen,Non-Allergen,Non-Allergen,0.9797000288963318,0.0203,0.9797,True,True
1929,0,0,Non-Allergen,Non-Allergen,Non-Allergen,Non-Allergen,0.9994999766349792,0.0005,0.9995,True,True
1930,1,0,Allergen,Non-Allergen,Pollen Allergen,Non-Allergen,0.8248999714851379,0.1751,0.8249,False,False
1931,0,0,Non-Allergen,Non-Allergen,Non-Allergen,Non-Allergen,0.9520000219345093,0.048,0.952,True,True
1932,0,1,Non-Allergen,Allergen,Non-Allergen,Pollen Allergen,0.345,0.525,0.475,False,False
1933,1,1,Allergen,Allergen,Dust Mite Allergen,Dust Mite Allergen,0.6375,0.9421,0.0579,True,True
1934,0,0,Non-Allergen,Non-Allergen,Non-Allergen,Non-Allergen,0.9890999794006348,0.0109,0.9891,True,True
1935,0,0,Non-Allergen,Non-Allergen,Non-Allergen,Non-Allergen,0.9868999719619751,0.0131,0.9869,True,True
1936,1,1,Allergen,Allergen,Dust Mite Allergen,Dust Mite Allergen,1.0,0.968,0.032,True,True
1937,1,1,Allergen,Allergen,Mold/Fungal Allergen,Mold/Fungal Allergen,1.0,1.0,0.0,True,True
1938,0,0,Non-Allergen,Non-Allergen,Non-Allergen,Non-Allergen,0.9488000273704529,0.0512,0.9488,True,True
1939,0,0,Non-Allergen,Non-Allergen,Non-Allergen,Non-Allergen,0.8840000033378601,0.116,0.884,True,True
1940,1,1,Allergen,Allergen,Mold/Fungal Allergen,Mold/Fungal Allergen,0.7775,0.9976,0.0024,True,True
1941,1,1,Allergen,Allergen,Food Allergen,Food Allergen,0.9125,0.9976,0.0024,True,True
1942,0,0,Non-Allergen,Non-Allergen,Non-Allergen,Non-Allergen,0.9918000102043152,0.0082,0.9918,True,True
1943,0,0,Non-Allergen,Non-Allergen,Non-Allergen,Non-Allergen,0.9983999729156494,0.0016,0.9984,True,True
1944,1,1,Allergen,Allergen,Pollen Allergen,Pollen Allergen,1.0,0.9848,0.0152,True,True
1945,1,1,Allergen,Allergen,Dust Mite Allergen,Dust Mite Allergen,1.0,0.998,0.002,True,True
1946,1,1,Allergen,Allergen,Food Allergen,Food Allergen,1.0,0.9991,0.0009,True,True
1947,0,0,Non-Allergen,Non-Allergen,Non-Allergen,Non-Allergen,0.7268000245094299,0.2732,0.7268,True,True
1948,1,1,Allergen,Allergen,Mold/Fungal Allergen,Mold/Fungal Allergen,1.0,0.9999,1e-04,True,True
1949,0,0,Non-Allergen,Non-Allergen,Non-Allergen,Non-Allergen,0.9955999851226807,0.0044,0.9956,True,True
1950,0,0,Non-Allergen,Non-Allergen,Non-Allergen,Non-Allergen,0.9998999834060669,1e-04,0.9999,True,True
1951,1,1,Allergen,Allergen,Venom Allergen,Venom Allergen,0.825,0.9852,0.0148,True,True
1952,0,0,Non-Allergen,Non-Allergen,Non-Allergen,Non-Allergen,0.9919999837875366,0.008,0.992,True,True
1953,1,1,Allergen,Allergen,Venom Allergen,Venom Allergen,0.995,0.9845,0.0155,True,True
1954,1,1,Allergen,Allergen,Mold/Fungal Allergen,Mold/Fungal Allergen,1.0,1.0,0.0,True,True
1955,1,1,Allergen,Allergen,Food Allergen,Food Allergen,1.0,0.9991,0.0009,True,True
1956,0,0,Non-Allergen,Non-Allergen,Non-Allergen,Non-Allergen,0.9858999848365784,0.0141,0.9859,True,True
1957,1,1,Allergen,Allergen,Pollen Allergen,Pollen Allergen,0.74,0.9982,0.0018,True,True
1958,1,1,Allergen,Allergen,Pollen Allergen,Pollen Allergen,0.7975,0.6707,0.3293,True,True
1959,1,1,Allergen,Allergen,Mold/Fungal Allergen,Mold/Fungal Allergen,0.345,0.9991,0.0009,True,True
1960,1,1,Allergen,Allergen,Venom Allergen,Venom Allergen,0.7925,0.9956,0.0044,True,True
1961,0,0,Non-Allergen,Non-Allergen,Non-Allergen,Non-Allergen,0.9284999966621399,0.0715,0.9285,True,True
1962,0,0,Non-Allergen,Non-Allergen,Non-Allergen,Non-Allergen,0.9434000253677368,0.0566,0.9434,True,True
1963,1,1,Allergen,Allergen,Mold/Fungal Allergen,Mold/Fungal Allergen,1.0,0.9999,1e-04,True,True
1964,0,0,Non-Allergen,Non-Allergen,Non-Allergen,Non-Allergen,0.9983999729156494,0.0016,0.9984,True,True
1965,1,1,Allergen,Allergen,Dust Mite Allergen,Dust Mite Allergen,0.7325,0.9045,0.0955,True,True
1966,1,1,Allergen,Allergen,Venom Allergen,Venom Allergen,1.0,0.9935,0.0065,True,True
1967,0,0,Non-Allergen,Non-Allergen,Non-Allergen,Non-Allergen,0.992900013923645,0.0071,0.9929,True,True
1968,1,1,Allergen,Allergen,Dust Mite Allergen,Dust Mite Allergen,1.0,0.9978,0.0022,True,True
1969,0,0,Non-Allergen,Non-Allergen,Non-Allergen,Non-Allergen,0.9639000296592712,0.0361,0.9639,True,True
1970,0,1,Non-Allergen,Allergen,Non-Allergen,Venom Allergen,0.4825,0.9705,0.0295,False,False
1971,1,1,Allergen,Allergen,Pollen Allergen,Pollen Allergen,1.0,0.9905,0.0095,True,True
1972,1,1,Allergen,Allergen,Pollen Allergen,Pollen Allergen,0.5275,0.97,0.03,True,True
1973,0,0,Non-Allergen,Non-Allergen,Non-Allergen,Non-Allergen,0.9958999752998352,0.0041,0.9959,True,True
1974,1,1,Allergen,Allergen,Mold/Fungal Allergen,Mold/Fungal Allergen,1.0,0.9999,1e-04,True,True
1975,0,0,Non-Allergen,Non-Allergen,Non-Allergen,Non-Allergen,0.9998999834060669,1e-04,0.9999,True,True
1976,0,0,Non-Allergen,Non-Allergen,Non-Allergen,Non-Allergen,0.9196000099182129,0.0804,0.9196,True,True
1977,0,0,Non-Allergen,Non-Allergen,Non-Allergen,Non-Allergen,0.9939000010490417,0.0061,0.9939,True,True
1978,0,0,Non-Allergen,Non-Allergen,Non-Allergen,Non-Allergen,0.9973999857902527,0.0026,0.9974,True,True
1979,0,0,Non-Allergen,Non-Allergen,Non-Allergen,Non-Allergen,0.9977999925613403,0.0022,0.9978,True,True
1980,1,1,Allergen,Allergen,Pollen Allergen,Pollen Allergen,0.8675,0.9955,0.0045,True,True
1981,1,1,Allergen,Allergen,Pollen Allergen,Pollen Allergen,0.315,0.854,0.146,True,True
1982,1,1,Allergen,Allergen,Pollen Allergen,Pollen Allergen,0.6175,0.9689,0.0311,True,True
1983,0,0,Non-Allergen,Non-Allergen,Non-Allergen,Non-Allergen,0.9997000098228455,0.0003,0.9997,True,True
1984,0,0,Non-Allergen,Non-Allergen,Non-Allergen,Non-Allergen,0.9926000237464905,0.0074,0.9926,True,True
1985,1,1,Allergen,Allergen,Pollen Allergen,Pollen Allergen,0.985,0.9876,0.0124,True,True
1986,1,1,Allergen,Allergen,Pollen Allergen,Pollen Allergen,0.995,0.9942,0.0058,True,True
1987,1,1,Allergen,Allergen,Dust Mite Allergen,Dust Mite Allergen,0.8775,0.9711,0.0289,True,True
1988,1,1,Allergen,Allergen,Food Allergen,Food Allergen,1.0,0.9997,0.0003,True,True
1989,1,1,Allergen,Allergen,Pollen Allergen,Pollen Allergen,0.9525,0.9942,0.0058,True,True
1990,0,0,Non-Allergen,Non-Allergen,Non-Allergen,Non-Allergen,0.9973000288009644,0.0027,0.9973,True,True
1991,0,0,Non-Allergen,Non-Allergen,Non-Allergen,Non-Allergen,0.5713000297546387,0.4287,0.5713,True,True
1992,0,0,Non-Allergen,Non-Allergen,Non-Allergen,Non-Allergen,0.9944999814033508,0.0055,0.9945,True,True
1993,0,0,Non-Allergen,Non-Allergen,Non-Allergen,Non-Allergen,0.9990000128746033,0.001,0.999,True,True
1994,1,1,Allergen,Allergen,Pollen Allergen,Pollen Allergen,1.0,0.9971,0.0029,True,True
1995,0,0,Non-Allergen,Non-Allergen,Non-Allergen,Non-Allergen,0.8119000196456909,0.1881,0.8119,True,True
1996,0,0,Non-Allergen,Non-Allergen,Non-Allergen,Non-Allergen,0.9986000061035156,0.0014,0.9986,True,True
1997,1,1,Allergen,Allergen,Mold/Fungal Allergen,Mold/Fungal Allergen,0.9775,0.9989,0.0011,True,True
1998,1,1,Allergen,Allergen,Venom Allergen,Venom Allergen,0.95,0.9979,0.0021,True,True
1999,1,1,Allergen,Allergen,Food Allergen,Food Allergen,1.0,0.9909,0.0091,True,True
2000,0,0,Non-Allergen,Non-Allergen,Non-Allergen,Non-Allergen,0.9332000017166138,0.0668,0.9332,True,True
2001,1,1,Allergen,Allergen,Food Allergen,Dust Mite Allergen,0.3925,0.8512,0.1488,True,False
2002,0,0,Non-Allergen,Non-Allergen,Non-Allergen,Non-Allergen,0.978600025177002,0.0214,0.9786,True,True
2003,0,0,Non-Allergen,Non-Allergen,Non-Allergen,Non-Allergen,0.9990000128746033,0.001,0.999,True,True
2004,1,1,Allergen,Allergen,Food Allergen,Food Allergen,1.0,0.9991,0.0009,True,True
2005,0,0,Non-Allergen,Non-Allergen,Non-Allergen,Non-Allergen,0.9847000241279602,0.0153,0.9847,True,True
2006,0,1,Non-Allergen,Allergen,Non-Allergen,Pollen Allergen,0.355,0.6233,0.3767,False,False
2007,0,0,Non-Allergen,Non-Allergen,Non-Allergen,Non-Allergen,0.9469000101089478,0.0531,0.9469,True,True
2008,1,1,Allergen,Allergen,Venom Allergen,Venom Allergen,0.7,0.9974,0.0026,True,True
2009,1,1,Allergen,Allergen,Pollen Allergen,Pollen Allergen,0.765,0.9732,0.0268,True,True
2010,1,1,Allergen,Allergen,Dust Mite Allergen,Dust Mite Allergen,0.64,0.9895,0.0105,True,True
2011,1,1,Allergen,Allergen,Mold/Fungal Allergen,Mold/Fungal Allergen,1.0,0.9999,1e-04,True,True
2012,0,0,Non-Allergen,Non-Allergen,Non-Allergen,Non-Allergen,0.9983999729156494,0.0016,0.9984,True,True
2013,1,1,Allergen,Allergen,Venom Allergen,Venom Allergen,0.9225,0.6043,0.3957,True,True
2014,0,0,Non-Allergen,Non-Allergen,Non-Allergen,Non-Allergen,0.9995999932289124,0.0004,0.9996,True,True
2015,0,0,Non-Allergen,Non-Allergen,Non-Allergen,Non-Allergen,0.8795999884605408,0.1204,0.8796,True,True
2016,1,0,Allergen,Non-Allergen,Food Allergen,Non-Allergen,0.708899974822998,0.2911,0.7089,False,False
2017,0,0,Non-Allergen,Non-Allergen,Non-Allergen,Non-Allergen,0.9702000021934509,0.0298,0.9702,True,True
2018,1,1,Allergen,Allergen,Pollen Allergen,Pollen Allergen,1.0,0.9969,0.0031,True,True
2019,1,1,Allergen,Allergen,Venom Allergen,Venom Allergen,0.8675,0.9935,0.0065,True,True
2020,0,0,Non-Allergen,Non-Allergen,Non-Allergen,Non-Allergen,0.9855999946594238,0.0144,0.9856,True,True
2021,0,0,Non-Allergen,Non-Allergen,Non-Allergen,Non-Allergen,0.9950000047683716,0.005,0.995,True,True
2022,0,0,Non-Allergen,Non-Allergen,Non-Allergen,Non-Allergen,0.9993000030517578,0.0007,0.9993,True,True
2023,1,1,Allergen,Allergen,Venom Allergen,Venom Allergen,0.7775,0.9749,0.0251,True,True
2024,1,1,Allergen,Allergen,Pollen Allergen,Pollen Allergen,0.9825,0.9961,0.0039,True,True
2025,0,0,Non-Allergen,Non-Allergen,Non-Allergen,Non-Allergen,0.659500002861023,0.3405,0.6595,True,True
2026,0,0,Non-Allergen,Non-Allergen,Non-Allergen,Non-Allergen,0.9787999987602234,0.0212,0.9788,True,True
2027,0,0,Non-Allergen,Non-Allergen,Non-Allergen,Non-Allergen,0.9814000129699707,0.0186,0.9814,True,True
2028,1,1,Allergen,Allergen,Mold/Fungal Allergen,Mold/Fungal Allergen,1.0,0.9999,1e-04,True,True
2029,0,0,Non-Allergen,Non-Allergen,Non-Allergen,Non-Allergen,0.9221000075340271,0.0779,0.9221,True,True
2030,1,1,Allergen,Allergen,Food Allergen,Food Allergen,0.725,0.9659,0.0341,True,True
2031,1,1,Allergen,Allergen,Dust Mite Allergen,Venom Allergen,0.5725,0.7995,0.2005,True,False
2032,1,1,Allergen,Allergen,Mold/Fungal Allergen,Mold/Fungal Allergen,1.0,0.9999,1e-04,True,True
2033,0,0,Non-Allergen,Non-Allergen,Non-Allergen,Non-Allergen,0.9455999732017517,0.0544,0.9456,True,True
2034,0,0,Non-Allergen,Non-Allergen,Non-Allergen,Non-Allergen,0.9988999962806702,0.0011,0.9989,True,True
2035,1,1,Allergen,Allergen,Food Allergen,Food Allergen,1.0,0.9909,0.0091,True,True
2036,1,1,Allergen,Allergen,Mold/Fungal Allergen,Mold/Fungal Allergen,1.0,0.9999,1e-04,True,True
2037,0,0,Non-Allergen,Non-Allergen,Non-Allergen,Non-Allergen,0.9998999834060669,1e-04,0.9999,True,True
2038,1,1,Allergen,Allergen,Venom Allergen,Venom Allergen,0.8625,0.9858,0.0142,True,True
2039,1,1,Allergen,Allergen,Food Allergen,Food Allergen,0.58,0.9974,0.0026,True,True
2040,1,0,Allergen,Non-Allergen,Venom Allergen,Non-Allergen,0.8183000087738037,0.1817,0.8183,False,False
2041,1,1,Allergen,Allergen,Food Allergen,Food Allergen,1.0,0.9553,0.0447,True,True
2042,0,0,Non-Allergen,Non-Allergen,Non-Allergen,Non-Allergen,0.9578999876976013,0.0421,0.9579,True,True
2043,1,1,Allergen,Allergen,Venom Allergen,Venom Allergen,0.785,0.9917,0.0083,True,True
2044,0,0,Non-Allergen,Non-Allergen,Non-Allergen,Non-Allergen,0.8849999904632568,0.115,0.885,True,True
2045,1,1,Allergen,Allergen,Pollen Allergen,Pollen Allergen,1.0,0.9994,0.0006,True,True
2046,1,1,Allergen,Allergen,Mold/Fungal Allergen,Mold/Fungal Allergen,0.99,0.9994,0.0006,True,True
2047,0,0,Non-Allergen,Non-Allergen,Non-Allergen,Non-Allergen,0.9998999834060669,1e-04,0.9999,True,True
2048,1,1,Allergen,Allergen,Food Allergen,Food Allergen,0.665,0.9986,0.0014,True,True
2049,1,1,Allergen,Allergen,Pollen Allergen,Pollen Allergen,0.86,0.9906,0.0094,True,True
2050,1,1,Allergen,Allergen,Venom Allergen,Venom Allergen,0.605,0.7773,0.2227,True,True
2051,0,0,Non-Allergen,Non-Allergen,Non-Allergen,Non-Allergen,0.9994000196456909,0.0006,0.9994,True,True
2052,1,1,Allergen,Allergen,Venom Allergen,Venom Allergen,0.835,0.8494,0.1506,True,True
2053,1,1,Allergen,Allergen,Dust Mite Allergen,Dust Mite Allergen,1.0,0.9829,0.0171,True,True
2054,1,1,Allergen,Allergen,Pollen Allergen,Pollen Allergen,0.7525,0.9993,0.0007,True,True
2055,0,0,Non-Allergen,Non-Allergen,Non-Allergen,Non-Allergen,0.9782999753952026,0.0217,0.9783,True,True
2056,0,0,Non-Allergen,Non-Allergen,Non-Allergen,Non-Allergen,0.9939000010490417,0.0061,0.9939,True,True
2057,0,0,Non-Allergen,Non-Allergen,Non-Allergen,Non-Allergen,0.9922999739646912,0.0077,0.9923,True,True
2058,0,0,Non-Allergen,Non-Allergen,Non-Allergen,Non-Allergen,0.9998999834060669,1e-04,0.9999,True,True
2059,0,0,Non-Allergen,Non-Allergen,Non-Allergen,Non-Allergen,0.9753000140190125,0.0247,0.9753,True,True
2060,0,0,Non-Allergen,Non-Allergen,Non-Allergen,Non-Allergen,0.9983999729156494,0.0016,0.9984,True,True
2061,1,1,Allergen,Allergen,Pollen Allergen,Pollen Allergen,1.0,0.9943,0.0057,True,True
2062,1,1,Allergen,Allergen,Venom Allergen,Venom Allergen,1.0,0.9918,0.0082,True,True
2063,0,0,Non-Allergen,Non-Allergen,Non-Allergen,Non-Allergen,0.9995999932289124,0.0004,0.9996,True,True
2064,0,0,Non-Allergen,Non-Allergen,Non-Allergen,Non-Allergen,0.9998000264167786,0.0002,0.9998,True,True
2065,0,0,Non-Allergen,Non-Allergen,Non-Allergen,Non-Allergen,0.9952999949455261,0.0047,0.9953,True,True
2066,1,1,Allergen,Allergen,Venom Allergen,Venom Allergen,0.885,0.9974,0.0026,True,True
2067,1,1,Allergen,Allergen,Venom Allergen,Venom Allergen,0.8625,0.9964,0.0036,True,True
2068,1,1,Allergen,Allergen,Mold/Fungal Allergen,Mold/Fungal Allergen,0.9,0.9833,0.0167,True,True
2069,0,0,Non-Allergen,Non-Allergen,Non-Allergen,Non-Allergen,0.9905999898910522,0.0094,0.9906,True,True
2070,1,1,Allergen,Allergen,Food Allergen,Food Allergen,0.935,0.9896,0.0104,True,True
2071,1,1,Allergen,Allergen,Pollen Allergen,Pollen Allergen,0.9975,0.9422,0.0578,True,True
2072,0,0,Non-Allergen,Non-Allergen,Non-Allergen,Non-Allergen,0.921999990940094,0.078,0.922,True,True
2073,0,0,Non-Allergen,Non-Allergen,Non-Allergen,Non-Allergen,0.6722999811172485,0.3277,0.6723,True,True
2074,1,1,Allergen,Allergen,Pollen Allergen,Pollen Allergen,0.34,0.9725,0.0275,True,True
2075,1,1,Allergen,Allergen,Mold/Fungal Allergen,Mold/Fungal Allergen,1.0,0.9996,0.0004,True,True
2076,0,0,Non-Allergen,Non-Allergen,Non-Allergen,Non-Allergen,0.9943000078201294,0.0057,0.9943,True,True
2077,1,1,Allergen,Allergen,Venom Allergen,Venom Allergen,0.7175,0.9975,0.0025,True,True
2078,0,0,Non-Allergen,Non-Allergen,Non-Allergen,Non-Allergen,0.9966999888420105,0.0033,0.9967,True,True
2079,0,0,Non-Allergen,Non-Allergen,Non-Allergen,Non-Allergen,0.9987999796867371,0.0012,0.9988,True,True
2080,1,1,Allergen,Allergen,Dust Mite Allergen,Dust Mite Allergen,0.3475,0.9974,0.0026,True,True
2081,1,1,Allergen,Allergen,Dust Mite Allergen,Dust Mite Allergen,0.8625,0.9875,0.0125,True,True
2082,1,1,Allergen,Allergen,Dust Mite Allergen,Dust Mite Allergen,0.8275,0.9764,0.0236,True,True
2083,1,1,Allergen,Allergen,Pollen Allergen,Pollen Allergen,0.895,0.9998,0.0002,True,True
2084,1,1,Allergen,Allergen,Venom Allergen,Venom Allergen,0.88,0.9722,0.0278,True,True
2085,1,1,Allergen,Allergen,Venom Allergen,Venom Allergen,0.8725,0.9796,0.0204,True,True
2086,0,0,Non-Allergen,Non-Allergen,Non-Allergen,Non-Allergen,0.9958999752998352,0.0041,0.9959,True,True
2087,0,0,Non-Allergen,Non-Allergen,Non-Allergen,Non-Allergen,0.9743000268936157,0.0257,0.9743,True,True
2088,1,1,Allergen,Allergen,Mold/Fungal Allergen,Mold/Fungal Allergen,1.0,0.9999,1e-04,True,True
2089,0,0,Non-Allergen,Non-Allergen,Non-Allergen,Non-Allergen,0.9897000193595886,0.0103,0.9897,True,True
2090,1,1,Allergen,Allergen,Dust Mite Allergen,Dust Mite Allergen,0.695,0.981,0.019,True,True
2091,0,0,Non-Allergen,Non-Allergen,Non-Allergen,Non-Allergen,0.9896000027656555,0.0104,0.9896,True,True
2092,0,0,Non-Allergen,Non-Allergen,Non-Allergen,Non-Allergen,0.9703999757766724,0.0296,0.9704,True,True
2093,1,1,Allergen,Allergen,Mold/Fungal Allergen,Mold/Fungal Allergen,1.0,0.9999,1e-04,True,True
2094,1,1,Allergen,Allergen,Venom Allergen,Venom Allergen,0.81,0.9924,0.0076,True,True
2095,1,1,Allergen,Allergen,Venom Allergen,Venom Allergen,0.72,0.931,0.069,True,True
2096,1,1,Allergen,Allergen,Food Allergen,Food Allergen,0.5175,0.5131,0.4869,True,True
2097,0,0,Non-Allergen,Non-Allergen,Non-Allergen,Non-Allergen,0.9998000264167786,0.0002,0.9998,True,True
2098,1,1,Allergen,Allergen,Dust Mite Allergen,Venom Allergen,0.4275,0.9736,0.0264,True,False
2099,0,0,Non-Allergen,Non-Allergen,Non-Allergen,Non-Allergen,0.7764999866485596,0.2235,0.7765,True,True
2100,0,0,Non-Allergen,Non-Allergen,Non-Allergen,Non-Allergen,0.7674000263214111,0.2326,0.7674,True,True
2101,0,0,Non-Allergen,Non-Allergen,Non-Allergen,Non-Allergen,0.7350999712944031,0.2649,0.7351,True,True
2102,0,0,Non-Allergen,Non-Allergen,Non-Allergen,Non-Allergen,0.9980999827384949,0.0019,0.9981,True,True
2103,1,1,Allergen,Allergen,Dust Mite Allergen,Dust Mite Allergen,1.0,0.9901,0.0099,True,True
2104,1,1,Allergen,Allergen,Mold/Fungal Allergen,Mold/Fungal Allergen,0.9975,0.9972,0.0028,True,True
2105,0,0,Non-Allergen,Non-Allergen,Non-Allergen,Non-Allergen,0.9383999705314636,0.0616,0.9384,True,True
2106,0,0,Non-Allergen,Non-Allergen,Non-Allergen,Non-Allergen,0.9807000160217285,0.0193,0.9807,True,True
2107,0,0,Non-Allergen,Non-Allergen,Non-Allergen,Non-Allergen,0.9959999918937683,0.004,0.996,True,True
2108,0,1,Non-Allergen,Allergen,Non-Allergen,Venom Allergen,0.315,0.8671,0.1329,False,False
2109,0,0,Non-Allergen,Non-Allergen,Non-Allergen,Non-Allergen,0.9872999787330627,0.0127,0.9873,True,True
2110,1,1,Allergen,Allergen,Food Allergen,Food Allergen,0.525,0.5264,0.4736,True,True
2111,0,0,Non-Allergen,Non-Allergen,Non-Allergen,Non-Allergen,0.5734000205993652,0.4266,0.5734,True,True
2112,0,0,Non-Allergen,Non-Allergen,Non-Allergen,Non-Allergen,0.9972000122070312,0.0028,0.9972,True,True
2113,0,0,Non-Allergen,Non-Allergen,Non-Allergen,Non-Allergen,0.9966999888420105,0.0033,0.9967,True,True
2114,1,1,Allergen,Allergen,Dust Mite Allergen,Dust Mite Allergen,0.42,0.9626,0.0374,True,True
2115,0,0,Non-Allergen,Non-Allergen,Non-Allergen,Non-Allergen,0.9526000022888184,0.0474,0.9526,True,True
2116,0,0,Non-Allergen,Non-Allergen,Non-Allergen,Non-Allergen,0.9915000200271606,0.0085,0.9915,True,True
2117,1,1,Allergen,Allergen,Mold/Fungal Allergen,Mold/Fungal Allergen,1.0,1.0,0.0,True,True
2118,1,1,Allergen,Allergen,Pollen Allergen,Pollen Allergen,1.0,0.9959,0.0041,True,True
2119,1,1,Allergen,Allergen,Mold/Fungal Allergen,Mold/Fungal Allergen,1.0,0.9997,0.0003,True,True
2120,0,0,Non-Allergen,Non-Allergen,Non-Allergen,Non-Allergen,0.8844000101089478,0.1156,0.8844,True,True
2121,1,1,Allergen,Allergen,Pollen Allergen,Pollen Allergen,1.0,0.9999,1e-04,True,True
2122,0,0,Non-Allergen,Non-Allergen,Non-Allergen,Non-Allergen,0.8589000105857849,0.1411,0.8589,True,True
2123,0,0,Non-Allergen,Non-Allergen,Non-Allergen,Non-Allergen,0.9998000264167786,0.0002,0.9998,True,True
2124,0,0,Non-Allergen,Non-Allergen,Non-Allergen,Non-Allergen,0.9977999925613403,0.0022,0.9978,True,True
2125,1,1,Allergen,Allergen,Food Allergen,Food Allergen,1.0,0.9909,0.0091,True,True
2126,1,1,Allergen,Allergen,Pollen Allergen,Pollen Allergen,0.81,0.9848,0.0152,True,True
2127,1,1,Allergen,Allergen,Pollen Allergen,Pollen Allergen,1.0,0.9693,0.0307,True,True
2128,1,0,Allergen,Non-Allergen,Pollen Allergen,Non-Allergen,0.8831999897956848,0.1168,0.8832,False,False
2129,1,1,Allergen,Allergen,Food Allergen,Food Allergen,1.0,0.9988,0.0012,True,True
2130,1,1,Allergen,Allergen,Food Allergen,Food Allergen,0.98,0.9991,0.0009,True,True
2131,0,0,Non-Allergen,Non-Allergen,Non-Allergen,Non-Allergen,0.9908000230789185,0.0092,0.9908,True,True
2132,0,0,Non-Allergen,Non-Allergen,Non-Allergen,Non-Allergen,0.9983999729156494,0.0016,0.9984,True,True
2133,0,0,Non-Allergen,Non-Allergen,Non-Allergen,Non-Allergen,0.7077000141143799,0.2923,0.7077,True,True
2134,0,0,Non-Allergen,Non-Allergen,Non-Allergen,Non-Allergen,0.9998000264167786,0.0002,0.9998,True,True
2135,0,0,Non-Allergen,Non-Allergen,Non-Allergen,Non-Allergen,0.9994000196456909,0.0006,0.9994,True,True
2136,0,0,Non-Allergen,Non-Allergen,Non-Allergen,Non-Allergen,0.9921000003814697,0.0079,0.9921,True,True
2137,1,1,Allergen,Allergen,Venom Allergen,Venom Allergen,0.9125,0.9953,0.0047,True,True
2138,1,1,Allergen,Allergen,Food Allergen,Food Allergen,0.8625,0.9821,0.0179,True,True
2139,1,1,Allergen,Allergen,Venom Allergen,Venom Allergen,0.445,0.9726,0.0274,True,True
2140,0,0,Non-Allergen,Non-Allergen,Non-Allergen,Non-Allergen,0.9936000108718872,0.0064,0.9936,True,True
2141,0,0,Non-Allergen,Non-Allergen,Non-Allergen,Non-Allergen,0.9927999973297119,0.0072,0.9928,True,True
2142,1,1,Allergen,Allergen,Food Allergen,Food Allergen,0.7275,0.9826,0.0174,True,True
2143,1,1,Allergen,Allergen,Pollen Allergen,Pollen Allergen,0.8625,0.9965,0.0035,True,True
2144,0,0,Non-Allergen,Non-Allergen,Non-Allergen,Non-Allergen,0.9983000159263611,0.0017,0.9983,True,True
2145,0,0,Non-Allergen,Non-Allergen,Non-Allergen,Non-Allergen,0.9980000257492065,0.002,0.998,True,True
2146,0,1,Non-Allergen,Allergen,Non-Allergen,Pollen Allergen,0.425,0.9172,0.0828,False,False
2147,0,0,Non-Allergen,Non-Allergen,Non-Allergen,Non-Allergen,0.992900013923645,0.0071,0.9929,True,True
2148,0,0,Non-Allergen,Non-Allergen,Non-Allergen,Non-Allergen,0.9879999756813049,0.012,0.988,True,True
2149,1,1,Allergen,Allergen,Mold/Fungal Allergen,Mold/Fungal Allergen,1.0,1.0,0.0,True,True
2150,1,0,Allergen,Non-Allergen,Dust Mite Allergen,Non-Allergen,0.739799976348877,0.2602,0.7398,False,False
2151,0,0,Non-Allergen,Non-Allergen,Non-Allergen,Non-Allergen,0.9850000143051147,0.015,0.985,True,True
2152,0,0,Non-Allergen,Non-Allergen,Non-Allergen,Non-Allergen,0.9879000186920166,0.0121,0.9879,True,True
2153,0,0,Non-Allergen,Non-Allergen,Non-Allergen,Non-Allergen,0.9987999796867371,0.0012,0.9988,True,True
2154,1,1,Allergen,Allergen,Mold/Fungal Allergen,Mold/Fungal Allergen,0.985,0.9993,0.0007,True,True
2155,1,1,Allergen,Allergen,Venom Allergen,Venom Allergen,0.5275,0.8351,0.1649,True,True
2156,1,1,Allergen,Allergen,Dust Mite Allergen,Dust Mite Allergen,0.8025,0.9902,0.0098,True,True
2157,1,0,Allergen,Non-Allergen,Venom Allergen,Non-Allergen,0.6811000108718872,0.3189,0.6811,False,False
2158,0,0,Non-Allergen,Non-Allergen,Non-Allergen,Non-Allergen,0.9993000030517578,0.0007,0.9993,True,True
2159,0,0,Non-Allergen,Non-Allergen,Non-Allergen,Non-Allergen,0.9922000169754028,0.0078,0.9922,True,True
2160,0,0,Non-Allergen,Non-Allergen,Non-Allergen,Non-Allergen,0.9797000288963318,0.0203,0.9797,True,True
2161,0,0,Non-Allergen,Non-Allergen,Non-Allergen,Non-Allergen,0.8770999908447266,0.1229,0.8771,True,True
2162,0,1,Non-Allergen,Allergen,Non-Allergen,Venom Allergen,0.42,0.9308,0.0692,False,False
2163,1,1,Allergen,Allergen,Venom Allergen,Venom Allergen,0.48,0.9532,0.0468,True,True
2164,1,1,Allergen,Allergen,Pollen Allergen,Pollen Allergen,0.8,0.9991,0.0009,True,True
2165,1,1,Allergen,Allergen,Venom Allergen,Venom Allergen,0.755,0.8507,0.1493,True,True
2166,1,1,Allergen,Allergen,Mold/Fungal Allergen,Mold/Fungal Allergen,1.0,0.9998,0.0002,True,True
2167,0,0,Non-Allergen,Non-Allergen,Non-Allergen,Non-Allergen,0.9433000087738037,0.0567,0.9433,True,True
2168,1,1,Allergen,Allergen,Pollen Allergen,Pollen Allergen,0.5,0.9184,0.0816,True,True
2169,0,0,Non-Allergen,Non-Allergen,Non-Allergen,Non-Allergen,0.9998999834060669,1e-04,0.9999,True,True
2170,1,1,Allergen,Allergen,Venom Allergen,Venom Allergen,1.0,0.9986,0.0014,True,True
2171,0,0,Non-Allergen,Non-Allergen,Non-Allergen,Non-Allergen,0.9983000159263611,0.0017,0.9983,True,True
2172,1,0,Allergen,Non-Allergen,Food Allergen,Non-Allergen,0.6430000066757202,0.357,0.643,False,False
2173,0,0,Non-Allergen,Non-Allergen,Non-Allergen,Non-Allergen,0.9876999855041504,0.0123,0.9877,True,True
2174,1,1,Allergen,Allergen,Pollen Allergen,Pollen Allergen,0.94,0.9955,0.0045,True,True
2175,1,1,Allergen,Allergen,Dust Mite Allergen,Venom Allergen,0.5125,0.9943,0.0057,True,False
2176,0,1,Non-Allergen,Allergen,Non-Allergen,Venom Allergen,0.525,0.5003,0.4997,False,False
2177,1,1,Allergen,Allergen,Dust Mite Allergen,Dust Mite Allergen,1.0,0.9267,0.0733,True,True
2178,0,0,Non-Allergen,Non-Allergen,Non-Allergen,Non-Allergen,0.9911999702453613,0.0088,0.9912,True,True
2179,0,0,Non-Allergen,Non-Allergen,Non-Allergen,Non-Allergen,0.9918000102043152,0.0082,0.9918,True,True
2180,0,0,Non-Allergen,Non-Allergen,Non-Allergen,Non-Allergen,0.9988999962806702,0.0011,0.9989,True,True
2181,0,0,Non-Allergen,Non-Allergen,Non-Allergen,Non-Allergen,0.9995999932289124,0.0004,0.9996,True,True
2182,0,1,Non-Allergen,Allergen,Non-Allergen,Venom Allergen,0.38,0.5104,0.4896,False,False
2183,1,1,Allergen,Allergen,Venom Allergen,Dust Mite Allergen,0.4325,0.9627,0.0373,True,False
2184,0,0,Non-Allergen,Non-Allergen,Non-Allergen,Non-Allergen,0.9672999978065491,0.0327,0.9673,True,True
2185,1,1,Allergen,Allergen,Mold/Fungal Allergen,Mold/Fungal Allergen,0.995,0.9996,0.0004,True,True
2186,0,0,Non-Allergen,Non-Allergen,Non-Allergen,Non-Allergen,0.8884999752044678,0.1115,0.8885,True,True
2187,1,1,Allergen,Allergen,Pollen Allergen,Pollen Allergen,0.9275,0.9926,0.0074,True,True
2188,1,1,Allergen,Allergen,Dust Mite Allergen,Dust Mite Allergen,0.65,0.5392,0.4608,True,True
2189,0,0,Non-Allergen,Non-Allergen,Non-Allergen,Non-Allergen,0.5771999955177307,0.4228,0.5772,True,True
2190,1,1,Allergen,Allergen,Food Allergen,Food Allergen,1.0,0.9969,0.0031,True,True
2191,0,0,Non-Allergen,Non-Allergen,Non-Allergen,Non-Allergen,0.9812999963760376,0.0187,0.9813,True,True
2192,1,1,Allergen,Allergen,Food Allergen,Food Allergen,1.0,0.9959,0.0041,True,True
2193,0,0,Non-Allergen,Non-Allergen,Non-Allergen,Non-Allergen,0.9901999831199646,0.0098,0.9902,True,True
2194,1,1,Allergen,Allergen,Venom Allergen,Venom Allergen,0.9475,0.9984,0.0016,True,True
2195,1,1,Allergen,Allergen,Pollen Allergen,Pollen Allergen,0.9625,0.999,0.001,True,True
2196,0,0,Non-Allergen,Non-Allergen,Non-Allergen,Non-Allergen,0.7907999753952026,0.2092,0.7908,True,True
2197,1,1,Allergen,Allergen,Pollen Allergen,Pollen Allergen,0.8275,0.9839,0.0161,True,True
2198,0,0,Non-Allergen,Non-Allergen,Non-Allergen,Non-Allergen,0.671999990940094,0.328,0.672,True,True
2199,0,0,Non-Allergen,Non-Allergen,Non-Allergen,Non-Allergen,0.9973000288009644,0.0027,0.9973,True,True
2200,1,1,Allergen,Allergen,Venom Allergen,Venom Allergen,0.8475,0.9971,0.0029,True,True
2201,1,1,Allergen,Allergen,Venom Allergen,Venom Allergen,0.7675,0.914,0.086,True,True
2202,0,0,Non-Allergen,Non-Allergen,Non-Allergen,Non-Allergen,0.8587999939918518,0.1412,0.8588,True,True
2203,0,0,Non-Allergen,Non-Allergen,Non-Allergen,Non-Allergen,0.9951000213623047,0.0049,0.9951,True,True
2204,1,1,Allergen,Allergen,Food Allergen,Food Allergen,0.905,0.9974,0.0026,True,True
2205,1,1,Allergen,Allergen,Dust Mite Allergen,Dust Mite Allergen,0.6675,0.9533,0.0467,True,True
2206,1,1,Allergen,Allergen,Dust Mite Allergen,Dust Mite Allergen,0.8375,0.5373,0.4627,True,True
2207,1,1,Allergen,Allergen,Food Allergen,Food Allergen,1.0,0.995,0.005,True,True
2208,0,0,Non-Allergen,Non-Allergen,Non-Allergen,Non-Allergen,0.8605999946594238,0.1394,0.8606,True,True
2209,0,0,Non-Allergen,Non-Allergen,Non-Allergen,Non-Allergen,0.9886000156402588,0.0114,0.9886,True,True
2210,1,1,Allergen,Allergen,Pollen Allergen,Pollen Allergen,0.83,0.9913,0.0087,True,True
2211,0,0,Non-Allergen,Non-Allergen,Non-Allergen,Non-Allergen,0.9621999859809875,0.0378,0.9622,True,True
2212,0,0,Non-Allergen,Non-Allergen,Non-Allergen,Non-Allergen,0.9828000068664551,0.0172,0.9828,True,True
2213,0,0,Non-Allergen,Non-Allergen,Non-Allergen,Non-Allergen,0.9498999714851379,0.0501,0.9499,True,True
2214,0,0,Non-Allergen,Non-Allergen,Non-Allergen,Non-Allergen,0.9909999966621399,0.009,0.991,True,True
2215,1,1,Allergen,Allergen,Pollen Allergen,Dust Mite Allergen,0.41,0.7977,0.2023,True,False
2216,1,1,Allergen,Allergen,Food Allergen,Food Allergen,1.0,0.9991,0.0009,True,True
2217,1,1,Allergen,Allergen,Mold/Fungal Allergen,Mold/Fungal Allergen,1.0,1.0,0.0,True,True
2218,0,0,Non-Allergen,Non-Allergen,Non-Allergen,Non-Allergen,0.9965000152587891,0.0035,0.9965,True,True
2219,1,1,Allergen,Allergen,Mold/Fungal Allergen,Mold/Fungal Allergen,1.0,0.9997,0.0003,True,True
2220,1,1,Allergen,Allergen,Dust Mite Allergen,Dust Mite Allergen,0.5625,0.996,0.004,True,True
2221,1,1,Allergen,Allergen,Pollen Allergen,Pollen Allergen,1.0,0.9528,0.0472,True,True
2222,0,0,Non-Allergen,Non-Allergen,Non-Allergen,Non-Allergen,0.9998000264167786,0.0002,0.9998,True,True
2223,0,0,Non-Allergen,Non-Allergen,Non-Allergen,Non-Allergen,0.6820999979972839,0.3179,0.6821,True,True
2224,1,1,Allergen,Allergen,Pollen Allergen,Pollen Allergen,0.41,0.83,0.17,True,True
2225,0,0,Non-Allergen,Non-Allergen,Non-Allergen,Non-Allergen,0.9818999767303467,0.0181,0.9819,True,True
2226,0,0,Non-Allergen,Non-Allergen,Non-Allergen,Non-Allergen,0.9912999868392944,0.0087,0.9913,True,True
2227,1,1,Allergen,Allergen,Mold/Fungal Allergen,Mold/Fungal Allergen,1.0,0.9869,0.0131,True,True
2228,1,1,Allergen,Allergen,Venom Allergen,Venom Allergen,0.7975,0.9992,0.0008,True,True
2229,0,0,Non-Allergen,Non-Allergen,Non-Allergen,Non-Allergen,0.9959999918937683,0.004,0.996,True,True
2230,1,1,Allergen,Allergen,Venom Allergen,Venom Allergen,0.7275,0.992,0.008,True,True
2231,1,1,Allergen,Allergen,Mold/Fungal Allergen,Mold/Fungal Allergen,1.0,0.9999,1e-04,True,True
2232,0,0,Non-Allergen,Non-Allergen,Non-Allergen,Non-Allergen,0.9980999827384949,0.0019,0.9981,True,True
2233,1,1,Allergen,Allergen,Food Allergen,Food Allergen,0.795,0.9688,0.0312,True,True
2234,1,1,Allergen,Allergen,Venom Allergen,Venom Allergen,0.72,0.8704,0.1296,True,True
2235,0,0,Non-Allergen,Non-Allergen,Non-Allergen,Non-Allergen,0.9563999772071838,0.0436,0.9564,True,True
2236,0,0,Non-Allergen,Non-Allergen,Non-Allergen,Non-Allergen,0.9961000084877014,0.0039,0.9961,True,True
2237,1,1,Allergen,Allergen,Pollen Allergen,Pollen Allergen,0.935,0.9761,0.0239,True,True
2238,0,0,Non-Allergen,Non-Allergen,Non-Allergen,Non-Allergen,0.8640000224113464,0.136,0.864,True,True
2239,1,1,Allergen,Allergen,Venom Allergen,Venom Allergen,0.5825,0.9597,0.0403,True,True
2240,0,0,Non-Allergen,Non-Allergen,Non-Allergen,Non-Allergen,0.9621999859809875,0.0378,0.9622,True,True
2241,1,1,Allergen,Allergen,Mold/Fungal Allergen,Mold/Fungal Allergen,1.0,0.9998,0.0002,True,True
2242,0,0,Non-Allergen,Non-Allergen,Non-Allergen,Non-Allergen,0.9950000047683716,0.005,0.995,True,True
2243,0,0,Non-Allergen,Non-Allergen,Non-Allergen,Non-Allergen,0.9700999855995178,0.0299,0.9701,True,True
2244,0,0,Non-Allergen,Non-Allergen,Non-Allergen,Non-Allergen,0.8761000037193298,0.1239,0.8761,True,True
2245,0,0,Non-Allergen,Non-Allergen,Non-Allergen,Non-Allergen,0.9909999966621399,0.009,0.991,True,True
2246,0,0,Non-Allergen,Non-Allergen,Non-Allergen,Non-Allergen,0.9944000244140625,0.0056,0.9944,True,True
2247,0,0,Non-Allergen,Non-Allergen,Non-Allergen,Non-Allergen,0.9976999759674072,0.0023,0.9977,True,True
2248,0,0,Non-Allergen,Non-Allergen,Non-Allergen,Non-Allergen,0.9976000189781189,0.0024,0.9976,True,True
2249,1,1,Allergen,Allergen,Food Allergen,Food Allergen,1.0,0.9857,0.0143,True,True
2250,0,0,Non-Allergen,Non-Allergen,Non-Allergen,Non-Allergen,0.8454999923706055,0.1545,0.8455,True,True
2251,1,1,Allergen,Allergen,Dust Mite Allergen,Dust Mite Allergen,1.0,0.9682,0.0318,True,True
2252,1,1,Allergen,Allergen,Pollen Allergen,Pollen Allergen,0.8775,0.9907,0.0093,True,True
2253,1,1,Allergen,Allergen,Food Allergen,Food Allergen,0.865,0.9647,0.0353,True,True
2254,0,0,Non-Allergen,Non-Allergen,Non-Allergen,Non-Allergen,0.9854999780654907,0.0145,0.9855,True,True
2255,1,1,Allergen,Allergen,Food Allergen,Food Allergen,1.0,0.9991,0.0009,True,True
2256,1,1,Allergen,Allergen,Venom Allergen,Venom Allergen,0.5775,0.7688,0.2312,True,True
2257,0,0,Non-Allergen,Non-Allergen,Non-Allergen,Non-Allergen,0.9987000226974487,0.0013,0.9987,True,True
2258,1,1,Allergen,Allergen,Venom Allergen,Venom Allergen,1.0,0.9253,0.0747,True,True
2259,1,1,Allergen,Allergen,Food Allergen,Food Allergen,0.955,0.9971,0.0029,True,True
2260,1,1,Allergen,Allergen,Venom Allergen,Venom Allergen,0.5275,0.8814,0.1186,True,True
2261,0,0,Non-Allergen,Non-Allergen,Non-Allergen,Non-Allergen,0.9760000109672546,0.024,0.976,True,True
2262,1,1,Allergen,Allergen,Mold/Fungal Allergen,Mold/Fungal Allergen,0.8075,0.995,0.005,True,True
2263,1,1,Allergen,Allergen,Venom Allergen,Venom Allergen,1.0,0.989,0.011,True,True
2264,0,0,Non-Allergen,Non-Allergen,Non-Allergen,Non-Allergen,0.9606999754905701,0.0393,0.9607,True,True
2265,0,0,Non-Allergen,Non-Allergen,Non-Allergen,Non-Allergen,0.9983999729156494,0.0016,0.9984,True,True
2266,1,1,Allergen,Allergen,Food Allergen,Food Allergen,0.6875,0.7626,0.2374,True,True
2267,0,0,Non-Allergen,Non-Allergen,Non-Allergen,Non-Allergen,0.9771999716758728,0.0228,0.9772,True,True
2268,1,1,Allergen,Allergen,Pollen Allergen,Pollen Allergen,0.9925,0.9882,0.0118,True,True
2269,0,0,Non-Allergen,Non-Allergen,Non-Allergen,Non-Allergen,0.9318000078201294,0.0682,0.9318,True,True
2270,0,0,Non-Allergen,Non-Allergen,Non-Allergen,Non-Allergen,0.9991000294685364,0.0009,0.9991,True,True
2271,0,0,Non-Allergen,Non-Allergen,Non-Allergen,Non-Allergen,0.9977999925613403,0.0022,0.9978,True,True
2272,0,0,Non-Allergen,Non-Allergen,Non-Allergen,Non-Allergen,0.9998000264167786,0.0002,0.9998,True,True
2273,0,1,Non-Allergen,Allergen,Non-Allergen,Dust Mite Allergen,0.4425,0.8315,0.1685,False,False
2274,0,0,Non-Allergen,Non-Allergen,Non-Allergen,Non-Allergen,0.8601999878883362,0.1398,0.8602,True,True
2275,0,0,Non-Allergen,Non-Allergen,Non-Allergen,Non-Allergen,0.9448999762535095,0.0551,0.9449,True,True
2276,1,1,Allergen,Allergen,Food Allergen,Food Allergen,1.0,0.9991,0.0009,True,True
2277,1,1,Allergen,Allergen,Food Allergen,Food Allergen,1.0,0.9997,0.0003,True,True
2278,0,0,Non-Allergen,Non-Allergen,Non-Allergen,Non-Allergen,0.9972000122070312,0.0028,0.9972,True,True
2279,1,1,Allergen,Allergen,Pollen Allergen,Pollen Allergen,0.91,0.9999,1e-04,True,True
2280,0,0,Non-Allergen,Non-Allergen,Non-Allergen,Non-Allergen,0.848800003528595,0.1512,0.8488,True,True
2281,1,1,Allergen,Allergen,Dust Mite Allergen,Dust Mite Allergen,0.53,0.9579,0.0421,True,True
2282,0,0,Non-Allergen,Non-Allergen,Non-Allergen,Non-Allergen,0.9986000061035156,0.0014,0.9986,True,True
2283,1,1,Allergen,Allergen,Dust Mite Allergen,Dust Mite Allergen,0.9875,0.9974,0.0026,True,True
2284,1,1,Allergen,Allergen,Dust Mite Allergen,Dust Mite Allergen,1.0,0.9987,0.0013,True,True
2285,1,1,Allergen,Allergen,Pollen Allergen,Pollen Allergen,0.9775,0.9998,0.0002,True,True
2286,0,0,Non-Allergen,Non-Allergen,Non-Allergen,Non-Allergen,0.9975000023841858,0.0025,0.9975,True,True
2287,0,0,Non-Allergen,Non-Allergen,Non-Allergen,Non-Allergen,0.9916999936103821,0.0083,0.9917,True,True
2288,1,1,Allergen,Allergen,Pollen Allergen,Pollen Allergen,0.89,0.9995,0.0005,True,True
2289,0,0,Non-Allergen,Non-Allergen,Non-Allergen,Non-Allergen,0.9993000030517578,0.0007,0.9993,True,True
2290,1,1,Allergen,Allergen,Mold/Fungal Allergen,Mold/Fungal Allergen,1.0,0.9998,0.0002,True,True
2291,0,0,Non-Allergen,Non-Allergen,Non-Allergen,Non-Allergen,0.9843000173568726,0.0157,0.9843,True,True
2292,0,0,Non-Allergen,Non-Allergen,Non-Allergen,Non-Allergen,0.824999988079071,0.175,0.825,True,True
2293,1,1,Allergen,Allergen,Venom Allergen,Venom Allergen,0.94,0.9976,0.0024,True,True
2294,0,0,Non-Allergen,Non-Allergen,Non-Allergen,Non-Allergen,0.9991000294685364,0.0009,0.9991,True,True
2295,1,1,Allergen,Allergen,Mold/Fungal Allergen,Mold/Fungal Allergen,1.0,0.9999,1e-04,True,True
2296,0,0,Non-Allergen,Non-Allergen,Non-Allergen,Non-Allergen,0.9959999918937683,0.004,0.996,True,True
2297,0,0,Non-Allergen,Non-Allergen,Non-Allergen,Non-Allergen,0.9995999932289124,0.0004,0.9996,True,True
2298,1,1,Allergen,Allergen,Food Allergen,Food Allergen,0.955,0.9986,0.0014,True,True
2299,1,1,Allergen,Allergen,Latex Allergen,Latex Allergen,0.99,0.9995,0.0005,True,True
2300,1,1,Allergen,Allergen,Dust Mite Allergen,Dust Mite Allergen,0.5175,0.9991,0.0009,True,True
2301,0,0,Non-Allergen,Non-Allergen,Non-Allergen,Non-Allergen,0.9987000226974487,0.0013,0.9987,True,True
2302,0,0,Non-Allergen,Non-Allergen,Non-Allergen,Non-Allergen,0.9994999766349792,0.0005,0.9995,True,True
2303,1,1,Allergen,Allergen,Dust Mite Allergen,Dust Mite Allergen,1.0,0.8391,0.1609,True,True
2304,1,1,Allergen,Allergen,Venom Allergen,Venom Allergen,0.8,0.9946,0.0054,True,True
2305,1,1,Allergen,Allergen,Mold/Fungal Allergen,Mold/Fungal Allergen,1.0,0.9998,0.0002,True,True
2306,1,1,Allergen,Allergen,Dust Mite Allergen,Venom Allergen,0.5325,0.9555,0.0445,True,False
2307,0,0,Non-Allergen,Non-Allergen,Non-Allergen,Non-Allergen,0.9664999842643738,0.0335,0.9665,True,True
2308,0,0,Non-Allergen,Non-Allergen,Non-Allergen,Non-Allergen,0.9789000153541565,0.0211,0.9789,True,True
2309,0,0,Non-Allergen,Non-Allergen,Non-Allergen,Non-Allergen,0.9991999864578247,0.0008,0.9992,True,True
2310,0,0,Non-Allergen,Non-Allergen,Non-Allergen,Non-Allergen,0.9966999888420105,0.0033,0.9967,True,True
2311,1,1,Allergen,Allergen,Mold/Fungal Allergen,Mold/Fungal Allergen,0.31,0.6022,0.3978,True,True
2312,0,0,Non-Allergen,Non-Allergen,Non-Allergen,Non-Allergen,0.9912999868392944,0.0087,0.9913,True,True
2313,0,0,Non-Allergen,Non-Allergen,Non-Allergen,Non-Allergen,0.9983999729156494,0.0016,0.9984,True,True
2314,1,1,Allergen,Allergen,Dust Mite Allergen,Dust Mite Allergen,1.0,0.9987,0.0013,True,True
2315,0,0,Non-Allergen,Non-Allergen,Non-Allergen,Non-Allergen,0.9998000264167786,0.0002,0.9998,True,True
2316,1,1,Allergen,Allergen,Venom Allergen,Venom Allergen,0.795,0.9925,0.0075,True,True
2317,0,0,Non-Allergen,Non-Allergen,Non-Allergen,Non-Allergen,0.8234000205993652,0.1766,0.8234,True,True
2318,0,0,Non-Allergen,Non-Allergen,Non-Allergen,Non-Allergen,0.9993000030517578,0.0007,0.9993,True,True
2319,0,0,Non-Allergen,Non-Allergen,Non-Allergen,Non-Allergen,0.9998000264167786,0.0002,0.9998,True,True
2320,1,1,Allergen,Allergen,Pollen Allergen,Pollen Allergen,0.99,0.9997,0.0003,True,True
2321,1,1,Allergen,Allergen,Pollen Allergen,Pollen Allergen,0.92,0.9997,0.0003,True,True
2322,0,0,Non-Allergen,Non-Allergen,Non-Allergen,Non-Allergen,0.9973000288009644,0.0027,0.9973,True,True
2323,1,1,Allergen,Allergen,Pollen Allergen,Pollen Allergen,1.0,0.9996,0.0004,True,True
2324,0,0,Non-Allergen,Non-Allergen,Non-Allergen,Non-Allergen,0.9380999803543091,0.0619,0.9381,True,True
2325,0,0,Non-Allergen,Non-Allergen,Non-Allergen,Non-Allergen,0.9178000092506409,0.0822,0.9178,True,True
2326,0,0,Non-Allergen,Non-Allergen,Non-Allergen,Non-Allergen,0.9962999820709229,0.0037,0.9963,True,True
2327,1,1,Allergen,Allergen,Food Allergen,Food Allergen,1.0,0.9991,0.0009,True,True
2328,0,0,Non-Allergen,Non-Allergen,Non-Allergen,Non-Allergen,0.9990000128746033,0.001,0.999,True,True
2329,1,1,Allergen,Allergen,Food Allergen,Food Allergen,0.9575,0.9837,0.0163,True,True
2330,0,0,Non-Allergen,Non-Allergen,Non-Allergen,Non-Allergen,0.9998999834060669,1e-04,0.9999,True,True
2331,0,0,Non-Allergen,Non-Allergen,Non-Allergen,Non-Allergen,0.998199999332428,0.0018,0.9982,True,True
2332,1,1,Allergen,Allergen,Mold/Fungal Allergen,Mold/Fungal Allergen,0.9475,0.9984,0.0016,True,True
2333,1,1,Allergen,Allergen,Mold/Fungal Allergen,Mold/Fungal Allergen,1.0,0.9999,1e-04,True,True
2334,0,0,Non-Allergen,Non-Allergen,Non-Allergen,Non-Allergen,0.9900000095367432,0.01,0.99,True,True
2335,0,0,Non-Allergen,Non-Allergen,Non-Allergen,Non-Allergen,0.9879999756813049,0.012,0.988,True,True
2336,1,1,Allergen,Allergen,Food Allergen,Food Allergen,0.9975,0.9838,0.0162,True,True
2337,1,1,Allergen,Allergen,Mold/Fungal Allergen,Mold/Fungal Allergen,1.0,0.9992,0.0008,True,True
2338,0,0,Non-Allergen,Non-Allergen,Non-Allergen,Non-Allergen,0.9988999962806702,0.0011,0.9989,True,True
2339,0,0,Non-Allergen,Non-Allergen,Non-Allergen,Non-Allergen,0.8478000164031982,0.1522,0.8478,True,True
2340,0,0,Non-Allergen,Non-Allergen,Non-Allergen,Non-Allergen,0.9889000058174133,0.0111,0.9889,True,True
2341,1,1,Allergen,Allergen,Mold/Fungal Allergen,Mold/Fungal Allergen,0.555,0.9689,0.0311,True,True
2342,0,0,Non-Allergen,Non-Allergen,Non-Allergen,Non-Allergen,0.914900004863739,0.0851,0.9149,True,True
2343,0,0,Non-Allergen,Non-Allergen,Non-Allergen,Non-Allergen,0.9610000252723694,0.039,0.961,True,True
2344,1,1,Allergen,Allergen,Dust Mite Allergen,Dust Mite Allergen,1.0,0.9823,0.0177,True,True
2345,0,0,Non-Allergen,Non-Allergen,Non-Allergen,Non-Allergen,0.9926999807357788,0.0073,0.9927,True,True
2346,0,0,Non-Allergen,Non-Allergen,Non-Allergen,Non-Allergen,0.9987000226974487,0.0013,0.9987,True,True
2347,1,1,Allergen,Allergen,Latex Allergen,Latex Allergen,0.985,0.9997,0.0003,True,True
2348,1,1,Allergen,Allergen,Mold/Fungal Allergen,Mold/Fungal Allergen,1.0,0.9999,1e-04,True,True
2349,0,0,Non-Allergen,Non-Allergen,Non-Allergen,Non-Allergen,0.9983999729156494,0.0016,0.9984,True,True
2350,1,1,Allergen,Allergen,Venom Allergen,Venom Allergen,0.9975,0.995,0.005,True,True
2351,1,1,Allergen,Allergen,Food Allergen,Food Allergen,0.9425,0.9918,0.0082,True,True
2352,0,0,Non-Allergen,Non-Allergen,Non-Allergen,Non-Allergen,0.9983000159263611,0.0017,0.9983,True,True
2353,1,1,Allergen,Allergen,Food Allergen,Food Allergen,1.0,0.9976,0.0024,True,True
2354,1,1,Allergen,Allergen,Pollen Allergen,Pollen Allergen,1.0,0.9834,0.0166,True,True
2355,1,1,Allergen,Allergen,Pollen Allergen,Pollen Allergen,0.5275,0.8687,0.1313,True,True
2356,1,1,Allergen,Allergen,Dust Mite Allergen,Dust Mite Allergen,0.5675,0.9957,0.0043,True,True
2357,1,1,Allergen,Allergen,Mold/Fungal Allergen,Mold/Fungal Allergen,1.0,0.9984,0.0016,True,True
2358,0,0,Non-Allergen,Non-Allergen,Non-Allergen,Non-Allergen,0.9994000196456909,0.0006,0.9994,True,True
2359,1,1,Allergen,Allergen,Venom Allergen,Venom Allergen,0.75,0.9098,0.0902,True,True
2360,1,1,Allergen,Allergen,Pollen Allergen,Pollen Allergen,1.0,0.9998,0.0002,True,True
2361,0,0,Non-Allergen,Non-Allergen,Non-Allergen,Non-Allergen,0.9994999766349792,0.0005,0.9995,True,True
2362,0,0,Non-Allergen,Non-Allergen,Non-Allergen,Non-Allergen,0.8619999885559082,0.138,0.862,True,True
2363,0,1,Non-Allergen,Allergen,Non-Allergen,Dust Mite Allergen,0.4075,0.5657,0.4343,False,False
2364,0,0,Non-Allergen,Non-Allergen,Non-Allergen,Non-Allergen,0.9916999936103821,0.0083,0.9917,True,True
2365,0,0,Non-Allergen,Non-Allergen,Non-Allergen,Non-Allergen,0.7371000051498413,0.2629,0.7371,True,True
2366,1,1,Allergen,Allergen,Dust Mite Allergen,Dust Mite Allergen,1.0,0.8869,0.1131,True,True
2367,0,0,Non-Allergen,Non-Allergen,Non-Allergen,Non-Allergen,0.9325000047683716,0.0675,0.9325,True,True
2368,0,0,Non-Allergen,Non-Allergen,Non-Allergen,Non-Allergen,0.996999979019165,0.003,0.997,True,True
2369,0,0,Non-Allergen,Non-Allergen,Non-Allergen,Non-Allergen,0.9991000294685364,0.0009,0.9991,True,True
2370,1,1,Allergen,Allergen,Venom Allergen,Venom Allergen,0.8475,0.9942,0.0058,True,True
2371,0,0,Non-Allergen,Non-Allergen,Non-Allergen,Non-Allergen,0.9882000088691711,0.0118,0.9882,True,True
2372,0,0,Non-Allergen,Non-Allergen,Non-Allergen,Non-Allergen,0.9995999932289124,0.0004,0.9996,True,True
2373,1,1,Allergen,Allergen,Venom Allergen,Venom Allergen,0.725,0.973,0.027,True,True
2374,1,1,Allergen,Allergen,Venom Allergen,Venom Allergen,1.0,0.9995,0.0005,True,True
2375,0,0,Non-Allergen,Non-Allergen,Non-Allergen,Non-Allergen,0.9993000030517578,0.0007,0.9993,True,True
2376,0,0,Non-Allergen,Non-Allergen,Non-Allergen,Non-Allergen,0.8910999894142151,0.1089,0.8911,True,True
2377,0,0,Non-Allergen,Non-Allergen,Non-Allergen,Non-Allergen,0.995199978351593,0.0048,0.9952,True,True
2378,0,0,Non-Allergen,Non-Allergen,Non-Allergen,Non-Allergen,0.9591000080108643,0.0409,0.9591,True,True
2379,0,0,Non-Allergen,Non-Allergen,Non-Allergen,Non-Allergen,0.9909999966621399,0.009,0.991,True,True
2380,0,0,Non-Allergen,Non-Allergen,Non-Allergen,Non-Allergen,0.9911999702453613,0.0088,0.9912,True,True
2381,0,0,Non-Allergen,Non-Allergen,Non-Allergen,Non-Allergen,0.9013000130653381,0.0987,0.9013,True,True
2382,0,0,Non-Allergen,Non-Allergen,Non-Allergen,Non-Allergen,0.9972000122070312,0.0028,0.9972,True,True
2383,1,1,Allergen,Allergen,Mold/Fungal Allergen,Mold/Fungal Allergen,0.57,0.8327,0.1673,True,True
2384,0,0,Non-Allergen,Non-Allergen,Non-Allergen,Non-Allergen,0.9539999961853027,0.046,0.954,True,True
2385,1,1,Allergen,Allergen,Pollen Allergen,Pollen Allergen,0.8725,0.9906,0.0094,True,True
2386,0,0,Non-Allergen,Non-Allergen,Non-Allergen,Non-Allergen,0.9986000061035156,0.0014,0.9986,True,True
2387,0,0,Non-Allergen,Non-Allergen,Non-Allergen,Non-Allergen,0.9908000230789185,0.0092,0.9908,True,True
2388,0,0,Non-Allergen,Non-Allergen,Non-Allergen,Non-Allergen,0.9998999834060669,1e-04,0.9999,True,True
2389,0,0,Non-Allergen,Non-Allergen,Non-Allergen,Non-Allergen,0.8011000156402588,0.1989,0.8011,True,True
2390,0,0,Non-Allergen,Non-Allergen,Non-Allergen,Non-Allergen,0.9988999962806702,0.0011,0.9989,True,True
2391,0,0,Non-Allergen,Non-Allergen,Non-Allergen,Non-Allergen,0.9979000091552734,0.0021,0.9979,True,True
2392,1,1,Allergen,Allergen,Mold/Fungal Allergen,Mold/Fungal Allergen,1.0,1.0,0.0,True,True
2393,0,0,Non-Allergen,Non-Allergen,Non-Allergen,Non-Allergen,0.9943000078201294,0.0057,0.9943,True,True
2394,0,0,Non-Allergen,Non-Allergen,Non-Allergen,Non-Allergen,0.9785000085830688,0.0215,0.9785,True,True
2395,1,1,Allergen,Allergen,Food Allergen,Food Allergen,0.3475,0.9099,0.0901,True,True
2396,0,0,Non-Allergen,Non-Allergen,Non-Allergen,Non-Allergen,0.9986000061035156,0.0014,0.9986,True,True
2397,0,0,Non-Allergen,Non-Allergen,Non-Allergen,Non-Allergen,0.9991000294685364,0.0009,0.9991,True,True
2398,0,0,Non-Allergen,Non-Allergen,Non-Allergen,Non-Allergen,0.9825999736785889,0.0174,0.9826,True,True
2399,1,1,Allergen,Allergen,Food Allergen,Food Allergen,0.525,0.5698,0.4302,True,True
2400,1,1,Allergen,Allergen,Venom Allergen,Venom Allergen,0.9175,0.9946,0.0054,True,True
2401,0,0,Non-Allergen,Non-Allergen,Non-Allergen,Non-Allergen,0.7696999907493591,0.2303,0.7697,True,True
2402,0,0,Non-Allergen,Non-Allergen,Non-Allergen,Non-Allergen,0.8435999751091003,0.1564,0.8436,True,True
2403,1,1,Allergen,Allergen,Mold/Fungal Allergen,Mold/Fungal Allergen,1.0,0.9988,0.0012,True,True
2404,1,1,Allergen,Allergen,Mold/Fungal Allergen,Mold/Fungal Allergen,1.0,0.9997,0.0003,True,True
2405,0,0,Non-Allergen,Non-Allergen,Non-Allergen,Non-Allergen,0.9998999834060669,1e-04,0.9999,True,True
2406,0,0,Non-Allergen,Non-Allergen,Non-Allergen,Non-Allergen,0.9836999773979187,0.0163,0.9837,True,True
2407,1,1,Allergen,Allergen,Pollen Allergen,Pollen Allergen,0.9575,0.988,0.012,True,True
2408,0,0,Non-Allergen,Non-Allergen,Non-Allergen,Non-Allergen,0.8388000130653381,0.1612,0.8388,True,True
2409,0,0,Non-Allergen,Non-Allergen,Non-Allergen,Non-Allergen,0.9995999932289124,0.0004,0.9996,True,True
2410,1,1,Allergen,Allergen,Pollen Allergen,Pollen Allergen,1.0,0.9904,0.0096,True,True
2411,0,0,Non-Allergen,Non-Allergen,Non-Allergen,Non-Allergen,0.7138000130653381,0.2862,0.7138,True,True
2412,0,0,Non-Allergen,Non-Allergen,Non-Allergen,Non-Allergen,0.9980000257492065,0.002,0.998,True,True
2413,1,1,Allergen,Allergen,Food Allergen,Food Allergen,1.0,0.9991,0.0009,True,True
2414,1,1,Allergen,Allergen,Latex Allergen,Latex Allergen,0.9875,0.9995,0.0005,True,True
2415,0,0,Non-Allergen,Non-Allergen,Non-Allergen,Non-Allergen,0.9994000196456909,0.0006,0.9994,True,True
2416,1,1,Allergen,Allergen,Dust Mite Allergen,Dust Mite Allergen,1.0,0.9981,0.0019,True,True
2417,0,0,Non-Allergen,Non-Allergen,Non-Allergen,Non-Allergen,0.9934999942779541,0.0065,0.9935,True,True
2418,1,1,Allergen,Allergen,Dust Mite Allergen,Dust Mite Allergen,0.5975,0.992,0.008,True,True
2419,0,0,Non-Allergen,Non-Allergen,Non-Allergen,Non-Allergen,0.9998999834060669,1e-04,0.9999,True,True
2420,1,1,Allergen,Allergen,Food Allergen,Food Allergen,0.89,0.8932,0.1068,True,True
2421,0,0,Non-Allergen,Non-Allergen,Non-Allergen,Non-Allergen,0.9970999956130981,0.0029,0.9971,True,True
2422,1,1,Allergen,Allergen,Food Allergen,Food Allergen,0.6025,0.9738,0.0262,True,True
2423,1,1,Allergen,Allergen,Mold/Fungal Allergen,Mold/Fungal Allergen,1.0,0.9999,1e-04,True,True
2424,1,1,Allergen,Allergen,Mold/Fungal Allergen,Mold/Fungal Allergen,1.0,0.9997,0.0003,True,True
2425,0,0,Non-Allergen,Non-Allergen,Non-Allergen,Non-Allergen,0.9962000250816345,0.0038,0.9962,True,True
2426,0,0,Non-Allergen,Non-Allergen,Non-Allergen,Non-Allergen,0.9952999949455261,0.0047,0.9953,True,True
2427,0,0,Non-Allergen,Non-Allergen,Non-Allergen,Non-Allergen,0.9904999732971191,0.0095,0.9905,True,True
2428,0,0,Non-Allergen,Non-Allergen,Non-Allergen,Non-Allergen,0.9790999889373779,0.0209,0.9791,True,True
2429,0,0,Non-Allergen,Non-Allergen,Non-Allergen,Non-Allergen,0.9696000218391418,0.0304,0.9696,True,True
2430,0,0,Non-Allergen,Non-Allergen,Non-Allergen,Non-Allergen,0.9998999834060669,1e-04,0.9999,True,True
2431,1,1,Allergen,Allergen,Venom Allergen,Venom Allergen,1.0,0.8135,0.1865,True,True
2432,1,1,Allergen,Allergen,Food Allergen,Food Allergen,1.0,0.9328,0.0672,True,True
2433,0,0,Non-Allergen,Non-Allergen,Non-Allergen,Non-Allergen,0.9995999932289124,0.0004,0.9996,True,True
2434,0,0,Non-Allergen,Non-Allergen,Non-Allergen,Non-Allergen,0.9970999956130981,0.0029,0.9971,True,True
2435,0,0,Non-Allergen,Non-Allergen,Non-Allergen,Non-Allergen,0.9995999932289124,0.0004,0.9996,True,True
2436,1,1,Allergen,Allergen,Pollen Allergen,Pollen Allergen,0.985,0.9985,0.0015,True,True
2437,1,1,Allergen,Allergen,Venom Allergen,Venom Allergen,0.96,1.0,0.0,True,True
2438,1,1,Allergen,Allergen,Mold/Fungal Allergen,Mold/Fungal Allergen,1.0,0.9997,0.0003,True,True
2439,1,1,Allergen,Allergen,Mold/Fungal Allergen,Mold/Fungal Allergen,0.8625,0.997,0.003,True,True
2440,1,1,Allergen,Allergen,Venom Allergen,Venom Allergen,0.9675,0.9992,0.0008,True,True
2441,1,1,Allergen,Allergen,Mold/Fungal Allergen,Mold/Fungal Allergen,1.0,0.9998,0.0002,True,True
2442,1,1,Allergen,Allergen,Food Allergen,Food Allergen,0.85,0.9354,0.0646,True,True
2443,1,1,Allergen,Allergen,Mold/Fungal Allergen,Mold/Fungal Allergen,1.0,1.0,0.0,True,True
2444,0,0,Non-Allergen,Non-Allergen,Non-Allergen,Non-Allergen,0.9988999962806702,0.0011,0.9989,True,True
2445,1,1,Allergen,Allergen,Food Allergen,Food Allergen,0.6075,0.833,0.167,True,True
2446,0,0,Non-Allergen,Non-Allergen,Non-Allergen,Non-Allergen,0.9922000169754028,0.0078,0.9922,True,True
2447,0,0,Non-Allergen,Non-Allergen,Non-Allergen,Non-Allergen,0.5604000091552734,0.4396,0.5604,True,True
2448,0,0,Non-Allergen,Non-Allergen,Non-Allergen,Non-Allergen,0.9965999722480774,0.0034,0.9966,True,True
2449,0,0,Non-Allergen,Non-Allergen,Non-Allergen,Non-Allergen,0.9557999968528748,0.0442,0.9558,True,True
2450,0,0,Non-Allergen,Non-Allergen,Non-Allergen,Non-Allergen,0.9980999827384949,0.0019,0.9981,True,True
2451,0,0,Non-Allergen,Non-Allergen,Non-Allergen,Non-Allergen,0.9929999709129333,0.007,0.993,True,True
2452,1,1,Allergen,Allergen,Dust Mite Allergen,Venom Allergen,0.315,0.9748,0.0252,True,False
2453,1,1,Allergen,Allergen,Pollen Allergen,Pollen Allergen,0.3875,0.8995,0.1005,True,True
2454,1,1,Allergen,Allergen,Food Allergen,Food Allergen,1.0,0.9991,0.0009,True,True
2455,0,0,Non-Allergen,Non-Allergen,Non-Allergen,Non-Allergen,0.9994000196456909,0.0006,0.9994,True,True
2456,1,1,Allergen,Allergen,Food Allergen,Food Allergen,0.99,0.9972,0.0028,True,True
2457,1,1,Allergen,Allergen,Food Allergen,Food Allergen,0.3375,0.9265,0.0735,True,True
2458,0,0,Non-Allergen,Non-Allergen,Non-Allergen,Non-Allergen,0.9993000030517578,0.0007,0.9993,True,True
2459,1,1,Allergen,Allergen,Venom Allergen,Venom Allergen,0.69,0.9646,0.0354,True,True
2460,0,0,Non-Allergen,Non-Allergen,Non-Allergen,Non-Allergen,0.8978000283241272,0.1022,0.8978,True,True
2461,1,1,Allergen,Allergen,Pollen Allergen,Pollen Allergen,0.84,0.9948,0.0052,True,True
2462,1,1,Allergen,Allergen,Pollen Allergen,Pollen Allergen,1.0,0.9999,1e-04,True,True
2463,1,1,Allergen,Allergen,Pollen Allergen,Pollen Allergen,0.91,0.9994,0.0006,True,True
2464,0,0,Non-Allergen,Non-Allergen,Non-Allergen,Non-Allergen,0.9941999912261963,0.0058,0.9942,True,True
2465,0,0,Non-Allergen,Non-Allergen,Non-Allergen,Non-Allergen,0.8841000199317932,0.1159,0.8841,True,True
2466,1,1,Allergen,Allergen,Pollen Allergen,Pollen Allergen,1.0,0.9795,0.0205,True,True
2467,0,0,Non-Allergen,Non-Allergen,Non-Allergen,Non-Allergen,0.9991000294685364,0.0009,0.9991,True,True
2468,0,0,Non-Allergen,Non-Allergen,Non-Allergen,Non-Allergen,0.9876999855041504,0.0123,0.9877,True,True
2469,0,0,Non-Allergen,Non-Allergen,Non-Allergen,Non-Allergen,0.9729999899864197,0.027,0.973,True,True
2470,1,1,Allergen,Allergen,Mold/Fungal Allergen,Mold/Fungal Allergen,1.0,0.9999,1e-04,True,True
2471,0,0,Non-Allergen,Non-Allergen,Non-Allergen,Non-Allergen,0.9972000122070312,0.0028,0.9972,True,True
2472,0,0,Non-Allergen,Non-Allergen,Non-Allergen,Non-Allergen,0.9995999932289124,0.0004,0.9996,True,True
2473,0,0,Non-Allergen,Non-Allergen,Non-Allergen,Non-Allergen,0.991100013256073,0.0089,0.9911,True,True
2474,1,1,Allergen,Allergen,Food Allergen,Food Allergen,1.0,0.9992,0.0008,True,True
2475,0,0,Non-Allergen,Non-Allergen,Non-Allergen,Non-Allergen,0.9957000017166138,0.0043,0.9957,True,True
2476,0,0,Non-Allergen,Non-Allergen,Non-Allergen,Non-Allergen,0.9624999761581421,0.0375,0.9625,True,True
2477,0,0,Non-Allergen,Non-Allergen,Non-Allergen,Non-Allergen,0.9976999759674072,0.0023,0.9977,True,True
2478,1,1,Allergen,Allergen,Mold/Fungal Allergen,Mold/Fungal Allergen,1.0,0.9999,1e-04,True,True
2479,0,0,Non-Allergen,Non-Allergen,Non-Allergen,Non-Allergen,0.7523999810218811,0.2476,0.7524,True,True
2480,0,0,Non-Allergen,Non-Allergen,Non-Allergen,Non-Allergen,0.9937000274658203,0.0063,0.9937,True,True
2481,1,1,Allergen,Allergen,Dust Mite Allergen,Dust Mite Allergen,1.0,0.9732,0.0268,True,True
2482,0,0,Non-Allergen,Non-Allergen,Non-Allergen,Non-Allergen,0.9879999756813049,0.012,0.988,True,True
2483,1,1,Allergen,Allergen,Food Allergen,Food Allergen,0.5125,0.7005,0.2995,True,True
2484,0,0,Non-Allergen,Non-Allergen,Non-Allergen,Non-Allergen,0.9987000226974487,0.0013,0.9987,True,True
2485,0,0,Non-Allergen,Non-Allergen,Non-Allergen,Non-Allergen,0.603600025177002,0.3964,0.6036,True,True
2486,1,1,Allergen,Allergen,Mold/Fungal Allergen,Mold/Fungal Allergen,1.0,0.9999,1e-04,True,True
2487,0,0,Non-Allergen,Non-Allergen,Non-Allergen,Non-Allergen,0.9811000227928162,0.0189,0.9811,True,True
2488,1,1,Allergen,Allergen,Venom Allergen,Venom Allergen,0.855,0.9993,0.0007,True,True
2489,1,1,Allergen,Allergen,Mold/Fungal Allergen,Mold/Fungal Allergen,0.97,0.9995,0.0005,True,True
2490,0,0,Non-Allergen,Non-Allergen,Non-Allergen,Non-Allergen,0.8151999711990356,0.1848,0.8152,True,True
2491,1,1,Allergen,Allergen,Food Allergen,Pollen Allergen,0.61,0.9534,0.0466,True,False
2492,1,1,Allergen,Allergen,Pollen Allergen,Pollen Allergen,1.0,0.9986,0.0014,True,True
2493,0,0,Non-Allergen,Non-Allergen,Non-Allergen,Non-Allergen,0.9926000237464905,0.0074,0.9926,True,True
2494,0,0,Non-Allergen,Non-Allergen,Non-Allergen,Non-Allergen,0.9994000196456909,0.0006,0.9994,True,True
2495,0,0,Non-Allergen,Non-Allergen,Non-Allergen,Non-Allergen,0.8180999755859375,0.1819,0.8181,True,True
2496,0,0,Non-Allergen,Non-Allergen,Non-Allergen,Non-Allergen,0.9941999912261963,0.0058,0.9942,True,True
2497,0,0,Non-Allergen,Non-Allergen,Non-Allergen,Non-Allergen,0.9968000054359436,0.0032,0.9968,True,True
2498,1,1,Allergen,Allergen,Venom Allergen,Venom Allergen,0.5825,0.6851,0.3149,True,True
2499,1,1,Allergen,Allergen,Food Allergen,Food Allergen,0.985,0.9709,0.0291,True,True
2500,0,0,Non-Allergen,Non-Allergen,Non-Allergen,Non-Allergen,0.8939999938011169,0.106,0.894,True,True
2501,0,0,Non-Allergen,Non-Allergen,Non-Allergen,Non-Allergen,0.9959999918937683,0.004,0.996,True,True
2502,1,1,Allergen,Allergen,Dust Mite Allergen,Dust Mite Allergen,0.985,0.998,0.002,True,True
2503,1,1,Allergen,Allergen,Mold/Fungal Allergen,Mold/Fungal Allergen,1.0,0.9988,0.0012,True,True
2504,0,0,Non-Allergen,Non-Allergen,Non-Allergen,Non-Allergen,0.978600025177002,0.0214,0.9786,True,True
2505,1,1,Allergen,Allergen,Dust Mite Allergen,Dust Mite Allergen,1.0,0.9882,0.0118,True,True
2506,0,1,Non-Allergen,Allergen,Non-Allergen,Dust Mite Allergen,0.3225,0.7448,0.2552,False,False
2507,1,1,Allergen,Allergen,Mold/Fungal Allergen,Mold/Fungal Allergen,0.4925,0.9967,0.0033,True,True
2508,1,1,Allergen,Allergen,Dust Mite Allergen,Dust Mite Allergen,0.3375,0.9493,0.0507,True,True
2509,1,1,Allergen,Allergen,Venom Allergen,Venom Allergen,0.8225,0.975,0.025,True,True
2510,1,1,Allergen,Allergen,Pollen Allergen,Pollen Allergen,1.0,0.9993,0.0007,True,True
2511,0,0,Non-Allergen,Non-Allergen,Non-Allergen,Non-Allergen,0.9334999918937683,0.0665,0.9335,True,True
2512,0,0,Non-Allergen,Non-Allergen,Non-Allergen,Non-Allergen,0.9850000143051147,0.015,0.985,True,True
2513,1,1,Allergen,Allergen,Venom Allergen,Venom Allergen,0.5225,0.5734,0.4266,True,True
2514,0,0,Non-Allergen,Non-Allergen,Non-Allergen,Non-Allergen,0.9868000149726868,0.0132,0.9868,True,True
2515,0,0,Non-Allergen,Non-Allergen,Non-Allergen,Non-Allergen,0.7249000072479248,0.2751,0.7249,True,True
2516,0,0,Non-Allergen,Non-Allergen,Non-Allergen,Non-Allergen,0.941100001335144,0.0589,0.9411,True,True
2517,0,0,Non-Allergen,Non-Allergen,Non-Allergen,Non-Allergen,0.5289000272750854,0.4711,0.5289,True,True
2518,0,0,Non-Allergen,Non-Allergen,Non-Allergen,Non-Allergen,0.970300018787384,0.0297,0.9703,True,True
2519,0,0,Non-Allergen,Non-Allergen,Non-Allergen,Non-Allergen,0.9174000024795532,0.0826,0.9174,True,True
2520,1,1,Allergen,Allergen,Mold/Fungal Allergen,Mold/Fungal Allergen,1.0,0.9997,0.0003,True,True
2521,1,1,Allergen,Allergen,Food Allergen,Food Allergen,0.9,0.6534,0.3466,True,True
2522,0,0,Non-Allergen,Non-Allergen,Non-Allergen,Non-Allergen,0.7369999885559082,0.263,0.737,True,True
2523,0,0,Non-Allergen,Non-Allergen,Non-Allergen,Non-Allergen,0.9962000250816345,0.0038,0.9962,True,True
2524,0,0,Non-Allergen,Non-Allergen,Non-Allergen,Non-Allergen,0.9857000112533569,0.0143,0.9857,True,True
2525,1,1,Allergen,Allergen,Dust Mite Allergen,Dust Mite Allergen,0.445,0.5239,0.4761,True,True
2526,0,0,Non-Allergen,Non-Allergen,Non-Allergen,Non-Allergen,0.9927999973297119,0.0072,0.9928,True,True
2527,1,1,Allergen,Allergen,Pollen Allergen,Pollen Allergen,0.985,0.9872,0.0128,True,True
2528,0,0,Non-Allergen,Non-Allergen,Non-Allergen,Non-Allergen,0.8970000147819519,0.103,0.897,True,True
2529,0,0,Non-Allergen,Non-Allergen,Non-Allergen,Non-Allergen,0.9498000144958496,0.0502,0.9498,True,True
2530,0,0,Non-Allergen,Non-Allergen,Non-Allergen,Non-Allergen,0.7307999730110168,0.2692,0.7308,True,True
2531,0,0,Non-Allergen,Non-Allergen,Non-Allergen,Non-Allergen,0.6826000213623047,0.3174,0.6826,True,True
2532,0,0,Non-Allergen,Non-Allergen,Non-Allergen,Non-Allergen,0.9855999946594238,0.0144,0.9856,True,True
2533,0,0,Non-Allergen,Non-Allergen,Non-Allergen,Non-Allergen,0.9909999966621399,0.009,0.991,True,True
2534,1,1,Allergen,Allergen,Dust Mite Allergen,Dust Mite Allergen,1.0,0.9976,0.0024,True,True
2535,1,1,Allergen,Allergen,Mold/Fungal Allergen,Mold/Fungal Allergen,0.9825,0.9954,0.0046,True,True
2536,1,1,Allergen,Allergen,Food Allergen,Food Allergen,0.6725,0.9626,0.0374,True,True
2537,0,0,Non-Allergen,Non-Allergen,Non-Allergen,Non-Allergen,0.9327999949455261,0.0672,0.9328,True,True
2538,0,0,Non-Allergen,Non-Allergen,Non-Allergen,Non-Allergen,0.9929999709129333,0.007,0.993,True,True
2539,0,0,Non-Allergen,Non-Allergen,Non-Allergen,Non-Allergen,0.7353000044822693,0.2647,0.7353,True,True
2540,0,0,Non-Allergen,Non-Allergen,Non-Allergen,Non-Allergen,0.9976000189781189,0.0024,0.9976,True,True
2541,1,1,Allergen,Allergen,Mold/Fungal Allergen,Mold/Fungal Allergen,1.0,0.9997,0.0003,True,True
2542,1,1,Allergen,Allergen,Food Allergen,Food Allergen,0.445,0.8389,0.1611,True,True
2543,0,0,Non-Allergen,Non-Allergen,Non-Allergen,Non-Allergen,0.9546999931335449,0.0453,0.9547,True,True
2544,1,1,Allergen,Allergen,Mold/Fungal Allergen,Mold/Fungal Allergen,1.0,0.9999,1e-04,True,True
2545,0,0,Non-Allergen,Non-Allergen,Non-Allergen,Non-Allergen,0.9783999919891357,0.0216,0.9784,True,True
2546,1,1,Allergen,Allergen,Dust Mite Allergen,Dust Mite Allergen,1.0,0.9986,0.0014,True,True
2547,1,1,Allergen,Allergen,Pollen Allergen,Pollen Allergen,0.5925,0.9972,0.0028,True,True
2548,1,1,Allergen,Allergen,Venom Allergen,Food Allergen,0.5275,0.6632,0.3368,True,False
2549,1,1,Allergen,Allergen,Pollen Allergen,Dust Mite Allergen,0.3425,0.8484,0.1516,True,False
2550,1,1,Allergen,Allergen,Pollen Allergen,Pollen Allergen,0.85,0.9977,0.0023,True,True
2551,1,0,Allergen,Non-Allergen,Dust Mite Allergen,Non-Allergen,0.6367999911308289,0.3632,0.6368,False,False
2552,1,1,Allergen,Allergen,Venom Allergen,Venom Allergen,0.7425,0.7187,0.2813,True,True
2553,1,1,Allergen,Allergen,Food Allergen,Food Allergen,0.9825,0.9984,0.0016,True,True
2554,1,1,Allergen,Allergen,Venom Allergen,Venom Allergen,1.0,0.9232,0.0768,True,True
2555,1,1,Allergen,Allergen,Venom Allergen,Venom Allergen,0.875,0.9704,0.0296,True,True
2556,1,1,Allergen,Allergen,Venom Allergen,Venom Allergen,0.6825,0.9565,0.0435,True,True
2557,0,0,Non-Allergen,Non-Allergen,Non-Allergen,Non-Allergen,0.9986000061035156,0.0014,0.9986,True,True
2558,0,0,Non-Allergen,Non-Allergen,Non-Allergen,Non-Allergen,0.9412999749183655,0.0587,0.9413,True,True
2559,0,0,Non-Allergen,Non-Allergen,Non-Allergen,Non-Allergen,0.998199999332428,0.0018,0.9982,True,True
2560,0,0,Non-Allergen,Non-Allergen,Non-Allergen,Non-Allergen,0.9950000047683716,0.005,0.995,True,True
2561,1,0,Allergen,Non-Allergen,Dust Mite Allergen,Non-Allergen,0.9983999729156494,0.0016,0.9984,False,False
2562,1,1,Allergen,Allergen,Mold/Fungal Allergen,Mold/Fungal Allergen,1.0,0.9996,0.0004,True,True
2563,1,1,Allergen,Allergen,Venom Allergen,Venom Allergen,0.91,0.9985,0.0015,True,True
2564,0,0,Non-Allergen,Non-Allergen,Non-Allergen,Non-Allergen,0.9998999834060669,1e-04,0.9999,True,True
2565,1,1,Allergen,Allergen,Mold/Fungal Allergen,Mold/Fungal Allergen,1.0,0.9991,0.0009,True,True
2566,0,0,Non-Allergen,Non-Allergen,Non-Allergen,Non-Allergen,0.5950999855995178,0.4049,0.5951,True,True
2567,1,1,Allergen,Allergen,Mold/Fungal Allergen,Mold/Fungal Allergen,0.9425,0.9975,0.0025,True,True
2568,0,1,Non-Allergen,Allergen,Non-Allergen,Dust Mite Allergen,0.5,0.5107,0.4893,False,False
2569,0,0,Non-Allergen,Non-Allergen,Non-Allergen,Non-Allergen,0.9907000064849854,0.0093,0.9907,True,True
2570,0,0,Non-Allergen,Non-Allergen,Non-Allergen,Non-Allergen,0.9984999895095825,0.0015,0.9985,True,True
2571,1,1,Allergen,Allergen,Pollen Allergen,Pollen Allergen,0.9425,0.965,0.035,True,True
2572,1,1,Allergen,Allergen,Mold/Fungal Allergen,Mold/Fungal Allergen,1.0,1.0,0.0,True,True
2573,0,0,Non-Allergen,Non-Allergen,Non-Allergen,Non-Allergen,0.9980999827384949,0.0019,0.9981,True,True
2574,0,0,Non-Allergen,Non-Allergen,Non-Allergen,Non-Allergen,0.9948999881744385,0.0051,0.9949,True,True
2575,0,0,Non-Allergen,Non-Allergen,Non-Allergen,Non-Allergen,0.9994999766349792,0.0005,0.9995,True,True
2576,1,1,Allergen,Allergen,Mold/Fungal Allergen,Mold/Fungal Allergen,1.0,0.9996,0.0004,True,True
2577,0,0,Non-Allergen,Non-Allergen,Non-Allergen,Non-Allergen,0.9939000010490417,0.0061,0.9939,True,True
2578,1,1,Allergen,Allergen,Mold/Fungal Allergen,Mold/Fungal Allergen,1.0,0.9998,0.0002,True,True
2579,0,0,Non-Allergen,Non-Allergen,Non-Allergen,Non-Allergen,0.9768999814987183,0.0231,0.9769,True,True
2580,1,1,Allergen,Allergen,Venom Allergen,Venom Allergen,0.5775,0.9824,0.0176,True,True
2581,1,0,Allergen,Non-Allergen,Pollen Allergen,Non-Allergen,0.661300003528595,0.3387,0.6613,False,False
2582,1,1,Allergen,Allergen,Mold/Fungal Allergen,Mold/Fungal Allergen,1.0,0.9993,0.0007,True,True
2583,0,0,Non-Allergen,Non-Allergen,Non-Allergen,Non-Allergen,0.9976999759674072,0.0023,0.9977,True,True
2584,1,1,Allergen,Allergen,Mold/Fungal Allergen,Mold/Fungal Allergen,1.0,1.0,0.0,True,True
2585,1,1,Allergen,Allergen,Venom Allergen,Venom Allergen,0.9675,0.8687,0.1313,True,True
2586,1,1,Allergen,Allergen,Pollen Allergen,Pollen Allergen,1.0,0.9957,0.0043,True,True
2587,0,0,Non-Allergen,Non-Allergen,Non-Allergen,Non-Allergen,0.7519999742507935,0.248,0.752,True,True
2588,0,0,Non-Allergen,Non-Allergen,Non-Allergen,Non-Allergen,0.9957000017166138,0.0043,0.9957,True,True
2589,1,1,Allergen,Allergen,Food Allergen,Food Allergen,0.975,0.9912,0.0088,True,True
2590,1,1,Allergen,Allergen,Food Allergen,Food Allergen,0.805,0.9911,0.0089,True,True
2591,1,0,Allergen,Non-Allergen,Venom Allergen,Non-Allergen,0.7520999908447266,0.2479,0.7521,False,False
2592,0,0,Non-Allergen,Non-Allergen,Non-Allergen,Non-Allergen,0.9997000098228455,0.0003,0.9997,True,True
2593,0,0,Non-Allergen,Non-Allergen,Non-Allergen,Non-Allergen,0.963100016117096,0.0369,0.9631,True,True
2594,0,0,Non-Allergen,Non-Allergen,Non-Allergen,Non-Allergen,0.6470999717712402,0.3529,0.6471,True,True
2595,0,0,Non-Allergen,Non-Allergen,Non-Allergen,Non-Allergen,0.6486999988555908,0.3513,0.6487,True,True
2596,1,1,Allergen,Allergen,Food Allergen,Food Allergen,0.9525,0.9957,0.0043,True,True
2597,0,1,Non-Allergen,Allergen,Non-Allergen,Venom Allergen,0.5,0.5654,0.4346,False,False
2598,0,1,Non-Allergen,Allergen,Non-Allergen,Latex Allergen,0.5525,0.561,0.439,False,False
2599,0,0,Non-Allergen,Non-Allergen,Non-Allergen,Non-Allergen,0.871399998664856,0.1286,0.8714,True,True
2600,1,1,Allergen,Allergen,Mold/Fungal Allergen,Mold/Fungal Allergen,0.9725,0.9996,0.0004,True,True
2601,0,0,Non-Allergen,Non-Allergen,Non-Allergen,Non-Allergen,0.9987000226974487,0.0013,0.9987,True,True
2602,1,1,Allergen,Allergen,Venom Allergen,Venom Allergen,0.925,0.9986,0.0014,True,True
2603,1,1,Allergen,Allergen,Mold/Fungal Allergen,Mold/Fungal Allergen,1.0,0.9998,0.0002,True,True
2604,1,1,Allergen,Allergen,Venom Allergen,Venom Allergen,0.9925,0.9606,0.0394,True,True
2605,0,0,Non-Allergen,Non-Allergen,Non-Allergen,Non-Allergen,0.8708999752998352,0.1291,0.8709,True,True
2606,0,0,Non-Allergen,Non-Allergen,Non-Allergen,Non-Allergen,0.9854000210762024,0.0146,0.9854,True,True
2607,1,1,Allergen,Allergen,Dust Mite Allergen,Dust Mite Allergen,0.475,0.7302,0.2698,True,True
2608,0,0,Non-Allergen,Non-Allergen,Non-Allergen,Non-Allergen,0.9962000250816345,0.0038,0.9962,True,True
2609,0,0,Non-Allergen,Non-Allergen,Non-Allergen,Non-Allergen,0.9980999827384949,0.0019,0.9981,True,True
2610,0,0,Non-Allergen,Non-Allergen,Non-Allergen,Non-Allergen,0.9987999796867371,0.0012,0.9988,True,True
2611,1,1,Allergen,Allergen,Venom Allergen,Venom Allergen,1.0,0.9885,0.0115,True,True
2612,0,0,Non-Allergen,Non-Allergen,Non-Allergen,Non-Allergen,0.9994000196456909,0.0006,0.9994,True,True
2613,0,0,Non-Allergen,Non-Allergen,Non-Allergen,Non-Allergen,0.9988999962806702,0.0011,0.9989,True,True
2614,1,1,Allergen,Allergen,Venom Allergen,Venom Allergen,0.655,0.9369,0.0631,True,True
2615,0,0,Non-Allergen,Non-Allergen,Non-Allergen,Non-Allergen,0.9868000149726868,0.0132,0.9868,True,True
2616,0,0,Non-Allergen,Non-Allergen,Non-Allergen,Non-Allergen,0.98089998960495,0.0191,0.9809,True,True
2617,0,0,Non-Allergen,Non-Allergen,Non-Allergen,Non-Allergen,0.9998999834060669,1e-04,0.9999,True,True
2618,0,0,Non-Allergen,Non-Allergen,Non-Allergen,Non-Allergen,0.9807999730110168,0.0192,0.9808,True,True
2619,1,1,Allergen,Allergen,Venom Allergen,Venom Allergen,0.975,0.9971,0.0029,True,True
2620,0,0,Non-Allergen,Non-Allergen,Non-Allergen,Non-Allergen,0.968500018119812,0.0315,0.9685,True,True
2621,1,1,Allergen,Allergen,Food Allergen,Food Allergen,0.945,0.9836,0.0164,True,True
2622,1,1,Allergen,Allergen,Food Allergen,Food Allergen,0.8075,0.9938,0.0062,True,True
2623,1,1,Allergen,Allergen,Dust Mite Allergen,Dust Mite Allergen,0.6,0.9346,0.0654,True,True
2624,1,1,Allergen,Allergen,Latex Allergen,Latex Allergen,1.0,0.9996,0.0004,True,True
2625,1,1,Allergen,Allergen,Food Allergen,Venom Allergen,0.325,0.9967,0.0033,True,False
2626,1,1,Allergen,Allergen,Pollen Allergen,Pollen Allergen,0.9575,0.9954,0.0046,True,True
2627,1,1,Allergen,Allergen,Pollen Allergen,Pollen Allergen,0.7,0.9969,0.0031,True,True
2628,1,1,Allergen,Allergen,Pollen Allergen,Pollen Allergen,1.0,0.9987,0.0013,True,True
2629,1,1,Allergen,Allergen,Mold/Fungal Allergen,Mold/Fungal Allergen,1.0,0.9999,1e-04,True,True
2630,0,0,Non-Allergen,Non-Allergen,Non-Allergen,Non-Allergen,0.9194999933242798,0.0805,0.9195,True,True
2631,0,0,Non-Allergen,Non-Allergen,Non-Allergen,Non-Allergen,0.9994000196456909,0.0006,0.9994,True,True
2632,1,1,Allergen,Allergen,Dust Mite Allergen,Dust Mite Allergen,1.0,0.9807,0.0193,True,True
2633,1,1,Allergen,Allergen,Food Allergen,Food Allergen,1.0,0.9889,0.0111,True,True
2634,0,0,Non-Allergen,Non-Allergen,Non-Allergen,Non-Allergen,0.9976000189781189,0.0024,0.9976,True,True
2635,1,1,Allergen,Allergen,Mold/Fungal Allergen,Mold/Fungal Allergen,1.0,0.9988,0.0012,True,True
2636,0,0,Non-Allergen,Non-Allergen,Non-Allergen,Non-Allergen,0.9887999892234802,0.0112,0.9888,True,True
2637,0,0,Non-Allergen,Non-Allergen,Non-Allergen,Non-Allergen,0.9614999890327454,0.0385,0.9615,True,True
2638,0,0,Non-Allergen,Non-Allergen,Non-Allergen,Non-Allergen,0.9585000276565552,0.0415,0.9585,True,True
2639,1,1,Allergen,Allergen,Pollen Allergen,Pollen Allergen,0.87,0.9993,0.0007,True,True
2640,0,0,Non-Allergen,Non-Allergen,Non-Allergen,Non-Allergen,0.9952999949455261,0.0047,0.9953,True,True
2641,1,1,Allergen,Allergen,Mold/Fungal Allergen,Mold/Fungal Allergen,0.995,0.9977,0.0023,True,True
2642,0,0,Non-Allergen,Non-Allergen,Non-Allergen,Non-Allergen,0.9984999895095825,0.0015,0.9985,True,True
2643,0,0,Non-Allergen,Non-Allergen,Non-Allergen,Non-Allergen,0.9940000176429749,0.006,0.994,True,True
2644,1,1,Allergen,Allergen,Pollen Allergen,Pollen Allergen,0.3625,0.9736,0.0264,True,True
2645,0,0,Non-Allergen,Non-Allergen,Non-Allergen,Non-Allergen,0.9879000186920166,0.0121,0.9879,True,True
2646,1,1,Allergen,Allergen,Mold/Fungal Allergen,Mold/Fungal Allergen,1.0,0.9999,1e-04,True,True
2647,0,0,Non-Allergen,Non-Allergen,Non-Allergen,Non-Allergen,0.9976999759674072,0.0023,0.9977,True,True
2648,0,0,Non-Allergen,Non-Allergen,Non-Allergen,Non-Allergen,0.9944000244140625,0.0056,0.9944,True,True
2649,0,0,Non-Allergen,Non-Allergen,Non-Allergen,Non-Allergen,0.9833999872207642,0.0166,0.9834,True,True
2650,0,0,Non-Allergen,Non-Allergen,Non-Allergen,Non-Allergen,0.9998000264167786,0.0002,0.9998,True,True
2651,1,1,Allergen,Allergen,Dust Mite Allergen,Dust Mite Allergen,0.445,0.6286,0.3714,True,True
2652,1,1,Allergen,Allergen,Mold/Fungal Allergen,Mold/Fungal Allergen,1.0,0.9988,0.0012,True,True
2653,0,0,Non-Allergen,Non-Allergen,Non-Allergen,Non-Allergen,0.9998000264167786,0.0002,0.9998,True,True
2654,1,1,Allergen,Allergen,Mold/Fungal Allergen,Mold/Fungal Allergen,1.0,1.0,0.0,True,True
2655,1,1,Allergen,Allergen,Pollen Allergen,Pollen Allergen,1.0,0.9989,0.0011,True,True
2656,1,1,Allergen,Allergen,Pollen Allergen,Pollen Allergen,0.69,0.9805,0.0195,True,True
2657,1,1,Allergen,Allergen,Food Allergen,Food Allergen,0.3425,0.6494,0.3506,True,True
2658,0,0,Non-Allergen,Non-Allergen,Non-Allergen,Non-Allergen,0.9943000078201294,0.0057,0.9943,True,True
2659,0,0,Non-Allergen,Non-Allergen,Non-Allergen,Non-Allergen,0.9217000007629395,0.0783,0.9217,True,True
2660,0,0,Non-Allergen,Non-Allergen,Non-Allergen,Non-Allergen,0.9585999846458435,0.0414,0.9586,True,True
2661,0,0,Non-Allergen,Non-Allergen,Non-Allergen,Non-Allergen,0.8999000191688538,0.1001,0.8999,True,True
2662,1,1,Allergen,Allergen,Dust Mite Allergen,Dust Mite Allergen,0.965,0.9909,0.0091,True,True
2663,0,0,Non-Allergen,Non-Allergen,Non-Allergen,Non-Allergen,0.9991000294685364,0.0009,0.9991,True,True
2664,1,1,Allergen,Allergen,Food Allergen,Food Allergen,1.0,0.9991,0.0009,True,True
2665,1,1,Allergen,Allergen,Pollen Allergen,Pollen Allergen,1.0,0.9351,0.0649,True,True
2666,1,1,Allergen,Allergen,Venom Allergen,Venom Allergen,0.355,0.873,0.127,True,True
2667,0,0,Non-Allergen,Non-Allergen,Non-Allergen,Non-Allergen,0.9990000128746033,0.001,0.999,True,True
2668,0,0,Non-Allergen,Non-Allergen,Non-Allergen,Non-Allergen,0.9987000226974487,0.0013,0.9987,True,True
2669,0,0,Non-Allergen,Non-Allergen,Non-Allergen,Non-Allergen,0.975600004196167,0.0244,0.9756,True,True
2670,0,0,Non-Allergen,Non-Allergen,Non-Allergen,Non-Allergen,0.9578999876976013,0.0421,0.9579,True,True
2671,0,0,Non-Allergen,Non-Allergen,Non-Allergen,Non-Allergen,0.9821000099182129,0.0179,0.9821,True,True
2672,1,1,Allergen,Allergen,Pollen Allergen,Pollen Allergen,0.93,0.9972,0.0028,True,True
2673,0,0,Non-Allergen,Non-Allergen,Non-Allergen,Non-Allergen,0.9850999712944031,0.0149,0.9851,True,True
2674,1,1,Allergen,Allergen,Venom Allergen,Venom Allergen,0.63,0.7623,0.2377,True,True
2675,0,0,Non-Allergen,Non-Allergen,Non-Allergen,Non-Allergen,0.8646000027656555,0.1354,0.8646,True,True
2676,0,0,Non-Allergen,Non-Allergen,Non-Allergen,Non-Allergen,0.9915000200271606,0.0085,0.9915,True,True
2677,1,1,Allergen,Allergen,Venom Allergen,Venom Allergen,1.0,0.9935,0.0065,True,True
2678,0,0,Non-Allergen,Non-Allergen,Non-Allergen,Non-Allergen,0.9997000098228455,0.0003,0.9997,True,True
2679,1,1,Allergen,Allergen,Mold/Fungal Allergen,Mold/Fungal Allergen,0.9775,0.9998,0.0002,True,True
2680,1,1,Allergen,Allergen,Venom Allergen,Venom Allergen,0.805,0.9822,0.0178,True,True
2681,0,0,Non-Allergen,Non-Allergen,Non-Allergen,Non-Allergen,0.98089998960495,0.0191,0.9809,True,True
2682,1,1,Allergen,Allergen,Mold/Fungal Allergen,Mold/Fungal Allergen,1.0,0.9999,1e-04,True,True
2683,0,0,Non-Allergen,Non-Allergen,Non-Allergen,Non-Allergen,0.9603000283241272,0.0397,0.9603,True,True
2684,0,0,Non-Allergen,Non-Allergen,Non-Allergen,Non-Allergen,0.9919999837875366,0.008,0.992,True,True
2685,1,1,Allergen,Allergen,Venom Allergen,Venom Allergen,0.935,0.9976,0.0024,True,True
2686,0,0,Non-Allergen,Non-Allergen,Non-Allergen,Non-Allergen,0.6069999933242798,0.393,0.607,True,True
2687,0,0,Non-Allergen,Non-Allergen,Non-Allergen,Non-Allergen,0.9865999817848206,0.0134,0.9866,True,True
2688,0,0,Non-Allergen,Non-Allergen,Non-Allergen,Non-Allergen,0.9932000041007996,0.0068,0.9932,True,True
2689,0,0,Non-Allergen,Non-Allergen,Non-Allergen,Non-Allergen,0.995199978351593,0.0048,0.9952,True,True
2690,1,1,Allergen,Allergen,Food Allergen,Food Allergen,1.0,0.9801,0.0199,True,True
2691,0,0,Non-Allergen,Non-Allergen,Non-Allergen,Non-Allergen,0.9933000206947327,0.0067,0.9933,True,True
2692,0,0,Non-Allergen,Non-Allergen,Non-Allergen,Non-Allergen,0.9983999729156494,0.0016,0.9984,True,True
2693,1,1,Allergen,Allergen,Food Allergen,Food Allergen,0.7475,0.7853,0.2147,True,True
2694,0,0,Non-Allergen,Non-Allergen,Non-Allergen,Non-Allergen,0.994700014591217,0.0053,0.9947,True,True
2695,1,1,Allergen,Allergen,Pollen Allergen,Pollen Allergen,1.0,0.9973,0.0027,True,True
2696,0,0,Non-Allergen,Non-Allergen,Non-Allergen,Non-Allergen,0.8388000130653381,0.1612,0.8388,True,True
2697,1,1,Allergen,Allergen,Food Allergen,Food Allergen,1.0,0.9986,0.0014,True,True
2698,0,0,Non-Allergen,Non-Allergen,Non-Allergen,Non-Allergen,0.7423999905586243,0.2576,0.7424,True,True
2699,0,0,Non-Allergen,Non-Allergen,Non-Allergen,Non-Allergen,0.9975000023841858,0.0025,0.9975,True,True
2700,0,0,Non-Allergen,Non-Allergen,Non-Allergen,Non-Allergen,0.9983999729156494,0.0016,0.9984,True,True
2701,0,0,Non-Allergen,Non-Allergen,Non-Allergen,Non-Allergen,0.9991999864578247,0.0008,0.9992,True,True
2702,0,0,Non-Allergen,Non-Allergen,Non-Allergen,Non-Allergen,0.9388999938964844,0.0611,0.9389,True,True
2703,0,0,Non-Allergen,Non-Allergen,Non-Allergen,Non-Allergen,0.9970999956130981,0.0029,0.9971,True,True
2704,0,0,Non-Allergen,Non-Allergen,Non-Allergen,Non-Allergen,0.9975000023841858,0.0025,0.9975,True,True
2705,0,0,Non-Allergen,Non-Allergen,Non-Allergen,Non-Allergen,0.9987000226974487,0.0013,0.9987,True,True
2706,0,0,Non-Allergen,Non-Allergen,Non-Allergen,Non-Allergen,0.9994000196456909,0.0006,0.9994,True,True
2707,1,1,Allergen,Allergen,Mold/Fungal Allergen,Mold/Fungal Allergen,0.9975,0.9997,0.0003,True,True
2708,0,0,Non-Allergen,Non-Allergen,Non-Allergen,Non-Allergen,0.9966999888420105,0.0033,0.9967,True,True
2709,0,0,Non-Allergen,Non-Allergen,Non-Allergen,Non-Allergen,0.9557999968528748,0.0442,0.9558,True,True
2710,0,0,Non-Allergen,Non-Allergen,Non-Allergen,Non-Allergen,0.9702000021934509,0.0298,0.9702,True,True
2711,1,1,Allergen,Allergen,Venom Allergen,Venom Allergen,0.865,0.9979,0.0021,True,True
2712,0,0,Non-Allergen,Non-Allergen,Non-Allergen,Non-Allergen,0.994700014591217,0.0053,0.9947,True,True
2713,0,0,Non-Allergen,Non-Allergen,Non-Allergen,Non-Allergen,0.9984999895095825,0.0015,0.9985,True,True
2714,1,1,Allergen,Allergen,Dust Mite Allergen,Dust Mite Allergen,0.5675,0.9637,0.0363,True,True
2715,1,1,Allergen,Allergen,Food Allergen,Venom Allergen,0.34,0.9706,0.0294,True,False
2716,0,0,Non-Allergen,Non-Allergen,Non-Allergen,Non-Allergen,0.9994999766349792,0.0005,0.9995,True,True
2717,1,1,Allergen,Allergen,Venom Allergen,Venom Allergen,0.885,0.9979,0.0021,True,True
2718,0,0,Non-Allergen,Non-Allergen,Non-Allergen,Non-Allergen,0.9261000156402588,0.0739,0.9261,True,True
2719,0,0,Non-Allergen,Non-Allergen,Non-Allergen,Non-Allergen,0.6850000023841858,0.315,0.685,True,True
2720,1,1,Allergen,Allergen,Venom Allergen,Venom Allergen,0.8,0.9978,0.0022,True,True
2721,1,1,Allergen,Allergen,Mold/Fungal Allergen,Mold/Fungal Allergen,1.0,1.0,0.0,True,True
2722,1,0,Allergen,Non-Allergen,Food Allergen,Non-Allergen,0.7231000065803528,0.2769,0.7231,False,False
2723,0,0,Non-Allergen,Non-Allergen,Non-Allergen,Non-Allergen,0.998199999332428,0.0018,0.9982,True,True
2724,1,0,Allergen,Non-Allergen,Food Allergen,Non-Allergen,0.8934999704360962,0.1065,0.8935,False,False
2725,0,0,Non-Allergen,Non-Allergen,Non-Allergen,Non-Allergen,0.9039999842643738,0.096,0.904,True,True
2726,0,0,Non-Allergen,Non-Allergen,Non-Allergen,Non-Allergen,0.9869999885559082,0.013,0.987,True,True
2727,0,0,Non-Allergen,Non-Allergen,Non-Allergen,Non-Allergen,0.9976999759674072,0.0023,0.9977,True,True
2728,0,0,Non-Allergen,Non-Allergen,Non-Allergen,Non-Allergen,0.9510999917984009,0.0489,0.9511,True,True
2729,0,0,Non-Allergen,Non-Allergen,Non-Allergen,Non-Allergen,0.9995999932289124,0.0004,0.9996,True,True
2730,0,0,Non-Allergen,Non-Allergen,Non-Allergen,Non-Allergen,0.670199990272522,0.3298,0.6702,True,True
2731,0,0,Non-Allergen,Non-Allergen,Non-Allergen,Non-Allergen,0.9926999807357788,0.0073,0.9927,True,True
2732,0,0,Non-Allergen,Non-Allergen,Non-Allergen,Non-Allergen,0.9369000196456909,0.0631,0.9369,True,True
2733,1,1,Allergen,Allergen,Venom Allergen,Venom Allergen,0.7675,0.8343,0.1657,True,True
2734,1,1,Allergen,Allergen,Pollen Allergen,Pollen Allergen,0.7275,0.9973,0.0027,True,True
2735,0,0,Non-Allergen,Non-Allergen,Non-Allergen,Non-Allergen,0.9988999962806702,0.0011,0.9989,True,True
2736,0,0,Non-Allergen,Non-Allergen,Non-Allergen,Non-Allergen,0.9815999865531921,0.0184,0.9816,True,True
2737,1,1,Allergen,Allergen,Pollen Allergen,Pollen Allergen,1.0,0.9979,0.0021,True,True
2738,0,0,Non-Allergen,Non-Allergen,Non-Allergen,Non-Allergen,0.9951000213623047,0.0049,0.9951,True,True
2739,0,0,Non-Allergen,Non-Allergen,Non-Allergen,Non-Allergen,0.998199999332428,0.0018,0.9982,True,True
2740,1,1,Allergen,Allergen,Pollen Allergen,Pollen Allergen,0.6,0.9927,0.0073,True,True
2741,0,0,Non-Allergen,Non-Allergen,Non-Allergen,Non-Allergen,0.9994999766349792,0.0005,0.9995,True,True
2742,1,1,Allergen,Allergen,Food Allergen,Food Allergen,1.0,0.9991,0.0009,True,True
2743,0,0,Non-Allergen,Non-Allergen,Non-Allergen,Non-Allergen,0.9980999827384949,0.0019,0.9981,True,True
2744,0,0,Non-Allergen,Non-Allergen,Non-Allergen,Non-Allergen,0.8082000017166138,0.1918,0.8082,True,True
2745,0,0,Non-Allergen,Non-Allergen,Non-Allergen,Non-Allergen,0.9578999876976013,0.0421,0.9579,True,True
2746,1,1,Allergen,Allergen,Mold/Fungal Allergen,Mold/Fungal Allergen,1.0,0.9998,0.0002,True,True
2747,0,0,Non-Allergen,Non-Allergen,Non-Allergen,Non-Allergen,0.9905999898910522,0.0094,0.9906,True,True
2748,1,1,Allergen,Allergen,Mold/Fungal Allergen,Mold/Fungal Allergen,1.0,0.9997,0.0003,True,True
2749,0,0,Non-Allergen,Non-Allergen,Non-Allergen,Non-Allergen,0.9997000098228455,0.0003,0.9997,True,True
2750,1,1,Allergen,Allergen,Pollen Allergen,Pollen Allergen,0.8725,0.9955,0.0045,True,True
2751,0,0,Non-Allergen,Non-Allergen,Non-Allergen,Non-Allergen,0.9879999756813049,0.012,0.988,True,True
2752,1,1,Allergen,Allergen,Pollen Allergen,Pollen Allergen,0.9775,0.9911,0.0089,True,True
2753,0,0,Non-Allergen,Non-Allergen,Non-Allergen,Non-Allergen,0.9545999765396118,0.0454,0.9546,True,True
2754,0,0,Non-Allergen,Non-Allergen,Non-Allergen,Non-Allergen,0.9961000084877014,0.0039,0.9961,True,True
2755,0,0,Non-Allergen,Non-Allergen,Non-Allergen,Non-Allergen,0.9993000030517578,0.0007,0.9993,True,True
2756,0,0,Non-Allergen,Non-Allergen,Non-Allergen,Non-Allergen,0.6712999939918518,0.3287,0.6713,True,True
2757,0,0,Non-Allergen,Non-Allergen,Non-Allergen,Non-Allergen,0.9944999814033508,0.0055,0.9945,True,True
2758,1,1,Allergen,Allergen,Mold/Fungal Allergen,Mold/Fungal Allergen,0.75,0.9954,0.0046,True,True
2759,0,0,Non-Allergen,Non-Allergen,Non-Allergen,Non-Allergen,0.9889000058174133,0.0111,0.9889,True,True
2760,0,0,Non-Allergen,Non-Allergen,Non-Allergen,Non-Allergen,0.9886000156402588,0.0114,0.9886,True,True
2761,1,1,Allergen,Allergen,Food Allergen,Food Allergen,0.4775,0.9477,0.0523,True,True
2762,0,0,Non-Allergen,Non-Allergen,Non-Allergen,Non-Allergen,0.9646999835968018,0.0353,0.9647,True,True
2763,0,0,Non-Allergen,Non-Allergen,Non-Allergen,Non-Allergen,0.9897000193595886,0.0103,0.9897,True,True
2764,0,0,Non-Allergen,Non-Allergen,Non-Allergen,Non-Allergen,0.7656999826431274,0.2343,0.7657,True,True
2765,1,1,Allergen,Allergen,Venom Allergen,Venom Allergen,0.4575,0.6426,0.3574,True,True
2766,1,1,Allergen,Allergen,Pollen Allergen,Pollen Allergen,0.67,0.9769,0.0231,True,True
2767,1,1,Allergen,Allergen,Food Allergen,Food Allergen,0.9975,0.9994,0.0006,True,True
2768,0,0,Non-Allergen,Non-Allergen,Non-Allergen,Non-Allergen,0.9954000115394592,0.0046,0.9954,True,True
2769,0,0,Non-Allergen,Non-Allergen,Non-Allergen,Non-Allergen,0.9829000234603882,0.0171,0.9829,True,True
2770,1,1,Allergen,Allergen,Food Allergen,Food Allergen,0.985,0.9993,0.0007,True,True
2771,1,1,Allergen,Allergen,Venom Allergen,Venom Allergen,0.815,0.9925,0.0075,True,True
2772,0,0,Non-Allergen,Non-Allergen,Non-Allergen,Non-Allergen,0.9854999780654907,0.0145,0.9855,True,True
2773,1,1,Allergen,Allergen,Mold/Fungal Allergen,Mold/Fungal Allergen,1.0,0.9999,1e-04,True,True
2774,0,0,Non-Allergen,Non-Allergen,Non-Allergen,Non-Allergen,0.9472000002861023,0.0528,0.9472,True,True
2775,0,0,Non-Allergen,Non-Allergen,Non-Allergen,Non-Allergen,0.9991000294685364,0.0009,0.9991,True,True
2776,1,1,Allergen,Allergen,Mold/Fungal Allergen,Mold/Fungal Allergen,1.0,0.9997,0.0003,True,True
2777,0,1,Non-Allergen,Allergen,Non-Allergen,Pollen Allergen,0.3325,0.6878,0.3122,False,False
2778,1,1,Allergen,Allergen,Food Allergen,Food Allergen,0.955,0.9939,0.0061,True,True
2779,0,0,Non-Allergen,Non-Allergen,Non-Allergen,Non-Allergen,0.9993000030517578,0.0007,0.9993,True,True
2780,0,0,Non-Allergen,Non-Allergen,Non-Allergen,Non-Allergen,0.9969000220298767,0.0031,0.9969,True,True
2781,0,0,Non-Allergen,Non-Allergen,Non-Allergen,Non-Allergen,0.996999979019165,0.003,0.997,True,True
2782,0,0,Non-Allergen,Non-Allergen,Non-Allergen,Non-Allergen,0.9423999786376953,0.0576,0.9424,True,True
2783,1,1,Allergen,Allergen,Pollen Allergen,Pollen Allergen,0.875,0.9887,0.0113,True,True
2784,1,1,Allergen,Allergen,Venom Allergen,Venom Allergen,1.0,0.9934,0.0066,True,True
2785,1,1,Allergen,Allergen,Pollen Allergen,Pollen Allergen,0.975,0.9985,0.0015,True,True
2786,0,0,Non-Allergen,Non-Allergen,Non-Allergen,Non-Allergen,0.9983999729156494,0.0016,0.9984,True,True
2787,1,1,Allergen,Allergen,Food Allergen,Food Allergen,0.8925,0.9959,0.0041,True,True
2788,0,0,Non-Allergen,Non-Allergen,Non-Allergen,Non-Allergen,0.7773000001907349,0.2227,0.7773,True,True
2789,0,0,Non-Allergen,Non-Allergen,Non-Allergen,Non-Allergen,0.9995999932289124,0.0004,0.9996,True,True
2790,0,0,Non-Allergen,Non-Allergen,Non-Allergen,Non-Allergen,0.5527999997138977,0.4472,0.5528,True,True
2791,0,0,Non-Allergen,Non-Allergen,Non-Allergen,Non-Allergen,0.9538999795913696,0.0461,0.9539,True,True
2792,0,0,Non-Allergen,Non-Allergen,Non-Allergen,Non-Allergen,0.9988999962806702,0.0011,0.9989,True,True
2793,0,0,Non-Allergen,Non-Allergen,Non-Allergen,Non-Allergen,0.9973999857902527,0.0026,0.9974,True,True
2794,0,0,Non-Allergen,Non-Allergen,Non-Allergen,Non-Allergen,0.9980999827384949,0.0019,0.9981,True,True
2795,1,1,Allergen,Allergen,Pollen Allergen,Pollen Allergen,1.0,0.9997,0.0003,True,True
2796,0,0,Non-Allergen,Non-Allergen,Non-Allergen,Non-Allergen,0.5281999707221985,0.4718,0.5282,True,True
2797,1,1,Allergen,Allergen,Dust Mite Allergen,Dust Mite Allergen,0.5775,0.939,0.061,True,True
2798,1,1,Allergen,Allergen,Mold/Fungal Allergen,Mold/Fungal Allergen,0.9975,0.9993,0.0007,True,True
2799,0,0,Non-Allergen,Non-Allergen,Non-Allergen,Non-Allergen,0.9998999834060669,1e-04,0.9999,True,True
2800,1,1,Allergen,Allergen,Pollen Allergen,Pollen Allergen,0.5075,0.9834,0.0166,True,True
2801,1,1,Allergen,Allergen,Venom Allergen,Venom Allergen,0.72,0.9965,0.0035,True,True
2802,1,1,Allergen,Allergen,Mold/Fungal Allergen,Mold/Fungal Allergen,0.9575,0.9993,0.0007,True,True
2803,0,0,Non-Allergen,Non-Allergen,Non-Allergen,Non-Allergen,0.9991999864578247,0.0008,0.9992,True,True
2804,0,0,Non-Allergen,Non-Allergen,Non-Allergen,Non-Allergen,0.970300018787384,0.0297,0.9703,True,True
2805,1,1,Allergen,Allergen,Dust Mite Allergen,Dust Mite Allergen,0.7375,0.9469,0.0531,True,True
2806,0,0,Non-Allergen,Non-Allergen,Non-Allergen,Non-Allergen,0.998199999332428,0.0018,0.9982,True,True
2807,0,0,Non-Allergen,Non-Allergen,Non-Allergen,Non-Allergen,0.9951000213623047,0.0049,0.9951,True,True
2808,0,0,Non-Allergen,Non-Allergen,Non-Allergen,Non-Allergen,0.9980000257492065,0.002,0.998,True,True
2809,0,0,Non-Allergen,Non-Allergen,Non-Allergen,Non-Allergen,0.9717000126838684,0.0283,0.9717,True,True
2810,1,1,Allergen,Allergen,Food Allergen,Food Allergen,0.4225,0.7401,0.2599,True,True
2811,1,1,Allergen,Allergen,Dust Mite Allergen,Dust Mite Allergen,0.6325,0.9915,0.0085,True,True
2812,0,0,Non-Allergen,Non-Allergen,Non-Allergen,Non-Allergen,0.995199978351593,0.0048,0.9952,True,True
2813,0,0,Non-Allergen,Non-Allergen,Non-Allergen,Non-Allergen,0.9990000128746033,0.001,0.999,True,True
2814,0,0,Non-Allergen,Non-Allergen,Non-Allergen,Non-Allergen,0.566100001335144,0.4339,0.5661,True,True
2815,0,0,Non-Allergen,Non-Allergen,Non-Allergen,Non-Allergen,0.9969000220298767,0.0031,0.9969,True,True
2816,1,1,Allergen,Allergen,Mold/Fungal Allergen,Mold/Fungal Allergen,1.0,0.9996,0.0004,True,True
2817,1,1,Allergen,Allergen,Pollen Allergen,Pollen Allergen,0.895,0.9723,0.0277,True,True
2818,0,0,Non-Allergen,Non-Allergen,Non-Allergen,Non-Allergen,0.9994999766349792,0.0005,0.9995,True,True
2819,1,0,Allergen,Non-Allergen,Food Allergen,Non-Allergen,0.7006000280380249,0.2994,0.7006,False,False
2820,0,0,Non-Allergen,Non-Allergen,Non-Allergen,Non-Allergen,0.9991000294685364,0.0009,0.9991,True,True
2821,0,0,Non-Allergen,Non-Allergen,Non-Allergen,Non-Allergen,0.9998999834060669,1e-04,0.9999,True,True
2822,0,1,Non-Allergen,Allergen,Non-Allergen,Dust Mite Allergen,0.39,0.5161,0.4839,False,False
2823,0,0,Non-Allergen,Non-Allergen,Non-Allergen,Non-Allergen,0.9991000294685364,0.0009,0.9991,True,True
2824,0,0,Non-Allergen,Non-Allergen,Non-Allergen,Non-Allergen,0.9994999766349792,0.0005,0.9995,True,True
2825,0,0,Non-Allergen,Non-Allergen,Non-Allergen,Non-Allergen,0.9861999750137329,0.0138,0.9862,True,True
2826,0,0,Non-Allergen,Non-Allergen,Non-Allergen,Non-Allergen,0.9781000018119812,0.0219,0.9781,True,True
2827,0,0,Non-Allergen,Non-Allergen,Non-Allergen,Non-Allergen,0.9987000226974487,0.0013,0.9987,True,True
2828,1,1,Allergen,Allergen,Dust Mite Allergen,Dust Mite Allergen,0.5775,0.9855,0.0145,True,True
2829,0,0,Non-Allergen,Non-Allergen,Non-Allergen,Non-Allergen,0.9987000226974487,0.0013,0.9987,True,True
2830,0,0,Non-Allergen,Non-Allergen,Non-Allergen,Non-Allergen,0.9771000146865845,0.0229,0.9771,True,True
2831,0,0,Non-Allergen,Non-Allergen,Non-Allergen,Non-Allergen,0.9994999766349792,0.0005,0.9995,True,True
2832,1,1,Allergen,Allergen,Pollen Allergen,Pollen Allergen,0.475,0.9801,0.0199,True,True
2833,1,1,Allergen,Allergen,Dust Mite Allergen,Food Allergen,0.3025,0.813,0.187,True,False
2834,1,1,Allergen,Allergen,Mold/Fungal Allergen,Mold/Fungal Allergen,1.0,0.9999,1e-04,True,True
2835,0,0,Non-Allergen,Non-Allergen,Non-Allergen,Non-Allergen,0.9891999959945679,0.0108,0.9892,True,True
2836,1,1,Allergen,Allergen,Mold/Fungal Allergen,Mold/Fungal Allergen,0.995,0.9998,0.0002,True,True
2837,0,0,Non-Allergen,Non-Allergen,Non-Allergen,Non-Allergen,0.8507000207901001,0.1493,0.8507,True,True
2838,0,0,Non-Allergen,Non-Allergen,Non-Allergen,Non-Allergen,0.9983000159263611,0.0017,0.9983,True,True
2839,0,0,Non-Allergen,Non-Allergen,Non-Allergen,Non-Allergen,0.9983000159263611,0.0017,0.9983,True,True
2840,0,0,Non-Allergen,Non-Allergen,Non-Allergen,Non-Allergen,0.9879000186920166,0.0121,0.9879,True,True
2841,0,0,Non-Allergen,Non-Allergen,Non-Allergen,Non-Allergen,0.9976999759674072,0.0023,0.9977,True,True
2842,0,0,Non-Allergen,Non-Allergen,Non-Allergen,Non-Allergen,0.9991000294685364,0.0009,0.9991,True,True
2843,0,0,Non-Allergen,Non-Allergen,Non-Allergen,Non-Allergen,0.998199999332428,0.0018,0.9982,True,True
2844,0,0,Non-Allergen,Non-Allergen,Non-Allergen,Non-Allergen,0.9898999929428101,0.0101,0.9899,True,True
2845,0,0,Non-Allergen,Non-Allergen,Non-Allergen,Non-Allergen,0.9995999932289124,0.0004,0.9996,True,True
2846,1,1,Allergen,Allergen,Dust Mite Allergen,Dust Mite Allergen,0.545,0.9779,0.0221,True,True
2847,1,1,Allergen,Allergen,Pollen Allergen,Pollen Allergen,1.0,0.999,0.001,True,True
2848,0,0,Non-Allergen,Non-Allergen,Non-Allergen,Non-Allergen,0.9527000188827515,0.0473,0.9527,True,True
2849,0,0,Non-Allergen,Non-Allergen,Non-Allergen,Non-Allergen,0.9721999764442444,0.0278,0.9722,True,True
2850,0,1,Non-Allergen,Allergen,Non-Allergen,Food Allergen,0.36,0.8337,0.1663,False,False
2851,0,0,Non-Allergen,Non-Allergen,Non-Allergen,Non-Allergen,0.996399998664856,0.0036,0.9964,True,True
2852,1,1,Allergen,Allergen,Food Allergen,Food Allergen,0.95,0.9275,0.0725,True,True
2853,0,0,Non-Allergen,Non-Allergen,Non-Allergen,Non-Allergen,0.9986000061035156,0.0014,0.9986,True,True
2854,0,0,Non-Allergen,Non-Allergen,Non-Allergen,Non-Allergen,0.980400025844574,0.0196,0.9804,True,True
2855,0,0,Non-Allergen,Non-Allergen,Non-Allergen,Non-Allergen,0.9315999746322632,0.0684,0.9316,True,True
2856,0,0,Non-Allergen,Non-Allergen,Non-Allergen,Non-Allergen,0.9247000217437744,0.0753,0.9247,True,True
2857,1,1,Allergen,Allergen,Venom Allergen,Venom Allergen,0.825,0.9731,0.0269,True,True
2858,1,1,Allergen,Allergen,Dust Mite Allergen,Dust Mite Allergen,0.84,0.9728,0.0272,True,True
2859,0,0,Non-Allergen,Non-Allergen,Non-Allergen,Non-Allergen,0.9758999943733215,0.0241,0.9759,True,True
2860,1,1,Allergen,Allergen,Mold/Fungal Allergen,Mold/Fungal Allergen,1.0,0.9998,0.0002,True,True
2861,1,1,Allergen,Allergen,Venom Allergen,Venom Allergen,0.78,0.9435,0.0565,True,True
2862,0,0,Non-Allergen,Non-Allergen,Non-Allergen,Non-Allergen,0.9994000196456909,0.0006,0.9994,True,True
2863,1,1,Allergen,Allergen,Pollen Allergen,Pollen Allergen,0.975,0.9928,0.0072,True,True
2864,0,0,Non-Allergen,Non-Allergen,Non-Allergen,Non-Allergen,0.9915000200271606,0.0085,0.9915,True,True
2865,1,1,Allergen,Allergen,Venom Allergen,Venom Allergen,0.7775,0.9984,0.0016,True,True
2866,1,1,Allergen,Allergen,Mold/Fungal Allergen,Mold/Fungal Allergen,1.0,0.9985,0.0015,True,True
2867,0,0,Non-Allergen,Non-Allergen,Non-Allergen,Non-Allergen,0.9952999949455261,0.0047,0.9953,True,True
2868,0,0,Non-Allergen,Non-Allergen,Non-Allergen,Non-Allergen,0.974399983882904,0.0256,0.9744,True,True
2869,0,0,Non-Allergen,Non-Allergen,Non-Allergen,Non-Allergen,0.9980000257492065,0.002,0.998,True,True
2870,1,1,Allergen,Allergen,Food Allergen,Food Allergen,0.425,0.9872,0.0128,True,True
2871,0,0,Non-Allergen,Non-Allergen,Non-Allergen,Non-Allergen,0.9995999932289124,0.0004,0.9996,True,True
2872,0,0,Non-Allergen,Non-Allergen,Non-Allergen,Non-Allergen,0.9975000023841858,0.0025,0.9975,True,True
2873,1,1,Allergen,Allergen,Food Allergen,Food Allergen,0.275,0.8786,0.1214,True,True
2874,1,1,Allergen,Allergen,Dust Mite Allergen,Dust Mite Allergen,0.455,0.8828,0.1172,True,True
2875,1,1,Allergen,Allergen,Dust Mite Allergen,Dust Mite Allergen,0.4675,0.9996,0.0004,True,True
2876,0,0,Non-Allergen,Non-Allergen,Non-Allergen,Non-Allergen,0.667900025844574,0.3321,0.6679,True,True
2877,1,1,Allergen,Allergen,Pollen Allergen,Pollen Allergen,0.96,0.9882,0.0118,True,True
2878,0,0,Non-Allergen,Non-Allergen,Non-Allergen,Non-Allergen,0.9082000255584717,0.0918,0.9082,True,True
2879,1,1,Allergen,Allergen,Pollen Allergen,Pollen Allergen,1.0,0.9516,0.0484,True,True
2880,1,1,Allergen,Allergen,Venom Allergen,Venom Allergen,0.9125,0.9243,0.0757,True,True
2881,0,0,Non-Allergen,Non-Allergen,Non-Allergen,Non-Allergen,0.9289000034332275,0.0711,0.9289,True,True
2882,0,0,Non-Allergen,Non-Allergen,Non-Allergen,Non-Allergen,0.9973999857902527,0.0026,0.9974,True,True
2883,1,1,Allergen,Allergen,Dust Mite Allergen,Dust Mite Allergen,1.0,0.9592,0.0408,True,True
2884,0,0,Non-Allergen,Non-Allergen,Non-Allergen,Non-Allergen,0.9684000015258789,0.0316,0.9684,True,True
2885,1,1,Allergen,Allergen,Food Allergen,Food Allergen,1.0,0.9991,0.0009,True,True
2886,0,0,Non-Allergen,Non-Allergen,Non-Allergen,Non-Allergen,0.9987000226974487,0.0013,0.9987,True,True
2887,1,1,Allergen,Allergen,Pollen Allergen,Pollen Allergen,0.9475,0.9994,0.0006,True,True
2888,0,0,Non-Allergen,Non-Allergen,Non-Allergen,Non-Allergen,0.9966999888420105,0.0033,0.9967,True,True
2889,0,0,Non-Allergen,Non-Allergen,Non-Allergen,Non-Allergen,0.9955999851226807,0.0044,0.9956,True,True
2890,0,0,Non-Allergen,Non-Allergen,Non-Allergen,Non-Allergen,0.9787999987602234,0.0212,0.9788,True,True
2891,0,0,Non-Allergen,Non-Allergen,Non-Allergen,Non-Allergen,0.9994999766349792,0.0005,0.9995,True,True
2892,0,0,Non-Allergen,Non-Allergen,Non-Allergen,Non-Allergen,0.9944000244140625,0.0056,0.9944,True,True
2893,0,0,Non-Allergen,Non-Allergen,Non-Allergen,Non-Allergen,0.9970999956130981,0.0029,0.9971,True,True
2894,0,0,Non-Allergen,Non-Allergen,Non-Allergen,Non-Allergen,0.9715999960899353,0.0284,0.9716,True,True
2895,0,0,Non-Allergen,Non-Allergen,Non-Allergen,Non-Allergen,0.9695000052452087,0.0305,0.9695,True,True
2896,1,1,Allergen,Allergen,Dust Mite Allergen,Dust Mite Allergen,0.9525,0.9627,0.0373,True,True
2897,1,1,Allergen,Allergen,Mold/Fungal Allergen,Mold/Fungal Allergen,1.0,1.0,0.0,True,True
2898,0,0,Non-Allergen,Non-Allergen,Non-Allergen,Non-Allergen,0.9940999746322632,0.0059,0.9941,True,True
2899,1,0,Allergen,Non-Allergen,Dust Mite Allergen,Non-Allergen,0.6126000285148621,0.3874,0.6126,False,False
2900,0,0,Non-Allergen,Non-Allergen,Non-Allergen,Non-Allergen,0.9997000098228455,0.0003,0.9997,True,True
2901,1,1,Allergen,Allergen,Pollen Allergen,Pollen Allergen,0.7525,0.9707,0.0293,True,True
2902,1,1,Allergen,Allergen,Pollen Allergen,Pollen Allergen,0.9775,0.9989,0.0011,True,True
2903,1,1,Allergen,Allergen,Pollen Allergen,Pollen Allergen,0.5225,0.7591,0.2409,True,True
2904,1,1,Allergen,Allergen,Dust Mite Allergen,Dust Mite Allergen,0.7975,0.9857,0.0143,True,True
2905,0,0,Non-Allergen,Non-Allergen,Non-Allergen,Non-Allergen,0.9401000142097473,0.0599,0.9401,True,True
2906,0,0,Non-Allergen,Non-Allergen,Non-Allergen,Non-Allergen,0.9988999962806702,0.0011,0.9989,True,True
2907,0,0,Non-Allergen,Non-Allergen,Non-Allergen,Non-Allergen,0.9973999857902527,0.0026,0.9974,True,True
2908,1,1,Allergen,Allergen,Dust Mite Allergen,Dust Mite Allergen,0.755,0.9876,0.0124,True,True
2909,0,0,Non-Allergen,Non-Allergen,Non-Allergen,Non-Allergen,0.9765999913215637,0.0234,0.9766,True,True
2910,1,1,Allergen,Allergen,Food Allergen,Food Allergen,0.6675,0.998,0.002,True,True
2911,0,0,Non-Allergen,Non-Allergen,Non-Allergen,Non-Allergen,0.967199981212616,0.0328,0.9672,True,True
2912,0,0,Non-Allergen,Non-Allergen,Non-Allergen,Non-Allergen,0.9969000220298767,0.0031,0.9969,True,True
2913,0,1,Non-Allergen,Allergen,Non-Allergen,Dust Mite Allergen,0.3325,0.5894,0.4106,False,False
2914,1,1,Allergen,Allergen,Mold/Fungal Allergen,Mold/Fungal Allergen,1.0,1.0,0.0,True,True
2915,1,1,Allergen,Allergen,Food Allergen,Food Allergen,0.9925,0.9914,0.0086,True,True
2916,0,0,Non-Allergen,Non-Allergen,Non-Allergen,Non-Allergen,0.9854000210762024,0.0146,0.9854,True,True
2917,1,1,Allergen,Allergen,Mold/Fungal Allergen,Mold/Fungal Allergen,0.94,0.9972,0.0028,True,True
2918,1,1,Allergen,Allergen,Food Allergen,Food Allergen,0.9775,0.9993,0.0007,True,True
2919,0,0,Non-Allergen,Non-Allergen,Non-Allergen,Non-Allergen,0.9660000205039978,0.034,0.966,True,True
2920,0,0,Non-Allergen,Non-Allergen,Non-Allergen,Non-Allergen,0.6327000260353088,0.3673,0.6327,True,True
2921,1,1,Allergen,Allergen,Mold/Fungal Allergen,Mold/Fungal Allergen,1.0,0.9999,1e-04,True,True
2922,0,0,Non-Allergen,Non-Allergen,Non-Allergen,Non-Allergen,0.9965999722480774,0.0034,0.9966,True,True
2923,0,0,Non-Allergen,Non-Allergen,Non-Allergen,Non-Allergen,0.9864000082015991,0.0136,0.9864,True,True
2924,0,0,Non-Allergen,Non-Allergen,Non-Allergen,Non-Allergen,0.9966999888420105,0.0033,0.9967,True,True
2925,1,1,Allergen,Allergen,Dust Mite Allergen,Dust Mite Allergen,0.7125,0.7786,0.2214,True,True
2926,1,1,Allergen,Allergen,Mold/Fungal Allergen,Mold/Fungal Allergen,0.99,1.0,0.0,True,True
2927,1,1,Allergen,Allergen,Mold/Fungal Allergen,Mold/Fungal Allergen,1.0,0.9988,0.0012,True,True
2928,0,0,Non-Allergen,Non-Allergen,Non-Allergen,Non-Allergen,0.9469000101089478,0.0531,0.9469,True,True
2929,0,0,Non-Allergen,Non-Allergen,Non-Allergen,Non-Allergen,0.9961000084877014,0.0039,0.9961,True,True
2930,0,0,Non-Allergen,Non-Allergen,Non-Allergen,Non-Allergen,0.6891000270843506,0.3109,0.6891,True,True
2931,1,1,Allergen,Allergen,Pollen Allergen,Pollen Allergen,0.6,0.8463,0.1537,True,True
2932,0,1,Non-Allergen,Allergen,Non-Allergen,Venom Allergen,0.61,0.8375,0.1625,False,False
2933,1,1,Allergen,Allergen,Pollen Allergen,Pollen Allergen,1.0,0.9973,0.0027,True,True
2934,1,1,Allergen,Allergen,Venom Allergen,Venom Allergen,0.7575,0.993,0.007,True,True
2935,0,0,Non-Allergen,Non-Allergen,Non-Allergen,Non-Allergen,0.9854000210762024,0.0146,0.9854,True,True
2936,1,1,Allergen,Allergen,Food Allergen,Food Allergen,1.0,0.9984,0.0016,True,True
2937,0,0,Non-Allergen,Non-Allergen,Non-Allergen,Non-Allergen,0.9797999858856201,0.0202,0.9798,True,True
2938,1,1,Allergen,Allergen,Pollen Allergen,Pollen Allergen,1.0,0.9864,0.0136,True,True
2939,1,1,Allergen,Allergen,Dust Mite Allergen,Venom Allergen,0.32,0.6506,0.3494,True,False
2940,0,0,Non-Allergen,Non-Allergen,Non-Allergen,Non-Allergen,0.9919999837875366,0.008,0.992,True,True
2941,0,0,Non-Allergen,Non-Allergen,Non-Allergen,Non-Allergen,0.9986000061035156,0.0014,0.9986,True,True
2942,0,0,Non-Allergen,Non-Allergen,Non-Allergen,Non-Allergen,0.9998999834060669,1e-04,0.9999,True,True
2943,0,0,Non-Allergen,Non-Allergen,Non-Allergen,Non-Allergen,0.9544000029563904,0.0456,0.9544,True,True
2944,1,1,Allergen,Allergen,Dust Mite Allergen,Dust Mite Allergen,0.9875,0.9737,0.0263,True,True
2945,0,0,Non-Allergen,Non-Allergen,Non-Allergen,Non-Allergen,0.9993000030517578,0.0007,0.9993,True,True
2946,1,1,Allergen,Allergen,Mold/Fungal Allergen,Mold/Fungal Allergen,1.0,0.9988,0.0012,True,True
2947,1,1,Allergen,Allergen,Food Allergen,Food Allergen,0.915,0.9984,0.0016,True,True
2948,1,1,Allergen,Allergen,Mold/Fungal Allergen,Mold/Fungal Allergen,1.0,0.9997,0.0003,True,True
2949,1,1,Allergen,Allergen,Food Allergen,Food Allergen,0.935,0.9954,0.0046,True,True
2950,1,1,Allergen,Allergen,Dust Mite Allergen,Dust Mite Allergen,1.0,0.8999,0.1001,True,True
2951,0,0,Non-Allergen,Non-Allergen,Non-Allergen,Non-Allergen,0.9915000200271606,0.0085,0.9915,True,True
2952,1,1,Allergen,Allergen,Food Allergen,Food Allergen,0.8275,0.9939,0.0061,True,True
2953,0,0,Non-Allergen,Non-Allergen,Non-Allergen,Non-Allergen,0.9782000184059143,0.0218,0.9782,True,True
2954,1,1,Allergen,Allergen,Food Allergen,Food Allergen,0.5125,0.9727,0.0273,True,True
2955,1,1,Allergen,Allergen,Food Allergen,Food Allergen,1.0,0.994,0.006,True,True
2956,1,1,Allergen,Allergen,Mold/Fungal Allergen,Mold/Fungal Allergen,1.0,0.9962,0.0038,True,True
2957,0,0,Non-Allergen,Non-Allergen,Non-Allergen,Non-Allergen,0.9884999990463257,0.0115,0.9885,True,True
2958,1,1,Allergen,Allergen,Food Allergen,Food Allergen,0.625,0.9845,0.0155,True,True
2959,0,0,Non-Allergen,Non-Allergen,Non-Allergen,Non-Allergen,0.9416999816894531,0.0583,0.9417,True,True
2960,0,0,Non-Allergen,Non-Allergen,Non-Allergen,Non-Allergen,0.9995999932289124,0.0004,0.9996,True,True
2961,0,0,Non-Allergen,Non-Allergen,Non-Allergen,Non-Allergen,0.7997000217437744,0.2003,0.7997,True,True
2962,0,0,Non-Allergen,Non-Allergen,Non-Allergen,Non-Allergen,0.9857000112533569,0.0143,0.9857,True,True
2963,1,1,Allergen,Allergen,Dust Mite Allergen,Dust Mite Allergen,0.75,0.9845,0.0155,True,True
2964,0,0,Non-Allergen,Non-Allergen,Non-Allergen,Non-Allergen,0.9228000044822693,0.0772,0.9228,True,True
2965,0,0,Non-Allergen,Non-Allergen,Non-Allergen,Non-Allergen,0.996399998664856,0.0036,0.9964,True,True
2966,1,1,Allergen,Allergen,Venom Allergen,Venom Allergen,0.565,0.9316,0.0684,True,True
2967,1,1,Allergen,Allergen,Mold/Fungal Allergen,Mold/Fungal Allergen,1.0,0.9998,0.0002,True,True
2968,0,0,Non-Allergen,Non-Allergen,Non-Allergen,Non-Allergen,0.9912999868392944,0.0087,0.9913,True,True
2969,1,1,Allergen,Allergen,Dust Mite Allergen,Dust Mite Allergen,1.0,0.7962,0.2038,True,True
2970,1,1,Allergen,Allergen,Venom Allergen,Venom Allergen,0.415,0.7738,0.2262,True,True
2971,0,0,Non-Allergen,Non-Allergen,Non-Allergen,Non-Allergen,0.9997000098228455,0.0003,0.9997,True,True
2972,1,0,Allergen,Non-Allergen,Food Allergen,Non-Allergen,0.9189000129699707,0.0811,0.9189,False,False
2973,0,0,Non-Allergen,Non-Allergen,Non-Allergen,Non-Allergen,0.9872000217437744,0.0128,0.9872,True,True
2974,0,0,Non-Allergen,Non-Allergen,Non-Allergen,Non-Allergen,0.9896000027656555,0.0104,0.9896,True,True
2975,0,0,Non-Allergen,Non-Allergen,Non-Allergen,Non-Allergen,0.9793000221252441,0.0207,0.9793,True,True
2976,0,0,Non-Allergen,Non-Allergen,Non-Allergen,Non-Allergen,0.982699990272522,0.0173,0.9827,True,True
2977,0,0,Non-Allergen,Non-Allergen,Non-Allergen,Non-Allergen,0.871999979019165,0.128,0.872,True,True
2978,0,1,Non-Allergen,Allergen,Non-Allergen,Food Allergen,0.4975,0.761,0.239,False,False
2979,1,1,Allergen,Allergen,Pollen Allergen,Pollen Allergen,0.79,0.9642,0.0358,True,True
2980,1,1,Allergen,Allergen,Mold/Fungal Allergen,Mold/Fungal Allergen,1.0,0.9991,0.0009,True,True
2981,1,1,Allergen,Allergen,Mold/Fungal Allergen,Mold/Fungal Allergen,1.0,1.0,0.0,True,True
2982,1,1,Allergen,Allergen,Dust Mite Allergen,Dust Mite Allergen,0.5575,0.9162,0.0838,True,True
2983,0,0,Non-Allergen,Non-Allergen,Non-Allergen,Non-Allergen,0.9986000061035156,0.0014,0.9986,True,True
2984,1,1,Allergen,Allergen,Food Allergen,Food Allergen,0.4425,0.9967,0.0033,True,True
2985,0,0,Non-Allergen,Non-Allergen,Non-Allergen,Non-Allergen,0.9527000188827515,0.0473,0.9527,True,True
2986,0,0,Non-Allergen,Non-Allergen,Non-Allergen,Non-Allergen,0.9993000030517578,0.0007,0.9993,True,True
2987,0,0,Non-Allergen,Non-Allergen,Non-Allergen,Non-Allergen,0.9358000159263611,0.0642,0.9358,True,True
2988,0,0,Non-Allergen,Non-Allergen,Non-Allergen,Non-Allergen,0.9995999932289124,0.0004,0.9996,True,True
2989,0,0,Non-Allergen,Non-Allergen,Non-Allergen,Non-Allergen,0.9984999895095825,0.0015,0.9985,True,True
2990,0,0,Non-Allergen,Non-Allergen,Non-Allergen,Non-Allergen,0.8271999955177307,0.1728,0.8272,True,True
2991,1,1,Allergen,Allergen,Venom Allergen,Dust Mite Allergen,0.3275,0.9635,0.0365,True,False
2992,0,0,Non-Allergen,Non-Allergen,Non-Allergen,Non-Allergen,0.9871000051498413,0.0129,0.9871,True,True
2993,0,0,Non-Allergen,Non-Allergen,Non-Allergen,Non-Allergen,0.9995999932289124,0.0004,0.9996,True,True
2994,1,1,Allergen,Allergen,Mold/Fungal Allergen,Mold/Fungal Allergen,0.98,0.9993,0.0007,True,True
2995,0,0,Non-Allergen,Non-Allergen,Non-Allergen,Non-Allergen,0.8985999822616577,0.1014,0.8986,True,True
2996,1,1,Allergen,Allergen,Mold/Fungal Allergen,Mold/Fungal Allergen,1.0,0.9999,1e-04,True,True
2997,1,1,Allergen,Allergen,Mold/Fungal Allergen,Mold/Fungal Allergen,1.0,0.9988,0.0012,True,True
2998,0,1,Non-Allergen,Allergen,Non-Allergen,Pollen Allergen,0.3625,0.6339,0.3661,False,False
2999,0,0,Non-Allergen,Non-Allergen,Non-Allergen,Non-Allergen,0.9750000238418579,0.025,0.975,True,True
3000,0,1,Non-Allergen,Allergen,Non-Allergen,Pollen Allergen,0.51,0.6063,0.3937,False,False
3001,1,1,Allergen,Allergen,Mold/Fungal Allergen,Mold/Fungal Allergen,1.0,1.0,0.0,True,True
3002,0,0,Non-Allergen,Non-Allergen,Non-Allergen,Non-Allergen,0.9969000220298767,0.0031,0.9969,True,True
3003,0,0,Non-Allergen,Non-Allergen,Non-Allergen,Non-Allergen,0.9933000206947327,0.0067,0.9933,True,True
3004,0,0,Non-Allergen,Non-Allergen,Non-Allergen,Non-Allergen,0.685699999332428,0.3143,0.6857,True,True
3005,1,1,Allergen,Allergen,Food Allergen,Food Allergen,0.9525,0.9894,0.0106,True,True
3006,1,1,Allergen,Allergen,Venom Allergen,Venom Allergen,0.845,0.9898,0.0102,True,True
3007,1,1,Allergen,Allergen,Food Allergen,Food Allergen,0.6,0.9808,0.0192,True,True
3008,0,0,Non-Allergen,Non-Allergen,Non-Allergen,Non-Allergen,0.9882000088691711,0.0118,0.9882,True,True
3009,1,1,Allergen,Allergen,Dust Mite Allergen,Dust Mite Allergen,1.0,0.9987,0.0013,True,True
3010,1,1,Allergen,Allergen,Venom Allergen,Dust Mite Allergen,0.4325,0.5948,0.4052,True,False
3011,1,1,Allergen,Allergen,Food Allergen,Food Allergen,0.495,0.8498,0.1502,True,True
3012,0,0,Non-Allergen,Non-Allergen,Non-Allergen,Non-Allergen,0.9972000122070312,0.0028,0.9972,True,True
3013,0,0,Non-Allergen,Non-Allergen,Non-Allergen,Non-Allergen,0.8273000121116638,0.1727,0.8273,True,True
3014,0,0,Non-Allergen,Non-Allergen,Non-Allergen,Non-Allergen,0.993399977684021,0.0066,0.9934,True,True
3015,0,0,Non-Allergen,Non-Allergen,Non-Allergen,Non-Allergen,0.9854000210762024,0.0146,0.9854,True,True
3016,1,1,Allergen,Allergen,Dust Mite Allergen,Dust Mite Allergen,0.885,0.9974,0.0026,True,True
3017,0,0,Non-Allergen,Non-Allergen,Non-Allergen,Non-Allergen,0.9196000099182129,0.0804,0.9196,True,True
3018,0,0,Non-Allergen,Non-Allergen,Non-Allergen,Non-Allergen,0.9502999782562256,0.0497,0.9503,True,True
3019,1,1,Allergen,Allergen,Venom Allergen,Venom Allergen,0.93,0.993,0.007,True,True
3020,0,0,Non-Allergen,Non-Allergen,Non-Allergen,Non-Allergen,0.9718999862670898,0.0281,0.9719,True,True
3021,0,0,Non-Allergen,Non-Allergen,Non-Allergen,Non-Allergen,0.965399980545044,0.0346,0.9654,True,True
3022,0,0,Non-Allergen,Non-Allergen,Non-Allergen,Non-Allergen,0.9991000294685364,0.0009,0.9991,True,True
3023,1,1,Allergen,Allergen,Pollen Allergen,Pollen Allergen,0.615,0.9876,0.0124,True,True
3024,1,1,Allergen,Allergen,Mold/Fungal Allergen,Mold/Fungal Allergen,0.9975,0.9981,0.0019,True,True
3025,0,0,Non-Allergen,Non-Allergen,Non-Allergen,Non-Allergen,0.9639000296592712,0.0361,0.9639,True,True
3026,1,1,Allergen,Allergen,Food Allergen,Food Allergen,1.0,0.9997,0.0003,True,True
3027,1,1,Allergen,Allergen,Latex Allergen,Latex Allergen,0.985,0.9994,0.0006,True,True
3028,1,1,Allergen,Allergen,Venom Allergen,Venom Allergen,0.9675,0.9995,0.0005,True,True
3029,0,0,Non-Allergen,Non-Allergen,Non-Allergen,Non-Allergen,0.9995999932289124,0.0004,0.9996,True,True
3030,1,1,Allergen,Allergen,Mold/Fungal Allergen,Mold/Fungal Allergen,1.0,1.0,0.0,True,True
3031,1,1,Allergen,Allergen,Dust Mite Allergen,Dust Mite Allergen,0.4025,0.9614,0.0386,True,True
3032,1,1,Allergen,Allergen,Venom Allergen,Venom Allergen,0.89,0.9982,0.0018,True,True
3033,0,0,Non-Allergen,Non-Allergen,Non-Allergen,Non-Allergen,0.7077000141143799,0.2923,0.7077,True,True
3034,0,0,Non-Allergen,Non-Allergen,Non-Allergen,Non-Allergen,0.9320999979972839,0.0679,0.9321,True,True
3035,0,0,Non-Allergen,Non-Allergen,Non-Allergen,Non-Allergen,0.9868999719619751,0.0131,0.9869,True,True
3036,1,1,Allergen,Allergen,Mold/Fungal Allergen,Mold/Fungal Allergen,0.8075,0.995,0.005,True,True
3037,0,0,Non-Allergen,Non-Allergen,Non-Allergen,Non-Allergen,0.935699999332428,0.0643,0.9357,True,True
3038,1,1,Allergen,Allergen,Dust Mite Allergen,Dust Mite Allergen,0.5725,0.9318,0.0682,True,True
3039,0,0,Non-Allergen,Non-Allergen,Non-Allergen,Non-Allergen,0.9923999905586243,0.0076,0.9924,True,True
3040,1,1,Allergen,Allergen,Food Allergen,Food Allergen,1.0,0.9991,0.0009,True,True
3041,0,0,Non-Allergen,Non-Allergen,Non-Allergen,Non-Allergen,0.9453999996185303,0.0546,0.9454,True,True
3042,1,1,Allergen,Allergen,Pollen Allergen,Pollen Allergen,0.6425,0.9553,0.0447,True,True
3043,1,1,Allergen,Allergen,Pollen Allergen,Pollen Allergen,0.93,0.9894,0.0106,True,True
3044,0,0,Non-Allergen,Non-Allergen,Non-Allergen,Non-Allergen,0.9714000225067139,0.0286,0.9714,True,True
3045,1,1,Allergen,Allergen,Pollen Allergen,Pollen Allergen,1.0,0.9942,0.0058,True,True
3046,0,0,Non-Allergen,Non-Allergen,Non-Allergen,Non-Allergen,0.8388000130653381,0.1612,0.8388,True,True
3047,1,1,Allergen,Allergen,Latex Allergen,Latex Allergen,0.985,0.9988,0.0012,True,True
3048,1,1,Allergen,Allergen,Mold/Fungal Allergen,Mold/Fungal Allergen,1.0,0.9999,1e-04,True,True
3049,0,0,Non-Allergen,Non-Allergen,Non-Allergen,Non-Allergen,0.9395999908447266,0.0604,0.9396,True,True
3050,1,1,Allergen,Allergen,Pollen Allergen,Pollen Allergen,0.8825,0.9413,0.0587,True,True
3051,0,0,Non-Allergen,Non-Allergen,Non-Allergen,Non-Allergen,0.9388999938964844,0.0611,0.9389,True,True
3052,1,1,Allergen,Allergen,Food Allergen,Food Allergen,1.0,0.9966,0.0034,True,True
3053,1,1,Allergen,Allergen,Pollen Allergen,Pollen Allergen,0.925,0.992,0.008,True,True
3054,0,0,Non-Allergen,Non-Allergen,Non-Allergen,Non-Allergen,0.9681000113487244,0.0319,0.9681,True,True
3055,0,0,Non-Allergen,Non-Allergen,Non-Allergen,Non-Allergen,0.9807999730110168,0.0192,0.9808,True,True
3056,0,0,Non-Allergen,Non-Allergen,Non-Allergen,Non-Allergen,0.8607000112533569,0.1393,0.8607,True,True
3057,1,0,Allergen,Non-Allergen,Food Allergen,Non-Allergen,0.6373999714851379,0.3626,0.6374,False,False
3058,0,0,Non-Allergen,Non-Allergen,Non-Allergen,Non-Allergen,0.9531000256538391,0.0469,0.9531,True,True
3059,1,1,Allergen,Allergen,Venom Allergen,Venom Allergen,0.805,0.8653,0.1347,True,True
3060,0,1,Non-Allergen,Allergen,Non-Allergen,Venom Allergen,0.3275,0.7293,0.2707,False,False
3061,0,0,Non-Allergen,Non-Allergen,Non-Allergen,Non-Allergen,0.980400025844574,0.0196,0.9804,True,True
3062,1,1,Allergen,Allergen,Venom Allergen,Venom Allergen,0.8925,0.8134,0.1866,True,True
3063,0,0,Non-Allergen,Non-Allergen,Non-Allergen,Non-Allergen,0.9851999878883362,0.0148,0.9852,True,True
3064,1,1,Allergen,Allergen,Food Allergen,Food Allergen,1.0,0.9926,0.0074,True,True
3065,0,0,Non-Allergen,Non-Allergen,Non-Allergen,Non-Allergen,0.8805999755859375,0.1194,0.8806,True,True
3066,1,1,Allergen,Allergen,Venom Allergen,Venom Allergen,0.4325,0.9541,0.0459,True,True
3067,0,0,Non-Allergen,Non-Allergen,Non-Allergen,Non-Allergen,0.9972000122070312,0.0028,0.9972,True,True
3068,0,0,Non-Allergen,Non-Allergen,Non-Allergen,Non-Allergen,0.8959000110626221,0.1041,0.8959,True,True
3069,1,1,Allergen,Allergen,Mold/Fungal Allergen,Mold/Fungal Allergen,1.0,0.9988,0.0012,True,True
3070,1,1,Allergen,Allergen,Food Allergen,Food Allergen,0.9975,0.9981,0.0019,True,True
3071,1,1,Allergen,Allergen,Venom Allergen,Venom Allergen,0.5325,0.7135,0.2865,True,True
3072,0,0,Non-Allergen,Non-Allergen,Non-Allergen,Non-Allergen,0.9994999766349792,0.0005,0.9995,True,True
3073,0,0,Non-Allergen,Non-Allergen,Non-Allergen,Non-Allergen,0.996399998664856,0.0036,0.9964,True,True
3074,0,0,Non-Allergen,Non-Allergen,Non-Allergen,Non-Allergen,0.9980000257492065,0.002,0.998,True,True
3075,0,0,Non-Allergen,Non-Allergen,Non-Allergen,Non-Allergen,0.9994000196456909,0.0006,0.9994,True,True
3076,0,0,Non-Allergen,Non-Allergen,Non-Allergen,Non-Allergen,0.9855999946594238,0.0144,0.9856,True,True
3077,1,1,Allergen,Allergen,Venom Allergen,Venom Allergen,0.9725,0.9965,0.0035,True,True
3078,0,0,Non-Allergen,Non-Allergen,Non-Allergen,Non-Allergen,0.988099992275238,0.0119,0.9881,True,True
3079,0,0,Non-Allergen,Non-Allergen,Non-Allergen,Non-Allergen,0.998199999332428,0.0018,0.9982,True,True
3080,1,1,Allergen,Allergen,Mold/Fungal Allergen,Mold/Fungal Allergen,1.0,1.0,0.0,True,True
3081,0,0,Non-Allergen,Non-Allergen,Non-Allergen,Non-Allergen,0.9793000221252441,0.0207,0.9793,True,True
3082,1,1,Allergen,Allergen,Food Allergen,Food Allergen,1.0,0.9989,0.0011,True,True
3083,0,0,Non-Allergen,Non-Allergen,Non-Allergen,Non-Allergen,0.9983999729156494,0.0016,0.9984,True,True
3084,1,1,Allergen,Allergen,Latex Allergen,Latex Allergen,0.995,0.9997,0.0003,True,True
3085,1,1,Allergen,Allergen,Pollen Allergen,Pollen Allergen,0.7875,0.9524,0.0476,True,True
3086,0,0,Non-Allergen,Non-Allergen,Non-Allergen,Non-Allergen,0.9761999845504761,0.0238,0.9762,True,True
3087,1,1,Allergen,Allergen,Pollen Allergen,Pollen Allergen,1.0,0.9985,0.0015,True,True
3088,1,0,Allergen,Non-Allergen,Dust Mite Allergen,Non-Allergen,0.6383000016212463,0.3617,0.6383,False,False
3089,1,1,Allergen,Allergen,Pollen Allergen,Pollen Allergen,0.52,0.966,0.034,True,True
3090,1,1,Allergen,Allergen,Food Allergen,Food Allergen,0.4025,0.9901,0.0099,True,True
3091,1,1,Allergen,Allergen,Mold/Fungal Allergen,Mold/Fungal Allergen,1.0,1.0,0.0,True,True
3092,0,0,Non-Allergen,Non-Allergen,Non-Allergen,Non-Allergen,0.9998000264167786,0.0002,0.9998,True,True
3093,0,0,Non-Allergen,Non-Allergen,Non-Allergen,Non-Allergen,0.9199000000953674,0.0801,0.9199,True,True
3094,0,1,Non-Allergen,Allergen,Non-Allergen,Dust Mite Allergen,0.5075,0.5423,0.4577,False,False
3095,1,1,Allergen,Allergen,Dust Mite Allergen,Dust Mite Allergen,0.99,0.9807,0.0193,True,True
3096,0,0,Non-Allergen,Non-Allergen,Non-Allergen,Non-Allergen,0.9997000098228455,0.0003,0.9997,True,True
3097,1,1,Allergen,Allergen,Venom Allergen,Venom Allergen,0.4975,0.986,0.014,True,True
3098,1,1,Allergen,Allergen,Pollen Allergen,Pollen Allergen,1.0,0.9942,0.0058,True,True
3099,1,1,Allergen,Allergen,Mold/Fungal Allergen,Mold/Fungal Allergen,1.0,1.0,0.0,True,True
3100,1,1,Allergen,Allergen,Mold/Fungal Allergen,Mold/Fungal Allergen,1.0,1.0,0.0,True,True
3101,0,0,Non-Allergen,Non-Allergen,Non-Allergen,Non-Allergen,0.9991000294685364,0.0009,0.9991,True,True
3102,0,1,Non-Allergen,Allergen,Non-Allergen,Venom Allergen,0.525,0.6224,0.3776,False,False
3103,1,1,Allergen,Allergen,Mold/Fungal Allergen,Mold/Fungal Allergen,1.0,0.9999,1e-04,True,True
3104,1,1,Allergen,Allergen,Venom Allergen,Venom Allergen,0.9125,0.9472,0.0528,True,True
3105,0,0,Non-Allergen,Non-Allergen,Non-Allergen,Non-Allergen,0.8557000160217285,0.1443,0.8557,True,True
3106,1,1,Allergen,Allergen,Food Allergen,Food Allergen,1.0,0.9991,0.0009,True,True
3107,1,1,Allergen,Allergen,Food Allergen,Food Allergen,1.0,0.9992,0.0008,True,True
3108,0,0,Non-Allergen,Non-Allergen,Non-Allergen,Non-Allergen,0.9986000061035156,0.0014,0.9986,True,True
3109,0,0,Non-Allergen,Non-Allergen,Non-Allergen,Non-Allergen,0.8138999938964844,0.1861,0.8139,True,True
3110,1,1,Allergen,Allergen,Latex Allergen,Latex Allergen,0.9925,0.9996,0.0004,True,True
3111,1,1,Allergen,Allergen,Venom Allergen,Venom Allergen,0.6125,0.8846,0.1154,True,True
3112,1,1,Allergen,Allergen,Mold/Fungal Allergen,Mold/Fungal Allergen,1.0,0.9999,1e-04,True,True
3113,0,0,Non-Allergen,Non-Allergen,Non-Allergen,Non-Allergen,0.9901999831199646,0.0098,0.9902,True,True
3114,1,1,Allergen,Allergen,Latex Allergen,Latex Allergen,0.97,0.9987,0.0013,True,True
3115,0,0,Non-Allergen,Non-Allergen,Non-Allergen,Non-Allergen,0.9983000159263611,0.0017,0.9983,True,True
3116,1,1,Allergen,Allergen,Mold/Fungal Allergen,Mold/Fungal Allergen,1.0,1.0,0.0,True,True
3117,0,0,Non-Allergen,Non-Allergen,Non-Allergen,Non-Allergen,0.9502999782562256,0.0497,0.9503,True,True
3118,0,0,Non-Allergen,Non-Allergen,Non-Allergen,Non-Allergen,0.9937000274658203,0.0063,0.9937,True,True
3119,0,0,Non-Allergen,Non-Allergen,Non-Allergen,Non-Allergen,0.9764000177383423,0.0236,0.9764,True,True
3120,0,0,Non-Allergen,Non-Allergen,Non-Allergen,Non-Allergen,0.968500018119812,0.0315,0.9685,True,True
3121,0,0,Non-Allergen,Non-Allergen,Non-Allergen,Non-Allergen,0.9555000066757202,0.0445,0.9555,True,True
3122,1,1,Allergen,Allergen,Dust Mite Allergen,Dust Mite Allergen,0.9975,0.9992,0.0008,True,True
3123,0,0,Non-Allergen,Non-Allergen,Non-Allergen,Non-Allergen,0.9976999759674072,0.0023,0.9977,True,True
3124,1,1,Allergen,Allergen,Food Allergen,Food Allergen,1.0,0.9965,0.0035,True,True
3125,1,1,Allergen,Allergen,Venom Allergen,Venom Allergen,1.0,0.9971,0.0029,True,True
3126,0,0,Non-Allergen,Non-Allergen,Non-Allergen,Non-Allergen,0.9944000244140625,0.0056,0.9944,True,True
3127,1,1,Allergen,Allergen,Pollen Allergen,Pollen Allergen,0.795,0.9977,0.0023,True,True
3128,1,1,Allergen,Allergen,Mold/Fungal Allergen,Mold/Fungal Allergen,0.98,0.9998,0.0002,True,True
3129,0,0,Non-Allergen,Non-Allergen,Non-Allergen,Non-Allergen,0.9617999792098999,0.0382,0.9618,True,True
3130,1,1,Allergen,Allergen,Pollen Allergen,Venom Allergen,0.4025,0.923,0.077,True,False
3131,1,1,Allergen,Allergen,Venom Allergen,Venom Allergen,1.0,0.9981,0.0019,True,True
3132,0,0,Non-Allergen,Non-Allergen,Non-Allergen,Non-Allergen,0.9952999949455261,0.0047,0.9953,True,True
3133,0,0,Non-Allergen,Non-Allergen,Non-Allergen,Non-Allergen,0.996399998664856,0.0036,0.9964,True,True
3134,0,0,Non-Allergen,Non-Allergen,Non-Allergen,Non-Allergen,0.9984999895095825,0.0015,0.9985,True,True
3135,0,0,Non-Allergen,Non-Allergen,Non-Allergen,Non-Allergen,0.9919999837875366,0.008,0.992,True,True
3136,0,0,Non-Allergen,Non-Allergen,Non-Allergen,Non-Allergen,0.9987999796867371,0.0012,0.9988,True,True
3137,0,0,Non-Allergen,Non-Allergen,Non-Allergen,Non-Allergen,0.9151999950408936,0.0848,0.9152,True,True
3138,1,1,Allergen,Allergen,Mold/Fungal Allergen,Mold/Fungal Allergen,1.0,1.0,0.0,True,True
3139,1,1,Allergen,Allergen,Food Allergen,Food Allergen,0.6475,0.8593,0.1407,True,True
3140,0,0,Non-Allergen,Non-Allergen,Non-Allergen,Non-Allergen,0.9745000004768372,0.0255,0.9745,True,True
3141,0,0,Non-Allergen,Non-Allergen,Non-Allergen,Non-Allergen,0.7706999778747559,0.2293,0.7707,True,True
3142,0,0,Non-Allergen,Non-Allergen,Non-Allergen,Non-Allergen,0.9243999719619751,0.0756,0.9244,True,True
3143,0,0,Non-Allergen,Non-Allergen,Non-Allergen,Non-Allergen,0.6492999792098999,0.3507,0.6493,True,True
3144,1,0,Allergen,Non-Allergen,Dust Mite Allergen,Non-Allergen,0.7031999826431274,0.2968,0.7032,False,False
3145,1,1,Allergen,Allergen,Mold/Fungal Allergen,Mold/Fungal Allergen,1.0,0.9999,1e-04,True,True
3146,0,0,Non-Allergen,Non-Allergen,Non-Allergen,Non-Allergen,0.9998999834060669,1e-04,0.9999,True,True
3147,1,1,Allergen,Allergen,Pollen Allergen,Pollen Allergen,0.6075,0.9821,0.0179,True,True
3148,1,1,Allergen,Allergen,Dust Mite Allergen,Dust Mite Allergen,0.445,0.8611,0.1389,True,True
3149,1,1,Allergen,Allergen,Food Allergen,Food Allergen,0.405,0.96,0.04,True,True
3150,0,0,Non-Allergen,Non-Allergen,Non-Allergen,Non-Allergen,0.9997000098228455,0.0003,0.9997,True,True
3151,1,1,Allergen,Allergen,Pollen Allergen,Pollen Allergen,1.0,0.9973,0.0027,True,True
3152,0,0,Non-Allergen,Non-Allergen,Non-Allergen,Non-Allergen,0.9947999715805054,0.0052,0.9948,True,True
3153,1,1,Allergen,Allergen,Mold/Fungal Allergen,Mold/Fungal Allergen,1.0,0.9999,1e-04,True,True
3154,0,0,Non-Allergen,Non-Allergen,Non-Allergen,Non-Allergen,0.9696999788284302,0.0303,0.9697,True,True
3155,1,1,Allergen,Allergen,Venom Allergen,Venom Allergen,0.925,0.9817,0.0183,True,True
3156,0,0,Non-Allergen,Non-Allergen,Non-Allergen,Non-Allergen,0.9578999876976013,0.0421,0.9579,True,True
3157,1,1,Allergen,Allergen,Venom Allergen,Venom Allergen,0.8025,0.9699,0.0301,True,True
3158,1,1,Allergen,Allergen,Venom Allergen,Venom Allergen,0.5925,0.6001,0.3999,True,True
3159,0,0,Non-Allergen,Non-Allergen,Non-Allergen,Non-Allergen,0.982699990272522,0.0173,0.9827,True,True
3160,1,1,Allergen,Allergen,Pollen Allergen,Pollen Allergen,1.0,0.9989,0.0011,True,True
3161,0,0,Non-Allergen,Non-Allergen,Non-Allergen,Non-Allergen,0.9998000264167786,0.0002,0.9998,True,True
3162,0,0,Non-Allergen,Non-Allergen,Non-Allergen,Non-Allergen,0.9987999796867371,0.0012,0.9988,True,True
3163,1,1,Allergen,Allergen,Food Allergen,Food Allergen,1.0,0.9986,0.0014,True,True
3164,1,1,Allergen,Allergen,Venom Allergen,Venom Allergen,0.9375,0.9914,0.0086,True,True
3165,1,1,Allergen,Allergen,Pollen Allergen,Pollen Allergen,0.3825,0.5353,0.4647,True,True
3166,0,0,Non-Allergen,Non-Allergen,Non-Allergen,Non-Allergen,0.9840999841690063,0.0159,0.9841,True,True
3167,0,0,Non-Allergen,Non-Allergen,Non-Allergen,Non-Allergen,0.9567999839782715,0.0432,0.9568,True,True
3168,1,1,Allergen,Allergen,Venom Allergen,Venom Allergen,0.64,0.9749,0.0251,True,True
3169,1,1,Allergen,Allergen,Mold/Fungal Allergen,Mold/Fungal Allergen,1.0,0.9998,0.0002,True,True
3170,1,1,Allergen,Allergen,Mold/Fungal Allergen,Mold/Fungal Allergen,1.0,1.0,0.0,True,True
3171,0,0,Non-Allergen,Non-Allergen,Non-Allergen,Non-Allergen,0.9142000079154968,0.0858,0.9142,True,True
3172,0,0,Non-Allergen,Non-Allergen,Non-Allergen,Non-Allergen,0.9911999702453613,0.0088,0.9912,True,True
3173,0,0,Non-Allergen,Non-Allergen,Non-Allergen,Non-Allergen,0.9101999998092651,0.0898,0.9102,True,True
3174,1,1,Allergen,Allergen,Pollen Allergen,Pollen Allergen,0.3825,0.9871,0.0129,True,True
3175,1,1,Allergen,Allergen,Mold/Fungal Allergen,Mold/Fungal Allergen,0.9725,0.9975,0.0025,True,True
3176,0,0,Non-Allergen,Non-Allergen,Non-Allergen,Non-Allergen,0.9126999974250793,0.0873,0.9127,True,True
3177,0,0,Non-Allergen,Non-Allergen,Non-Allergen,Non-Allergen,0.9990000128746033,0.001,0.999,True,True
3178,1,1,Allergen,Allergen,Food Allergen,Food Allergen,0.3225,0.5812,0.4188,True,True
3179,0,0,Non-Allergen,Non-Allergen,Non-Allergen,Non-Allergen,0.9944000244140625,0.0056,0.9944,True,True
3180,1,1,Allergen,Allergen,Food Allergen,Food Allergen,0.85,0.9913,0.0087,True,True
3181,1,1,Allergen,Allergen,Venom Allergen,Venom Allergen,0.995,0.9951,0.0049,True,True
3182,1,1,Allergen,Allergen,Pollen Allergen,Pollen Allergen,0.895,0.9872,0.0128,True,True
3183,0,0,Non-Allergen,Non-Allergen,Non-Allergen,Non-Allergen,0.9785000085830688,0.0215,0.9785,True,True
3184,0,0,Non-Allergen,Non-Allergen,Non-Allergen,Non-Allergen,0.9983999729156494,0.0016,0.9984,True,True
3185,1,1,Allergen,Allergen,Pollen Allergen,Pollen Allergen,1.0,0.9818,0.0182,True,True
3186,0,0,Non-Allergen,Non-Allergen,Non-Allergen,Non-Allergen,0.8773000240325928,0.1227,0.8773,True,True
3187,1,1,Allergen,Allergen,Pollen Allergen,Pollen Allergen,1.0,0.9981,0.0019,True,True
3188,1,1,Allergen,Allergen,Venom Allergen,Venom Allergen,0.945,0.9958,0.0042,True,True
3189,0,0,Non-Allergen,Non-Allergen,Non-Allergen,Non-Allergen,0.9793000221252441,0.0207,0.9793,True,True
3190,0,0,Non-Allergen,Non-Allergen,Non-Allergen,Non-Allergen,0.9998999834060669,1e-04,0.9999,True,True
3191,0,0,Non-Allergen,Non-Allergen,Non-Allergen,Non-Allergen,0.9649999737739563,0.035,0.965,True,True
3192,0,0,Non-Allergen,Non-Allergen,Non-Allergen,Non-Allergen,0.9714999794960022,0.0285,0.9715,True,True
3193,1,1,Allergen,Allergen,Dust Mite Allergen,Dust Mite Allergen,0.4075,0.6498,0.3502,True,True
3194,0,0,Non-Allergen,Non-Allergen,Non-Allergen,Non-Allergen,0.9976999759674072,0.0023,0.9977,True,True
3195,0,0,Non-Allergen,Non-Allergen,Non-Allergen,Non-Allergen,0.9495999813079834,0.0504,0.9496,True,True
3196,0,0,Non-Allergen,Non-Allergen,Non-Allergen,Non-Allergen,0.9986000061035156,0.0014,0.9986,True,True
3197,0,0,Non-Allergen,Non-Allergen,Non-Allergen,Non-Allergen,0.9847999811172485,0.0152,0.9848,True,True
3198,1,1,Allergen,Allergen,Food Allergen,Food Allergen,0.4475,0.9885,0.0115,True,True
3199,0,0,Non-Allergen,Non-Allergen,Non-Allergen,Non-Allergen,0.9998999834060669,1e-04,0.9999,True,True
3200,0,0,Non-Allergen,Non-Allergen,Non-Allergen,Non-Allergen,0.9993000030517578,0.0007,0.9993,True,True
3201,1,1,Allergen,Allergen,Dust Mite Allergen,Dust Mite Allergen,0.855,0.9985,0.0015,True,True
3202,0,0,Non-Allergen,Non-Allergen,Non-Allergen,Non-Allergen,0.9965999722480774,0.0034,0.9966,True,True
3203,1,1,Allergen,Allergen,Pollen Allergen,Pollen Allergen,0.9175,0.9601,0.0399,True,True
3204,0,0,Non-Allergen,Non-Allergen,Non-Allergen,Non-Allergen,0.998199999332428,0.0018,0.9982,True,True
3205,0,0,Non-Allergen,Non-Allergen,Non-Allergen,Non-Allergen,0.9973999857902527,0.0026,0.9974,True,True
3206,1,1,Allergen,Allergen,Mold/Fungal Allergen,Mold/Fungal Allergen,1.0,1.0,0.0,True,True
3207,1,1,Allergen,Allergen,Venom Allergen,Venom Allergen,0.8775,0.9991,0.0009,True,True
3208,0,0,Non-Allergen,Non-Allergen,Non-Allergen,Non-Allergen,0.9014999866485596,0.0985,0.9015,True,True
3209,1,1,Allergen,Allergen,Pollen Allergen,Pollen Allergen,0.965,0.9525,0.0475,True,True
3210,1,1,Allergen,Allergen,Dust Mite Allergen,Dust Mite Allergen,0.6075,0.8556,0.1444,True,True
3211,0,0,Non-Allergen,Non-Allergen,Non-Allergen,Non-Allergen,0.9847000241279602,0.0153,0.9847,True,True
3212,1,1,Allergen,Allergen,Dust Mite Allergen,Dust Mite Allergen,0.46,0.7723,0.2277,True,True
3213,0,0,Non-Allergen,Non-Allergen,Non-Allergen,Non-Allergen,0.9793000221252441,0.0207,0.9793,True,True
3214,0,0,Non-Allergen,Non-Allergen,Non-Allergen,Non-Allergen,0.6859999895095825,0.314,0.686,True,True
3215,1,1,Allergen,Allergen,Venom Allergen,Dust Mite Allergen,0.4075,0.9944,0.0056,True,False
3216,0,0,Non-Allergen,Non-Allergen,Non-Allergen,Non-Allergen,0.9465000033378601,0.0535,0.9465,True,True
3217,1,1,Allergen,Allergen,Venom Allergen,Venom Allergen,0.575,0.9966,0.0034,True,True
3218,0,0,Non-Allergen,Non-Allergen,Non-Allergen,Non-Allergen,0.9613999724388123,0.0386,0.9614,True,True
3219,0,0,Non-Allergen,Non-Allergen,Non-Allergen,Non-Allergen,0.9993000030517578,0.0007,0.9993,True,True
3220,1,0,Allergen,Non-Allergen,Food Allergen,Non-Allergen,0.9146999716758728,0.0853,0.9147,False,False
3221,1,1,Allergen,Allergen,Food Allergen,Food Allergen,0.915,0.7648,0.2352,True,True
3222,0,0,Non-Allergen,Non-Allergen,Non-Allergen,Non-Allergen,0.9998999834060669,1e-04,0.9999,True,True
3223,0,0,Non-Allergen,Non-Allergen,Non-Allergen,Non-Allergen,0.920199990272522,0.0798,0.9202,True,True
3224,0,0,Non-Allergen,Non-Allergen,Non-Allergen,Non-Allergen,0.9930999875068665,0.0069,0.9931,True,True
3225,1,1,Allergen,Allergen,Pollen Allergen,Pollen Allergen,0.9075,0.9667,0.0333,True,True
3226,1,1,Allergen,Allergen,Food Allergen,Food Allergen,1.0,0.8743,0.1257,True,True
3227,1,1,Allergen,Allergen,Venom Allergen,Venom Allergen,0.975,0.9438,0.0562,True,True
3228,0,0,Non-Allergen,Non-Allergen,Non-Allergen,Non-Allergen,0.9948999881744385,0.0051,0.9949,True,True
3229,0,0,Non-Allergen,Non-Allergen,Non-Allergen,Non-Allergen,0.9968000054359436,0.0032,0.9968,True,True
3230,0,0,Non-Allergen,Non-Allergen,Non-Allergen,Non-Allergen,0.9998000264167786,0.0002,0.9998,True,True
3231,0,0,Non-Allergen,Non-Allergen,Non-Allergen,Non-Allergen,0.9316999912261963,0.0683,0.9317,True,True
3232,1,1,Allergen,Allergen,Dust Mite Allergen,Dust Mite Allergen,0.5925,0.9227,0.0773,True,True
3233,0,0,Non-Allergen,Non-Allergen,Non-Allergen,Non-Allergen,0.9783999919891357,0.0216,0.9784,True,True
3234,1,1,Allergen,Allergen,Food Allergen,Food Allergen,1.0,0.9982,0.0018,True,True
3235,0,0,Non-Allergen,Non-Allergen,Non-Allergen,Non-Allergen,0.8772000074386597,0.1228,0.8772,True,True
3236,0,0,Non-Allergen,Non-Allergen,Non-Allergen,Non-Allergen,0.9994000196456909,0.0006,0.9994,True,True
3237,0,0,Non-Allergen,Non-Allergen,Non-Allergen,Non-Allergen,0.9688000082969666,0.0312,0.9688,True,True
3238,1,1,Allergen,Allergen,Venom Allergen,Venom Allergen,0.8325,0.9988,0.0012,True,True
3239,1,1,Allergen,Allergen,Venom Allergen,Venom Allergen,0.845,0.9991,0.0009,True,True
3240,0,0,Non-Allergen,Non-Allergen,Non-Allergen,Non-Allergen,0.9997000098228455,0.0003,0.9997,True,True
3241,0,0,Non-Allergen,Non-Allergen,Non-Allergen,Non-Allergen,0.9320999979972839,0.0679,0.9321,True,True
3242,0,0,Non-Allergen,Non-Allergen,Non-Allergen,Non-Allergen,0.9962999820709229,0.0037,0.9963,True,True
3243,0,0,Non-Allergen,Non-Allergen,Non-Allergen,Non-Allergen,0.9541000127792358,0.0459,0.9541,True,True
3244,0,0,Non-Allergen,Non-Allergen,Non-Allergen,Non-Allergen,0.9990000128746033,0.001,0.999,True,True
3245,0,0,Non-Allergen,Non-Allergen,Non-Allergen,Non-Allergen,0.8866999745368958,0.1133,0.8867,True,True
3246,1,1,Allergen,Allergen,Pollen Allergen,Pollen Allergen,0.64,0.9748,0.0252,True,True
3247,1,1,Allergen,Allergen,Food Allergen,Food Allergen,1.0,0.9998,0.0002,True,True
3248,1,0,Allergen,Non-Allergen,Dust Mite Allergen,Non-Allergen,0.7013999819755554,0.2986,0.7014,False,False
3249,0,0,Non-Allergen,Non-Allergen,Non-Allergen,Non-Allergen,0.9860000014305115,0.014,0.986,True,True
3250,0,0,Non-Allergen,Non-Allergen,Non-Allergen,Non-Allergen,0.9987999796867371,0.0012,0.9988,True,True
3251,0,0,Non-Allergen,Non-Allergen,Non-Allergen,Non-Allergen,0.9965000152587891,0.0035,0.9965,True,True
3252,1,1,Allergen,Allergen,Mold/Fungal Allergen,Mold/Fungal Allergen,1.0,0.9998,0.0002,True,True
3253,1,1,Allergen,Allergen,Venom Allergen,Venom Allergen,0.845,0.9997,0.0003,True,True
3254,0,0,Non-Allergen,Non-Allergen,Non-Allergen,Non-Allergen,0.8452000021934509,0.1548,0.8452,True,True
3255,0,0,Non-Allergen,Non-Allergen,Non-Allergen,Non-Allergen,0.9469000101089478,0.0531,0.9469,True,True
3256,0,0,Non-Allergen,Non-Allergen,Non-Allergen,Non-Allergen,0.9952999949455261,0.0047,0.9953,True,True
3257,0,0,Non-Allergen,Non-Allergen,Non-Allergen,Non-Allergen,0.9783999919891357,0.0216,0.9784,True,True
3258,1,1,Allergen,Allergen,Pollen Allergen,Pollen Allergen,0.3775,0.9911,0.0089,True,True
3259,1,1,Allergen,Allergen,Food Allergen,Food Allergen,1.0,0.9994,0.0006,True,True
3260,0,0,Non-Allergen,Non-Allergen,Non-Allergen,Non-Allergen,0.9997000098228455,0.0003,0.9997,True,True
3261,0,0,Non-Allergen,Non-Allergen,Non-Allergen,Non-Allergen,0.7134000062942505,0.2866,0.7134,True,True
3262,1,1,Allergen,Allergen,Pollen Allergen,Pollen Allergen,1.0,0.9996,0.0004,True,True
3263,0,0,Non-Allergen,Non-Allergen,Non-Allergen,Non-Allergen,0.5389999747276306,0.461,0.539,True,True
3264,0,0,Non-Allergen,Non-Allergen,Non-Allergen,Non-Allergen,0.9994000196456909,0.0006,0.9994,True,True
3265,0,0,Non-Allergen,Non-Allergen,Non-Allergen,Non-Allergen,0.9966999888420105,0.0033,0.9967,True,True
3266,1,0,Allergen,Non-Allergen,Food Allergen,Non-Allergen,0.9577999711036682,0.0422,0.9578,False,False
3267,1,1,Allergen,Allergen,Mold/Fungal Allergen,Mold/Fungal Allergen,1.0,0.9997,0.0003,True,True
3268,1,1,Allergen,Allergen,Food Allergen,Food Allergen,0.725,0.6819,0.3181,True,True
3269,0,0,Non-Allergen,Non-Allergen,Non-Allergen,Non-Allergen,0.9929999709129333,0.007,0.993,True,True
3270,1,1,Allergen,Allergen,Dust Mite Allergen,Dust Mite Allergen,0.6825,0.9219,0.0781,True,True
3271,1,1,Allergen,Allergen,Venom Allergen,Venom Allergen,1.0,0.996,0.004,True,True
3272,1,1,Allergen,Allergen,Food Allergen,Food Allergen,0.805,0.9864,0.0136,True,True
3273,1,1,Allergen,Allergen,Mold/Fungal Allergen,Mold/Fungal Allergen,0.93,0.9643,0.0357,True,True
3274,1,1,Allergen,Allergen,Mold/Fungal Allergen,Mold/Fungal Allergen,1.0,1.0,0.0,True,True
3275,1,1,Allergen,Allergen,Mold/Fungal Allergen,Mold/Fungal Allergen,0.805,0.995,0.005,True,True
3276,0,0,Non-Allergen,Non-Allergen,Non-Allergen,Non-Allergen,0.9995999932289124,0.0004,0.9996,True,True
3277,0,0,Non-Allergen,Non-Allergen,Non-Allergen,Non-Allergen,0.8675000071525574,0.1325,0.8675,True,True
3278,0,0,Non-Allergen,Non-Allergen,Non-Allergen,Non-Allergen,0.949400007724762,0.0506,0.9494,True,True
3279,1,1,Allergen,Allergen,Mold/Fungal Allergen,Mold/Fungal Allergen,1.0,0.9999,1e-04,True,True
3280,1,1,Allergen,Allergen,Venom Allergen,Venom Allergen,0.7875,0.9928,0.0072,True,True
3281,0,0,Non-Allergen,Non-Allergen,Non-Allergen,Non-Allergen,0.9998999834060669,1e-04,0.9999,True,True
3282,0,0,Non-Allergen,Non-Allergen,Non-Allergen,Non-Allergen,0.9932000041007996,0.0068,0.9932,True,True
3283,0,0,Non-Allergen,Non-Allergen,Non-Allergen,Non-Allergen,0.9980999827384949,0.0019,0.9981,True,True
3284,0,0,Non-Allergen,Non-Allergen,Non-Allergen,Non-Allergen,0.897599995136261,0.1024,0.8976,True,True
3285,0,0,Non-Allergen,Non-Allergen,Non-Allergen,Non-Allergen,0.8485999703407288,0.1514,0.8486,True,True
3286,0,0,Non-Allergen,Non-Allergen,Non-Allergen,Non-Allergen,0.9718999862670898,0.0281,0.9719,True,True
3287,0,0,Non-Allergen,Non-Allergen,Non-Allergen,Non-Allergen,0.9139999747276306,0.086,0.914,True,True
3288,0,0,Non-Allergen,Non-Allergen,Non-Allergen,Non-Allergen,0.7222999930381775,0.2777,0.7223,True,True
3289,0,0,Non-Allergen,Non-Allergen,Non-Allergen,Non-Allergen,0.9968000054359436,0.0032,0.9968,True,True
3290,0,0,Non-Allergen,Non-Allergen,Non-Allergen,Non-Allergen,0.996399998664856,0.0036,0.9964,True,True
3291,0,0,Non-Allergen,Non-Allergen,Non-Allergen,Non-Allergen,0.9532999992370605,0.0467,0.9533,True,True
3292,0,0,Non-Allergen,Non-Allergen,Non-Allergen,Non-Allergen,0.9728000164031982,0.0272,0.9728,True,True
3293,1,1,Allergen,Allergen,Dust Mite Allergen,Dust Mite Allergen,1.0,0.9468,0.0532,True,True
3294,0,0,Non-Allergen,Non-Allergen,Non-Allergen,Non-Allergen,0.996399998664856,0.0036,0.9964,True,True
3295,1,1,Allergen,Allergen,Food Allergen,Food Allergen,0.8575,0.9919,0.0081,True,True
3296,1,1,Allergen,Allergen,Mold/Fungal Allergen,Mold/Fungal Allergen,0.725,0.998,0.002,True,True
3297,0,0,Non-Allergen,Non-Allergen,Non-Allergen,Non-Allergen,0.9883999824523926,0.0116,0.9884,True,True
3298,1,1,Allergen,Allergen,Food Allergen,Food Allergen,0.935,0.9954,0.0046,True,True
3299,0,0,Non-Allergen,Non-Allergen,Non-Allergen,Non-Allergen,0.9975000023841858,0.0025,0.9975,True,True
3300,0,0,Non-Allergen,Non-Allergen,Non-Allergen,Non-Allergen,0.9470000267028809,0.053,0.947,True,True
3301,1,1,Allergen,Allergen,Mold/Fungal Allergen,Mold/Fungal Allergen,1.0,0.9997,0.0003,True,True
3302,1,1,Allergen,Allergen,Food Allergen,Food Allergen,1.0,0.9991,0.0009,True,True
3303,1,1,Allergen,Allergen,Pollen Allergen,Pollen Allergen,0.3525,0.9461,0.0539,True,True
3304,0,0,Non-Allergen,Non-Allergen,Non-Allergen,Non-Allergen,0.9987000226974487,0.0013,0.9987,True,True
3305,0,0,Non-Allergen,Non-Allergen,Non-Allergen,Non-Allergen,0.9621000289916992,0.0379,0.9621,True,True
3306,1,1,Allergen,Allergen,Venom Allergen,Venom Allergen,1.0,0.9602,0.0398,True,True
3307,0,0,Non-Allergen,Non-Allergen,Non-Allergen,Non-Allergen,0.996399998664856,0.0036,0.9964,True,True
3308,0,0,Non-Allergen,Non-Allergen,Non-Allergen,Non-Allergen,0.9897000193595886,0.0103,0.9897,True,True
3309,0,0,Non-Allergen,Non-Allergen,Non-Allergen,Non-Allergen,0.9861000180244446,0.0139,0.9861,True,True
3310,1,1,Allergen,Allergen,Mold/Fungal Allergen,Mold/Fungal Allergen,1.0,0.9999,1e-04,True,True
3311,0,0,Non-Allergen,Non-Allergen,Non-Allergen,Non-Allergen,0.9998999834060669,1e-04,0.9999,True,True
3312,1,1,Allergen,Allergen,Food Allergen,Food Allergen,0.98,0.9968,0.0032,True,True
3313,1,1,Allergen,Allergen,Pollen Allergen,Pollen Allergen,0.905,0.99,0.01,True,True
3314,0,0,Non-Allergen,Non-Allergen,Non-Allergen,Non-Allergen,0.9013000130653381,0.0987,0.9013,True,True
3315,1,1,Allergen,Allergen,Mold/Fungal Allergen,Mold/Fungal Allergen,0.765,0.9919,0.0081,True,True
3316,1,1,Allergen,Allergen,Pollen Allergen,Pollen Allergen,0.9575,0.9877,0.0123,True,True
3317,0,0,Non-Allergen,Non-Allergen,Non-Allergen,Non-Allergen,0.9962999820709229,0.0037,0.9963,True,True
3318,1,1,Allergen,Allergen,Dust Mite Allergen,Dust Mite Allergen,0.885,0.8565,0.1435,True,True
3319,0,0,Non-Allergen,Non-Allergen,Non-Allergen,Non-Allergen,0.9997000098228455,0.0003,0.9997,True,True
3320,0,0,Non-Allergen,Non-Allergen,Non-Allergen,Non-Allergen,0.9609000086784363,0.0391,0.9609,True,True
3321,1,1,Allergen,Allergen,Pollen Allergen,Pollen Allergen,0.83,0.987,0.013,True,True
3322,1,1,Allergen,Allergen,Food Allergen,Food Allergen,1.0,0.9991,0.0009,True,True
3323,1,1,Allergen,Allergen,Venom Allergen,Venom Allergen,0.7325,0.999,0.001,True,True
3324,1,1,Allergen,Allergen,Mold/Fungal Allergen,Mold/Fungal Allergen,1.0,0.9808,0.0192,True,True
3325,1,1,Allergen,Allergen,Pollen Allergen,Pollen Allergen,0.825,0.9781,0.0219,True,True
3326,1,1,Allergen,Allergen,Mold/Fungal Allergen,Mold/Fungal Allergen,1.0,0.9999,1e-04,True,True
3327,0,0,Non-Allergen,Non-Allergen,Non-Allergen,Non-Allergen,0.9995999932289124,0.0004,0.9996,True,True
3328,1,1,Allergen,Allergen,Pollen Allergen,Pollen Allergen,0.7225,0.9995,0.0005,True,True
3329,1,1,Allergen,Allergen,Dust Mite Allergen,Dust Mite Allergen,0.535,0.9561,0.0439,True,True
3330,1,1,Allergen,Allergen,Pollen Allergen,Pollen Allergen,1.0,0.9818,0.0182,True,True
3331,0,0,Non-Allergen,Non-Allergen,Non-Allergen,Non-Allergen,0.9096999764442444,0.0903,0.9097,True,True
3332,1,1,Allergen,Allergen,Food Allergen,Food Allergen,0.98,0.9964,0.0036,True,True
3333,0,0,Non-Allergen,Non-Allergen,Non-Allergen,Non-Allergen,0.5040000081062317,0.496,0.504,True,True
3334,0,0,Non-Allergen,Non-Allergen,Non-Allergen,Non-Allergen,0.9973999857902527,0.0026,0.9974,True,True
3335,0,0,Non-Allergen,Non-Allergen,Non-Allergen,Non-Allergen,0.9983999729156494,0.0016,0.9984,True,True
3336,1,1,Allergen,Allergen,Venom Allergen,Venom Allergen,0.725,0.9972,0.0028,True,True
3337,1,0,Allergen,Non-Allergen,Dust Mite Allergen,Non-Allergen,0.7827000021934509,0.2173,0.7827,False,False
3338,1,1,Allergen,Allergen,Dust Mite Allergen,Dust Mite Allergen,0.665,0.639,0.361,True,True
3339,0,0,Non-Allergen,Non-Allergen,Non-Allergen,Non-Allergen,0.9968000054359436,0.0032,0.9968,True,True
3340,0,0,Non-Allergen,Non-Allergen,Non-Allergen,Non-Allergen,0.805899977684021,0.1941,0.8059,True,True
3341,1,1,Allergen,Allergen,Mold/Fungal Allergen,Mold/Fungal Allergen,1.0,1.0,0.0,True,True
3342,0,0,Non-Allergen,Non-Allergen,Non-Allergen,Non-Allergen,0.9822999835014343,0.0177,0.9823,True,True
3343,0,0,Non-Allergen,Non-Allergen,Non-Allergen,Non-Allergen,0.9973999857902527,0.0026,0.9974,True,True
3344,0,0,Non-Allergen,Non-Allergen,Non-Allergen,Non-Allergen,0.9987999796867371,0.0012,0.9988,True,True
3345,0,0,Non-Allergen,Non-Allergen,Non-Allergen,Non-Allergen,0.9717000126838684,0.0283,0.9717,True,True
3346,1,1,Allergen,Allergen,Venom Allergen,Venom Allergen,0.725,0.9901,0.0099,True,True
3347,0,0,Non-Allergen,Non-Allergen,Non-Allergen,Non-Allergen,0.9955000281333923,0.0045,0.9955,True,True
3348,1,1,Allergen,Allergen,Mold/Fungal Allergen,Mold/Fungal Allergen,1.0,0.9988,0.0012,True,True
3349,1,1,Allergen,Allergen,Latex Allergen,Latex Allergen,1.0,0.9994,0.0006,True,True
3350,0,0,Non-Allergen,Non-Allergen,Non-Allergen,Non-Allergen,0.9871000051498413,0.0129,0.9871,True,True
3351,0,0,Non-Allergen,Non-Allergen,Non-Allergen,Non-Allergen,0.9994999766349792,0.0005,0.9995,True,True
3352,0,0,Non-Allergen,Non-Allergen,Non-Allergen,Non-Allergen,0.9998000264167786,0.0002,0.9998,True,True
3353,0,0,Non-Allergen,Non-Allergen,Non-Allergen,Non-Allergen,0.9945999979972839,0.0054,0.9946,True,True
3354,0,0,Non-Allergen,Non-Allergen,Non-Allergen,Non-Allergen,0.9890999794006348,0.0109,0.9891,True,True
3355,0,0,Non-Allergen,Non-Allergen,Non-Allergen,Non-Allergen,0.9779999852180481,0.022,0.978,True,True
3356,0,0,Non-Allergen,Non-Allergen,Non-Allergen,Non-Allergen,0.5166000127792358,0.4834,0.5166,True,True
3357,0,0,Non-Allergen,Non-Allergen,Non-Allergen,Non-Allergen,0.9984999895095825,0.0015,0.9985,True,True
3358,1,1,Allergen,Allergen,Mold/Fungal Allergen,Mold/Fungal Allergen,1.0,0.9999,1e-04,True,True
3359,0,0,Non-Allergen,Non-Allergen,Non-Allergen,Non-Allergen,0.9983000159263611,0.0017,0.9983,True,True
3360,1,1,Allergen,Allergen,Venom Allergen,Venom Allergen,0.475,0.9928,0.0072,True,True
3361,1,1,Allergen,Allergen,Mold/Fungal Allergen,Mold/Fungal Allergen,1.0,1.0,0.0,True,True
3362,0,0,Non-Allergen,Non-Allergen,Non-Allergen,Non-Allergen,0.9994999766349792,0.0005,0.9995,True,True
3363,1,1,Allergen,Allergen,Mold/Fungal Allergen,Mold/Fungal Allergen,0.5875,0.9053,0.0947,True,True
3364,0,0,Non-Allergen,Non-Allergen,Non-Allergen,Non-Allergen,0.9829999804496765,0.017,0.983,True,True
3365,1,1,Allergen,Allergen,Dust Mite Allergen,Dust Mite Allergen,0.3575,0.9942,0.0058,True,True
3366,0,0,Non-Allergen,Non-Allergen,Non-Allergen,Non-Allergen,0.9966999888420105,0.0033,0.9967,True,True
3367,0,0,Non-Allergen,Non-Allergen,Non-Allergen,Non-Allergen,0.9958000183105469,0.0042,0.9958,True,True
3368,0,0,Non-Allergen,Non-Allergen,Non-Allergen,Non-Allergen,0.5501999855041504,0.4498,0.5502,True,True
3369,0,0,Non-Allergen,Non-Allergen,Non-Allergen,Non-Allergen,0.996999979019165,0.003,0.997,True,True
3370,1,1,Allergen,Allergen,Pollen Allergen,Pollen Allergen,1.0,0.9995,0.0005,True,True
3371,0,0,Non-Allergen,Non-Allergen,Non-Allergen,Non-Allergen,0.9977999925613403,0.0022,0.9978,True,True
3372,1,1,Allergen,Allergen,Dust Mite Allergen,Dust Mite Allergen,0.63,0.9182,0.0818,True,True
3373,1,1,Allergen,Allergen,Mold/Fungal Allergen,Mold/Fungal Allergen,1.0,0.9999,1e-04,True,True
3374,0,0,Non-Allergen,Non-Allergen,Non-Allergen,Non-Allergen,0.9872000217437744,0.0128,0.9872,True,True
3375,1,1,Allergen,Allergen,Mold/Fungal Allergen,Mold/Fungal Allergen,1.0,1.0,0.0,True,True
3376,1,1,Allergen,Allergen,Food Allergen,Food Allergen,0.4525,0.9893,0.0107,True,True
3377,0,0,Non-Allergen,Non-Allergen,Non-Allergen,Non-Allergen,0.9923999905586243,0.0076,0.9924,True,True
3378,0,0,Non-Allergen,Non-Allergen,Non-Allergen,Non-Allergen,0.9904000163078308,0.0096,0.9904,True,True
3379,0,0,Non-Allergen,Non-Allergen,Non-Allergen,Non-Allergen,0.9958999752998352,0.0041,0.9959,True,True
3380,0,0,Non-Allergen,Non-Allergen,Non-Allergen,Non-Allergen,0.5400000214576721,0.46,0.54,True,True
3381,1,1,Allergen,Allergen,Latex Allergen,Latex Allergen,1.0,0.9193,0.0807,True,True
3382,0,0,Non-Allergen,Non-Allergen,Non-Allergen,Non-Allergen,0.996399998664856,0.0036,0.9964,True,True
3383,1,0,Allergen,Non-Allergen,Dust Mite Allergen,Non-Allergen,0.7462999820709229,0.2537,0.7463,False,False
3384,0,0,Non-Allergen,Non-Allergen,Non-Allergen,Non-Allergen,0.9362000226974487,0.0638,0.9362,True,True
3385,1,1,Allergen,Allergen,Mold/Fungal Allergen,Mold/Fungal Allergen,1.0,1.0,0.0,True,True
3386,0,0,Non-Allergen,Non-Allergen,Non-Allergen,Non-Allergen,0.9769999980926514,0.023,0.977,True,True
3387,0,0,Non-Allergen,Non-Allergen,Non-Allergen,Non-Allergen,0.998199999332428,0.0018,0.9982,True,True
3388,0,0,Non-Allergen,Non-Allergen,Non-Allergen,Non-Allergen,0.9997000098228455,0.0003,0.9997,True,True
3389,0,0,Non-Allergen,Non-Allergen,Non-Allergen,Non-Allergen,0.8658000230789185,0.1342,0.8658,True,True
3390,1,1,Allergen,Allergen,Food Allergen,Food Allergen,1.0,0.9991,0.0009,True,True
3391,0,1,Non-Allergen,Allergen,Non-Allergen,Mold/Fungal Allergen,0.4375,0.985,0.015,False,False
3392,0,0,Non-Allergen,Non-Allergen,Non-Allergen,Non-Allergen,0.9961000084877014,0.0039,0.9961,True,True
3393,0,0,Non-Allergen,Non-Allergen,Non-Allergen,Non-Allergen,0.9047999978065491,0.0952,0.9048,True,True
3394,0,0,Non-Allergen,Non-Allergen,Non-Allergen,Non-Allergen,0.9923999905586243,0.0076,0.9924,True,True
3395,1,1,Allergen,Allergen,Mold/Fungal Allergen,Mold/Fungal Allergen,1.0,0.9995,0.0005,True,True
3396,0,0,Non-Allergen,Non-Allergen,Non-Allergen,Non-Allergen,0.9448000192642212,0.0552,0.9448,True,True
3397,0,0,Non-Allergen,Non-Allergen,Non-Allergen,Non-Allergen,0.9965000152587891,0.0035,0.9965,True,True
3398,0,0,Non-Allergen,Non-Allergen,Non-Allergen,Non-Allergen,0.9994999766349792,0.0005,0.9995,True,True
3399,1,1,Allergen,Allergen,Pollen Allergen,Pollen Allergen,1.0,0.9989,0.0011,True,True
3400,0,0,Non-Allergen,Non-Allergen,Non-Allergen,Non-Allergen,0.98089998960495,0.0191,0.9809,True,True
3401,1,1,Allergen,Allergen,Food Allergen,Food Allergen,0.39,0.984,0.016,True,True
3402,1,1,Allergen,Allergen,Food Allergen,Food Allergen,0.675,0.6927,0.3073,True,True
3403,0,1,Non-Allergen,Allergen,Non-Allergen,Venom Allergen,0.4025,0.5029,0.4971,False,False
3404,0,0,Non-Allergen,Non-Allergen,Non-Allergen,Non-Allergen,0.9905999898910522,0.0094,0.9906,True,True
3405,1,0,Allergen,Non-Allergen,Food Allergen,Non-Allergen,0.7275000214576721,0.2725,0.7275,False,False
3406,0,0,Non-Allergen,Non-Allergen,Non-Allergen,Non-Allergen,0.9093999862670898,0.0906,0.9094,True,True
3407,0,0,Non-Allergen,Non-Allergen,Non-Allergen,Non-Allergen,0.8939999938011169,0.106,0.894,True,True
3408,0,0,Non-Allergen,Non-Allergen,Non-Allergen,Non-Allergen,0.9855999946594238,0.0144,0.9856,True,True
3409,0,0,Non-Allergen,Non-Allergen,Non-Allergen,Non-Allergen,0.9355000257492065,0.0645,0.9355,True,True
3410,1,1,Allergen,Allergen,Venom Allergen,Venom Allergen,0.8225,0.9578,0.0422,True,True
3411,0,0,Non-Allergen,Non-Allergen,Non-Allergen,Non-Allergen,0.9049999713897705,0.095,0.905,True,True
3412,0,0,Non-Allergen,Non-Allergen,Non-Allergen,Non-Allergen,0.9998999834060669,1e-04,0.9999,True,True
3413,0,0,Non-Allergen,Non-Allergen,Non-Allergen,Non-Allergen,0.9556999802589417,0.0443,0.9557,True,True
3414,0,0,Non-Allergen,Non-Allergen,Non-Allergen,Non-Allergen,0.9585999846458435,0.0414,0.9586,True,True
3415,0,0,Non-Allergen,Non-Allergen,Non-Allergen,Non-Allergen,0.998199999332428,0.0018,0.9982,True,True
3416,1,1,Allergen,Allergen,Food Allergen,Food Allergen,0.9425,0.9917,0.0083,True,True
3417,0,0,Non-Allergen,Non-Allergen,Non-Allergen,Non-Allergen,0.9994999766349792,0.0005,0.9995,True,True
3418,1,1,Allergen,Allergen,Mold/Fungal Allergen,Mold/Fungal Allergen,1.0,0.9998,0.0002,True,True
3419,0,0,Non-Allergen,Non-Allergen,Non-Allergen,Non-Allergen,0.9101999998092651,0.0898,0.9102,True,True
3420,0,0,Non-Allergen,Non-Allergen,Non-Allergen,Non-Allergen,0.9793000221252441,0.0207,0.9793,True,True
3421,0,0,Non-Allergen,Non-Allergen,Non-Allergen,Non-Allergen,0.9883000254631042,0.0117,0.9883,True,True
3422,0,0,Non-Allergen,Non-Allergen,Non-Allergen,Non-Allergen,0.7057999968528748,0.2942,0.7058,True,True
3423,0,0,Non-Allergen,Non-Allergen,Non-Allergen,Non-Allergen,0.9854999780654907,0.0145,0.9855,True,True
3424,1,1,Allergen,Allergen,Mold/Fungal Allergen,Mold/Fungal Allergen,1.0,0.9999,1e-04,True,True
3425,0,1,Non-Allergen,Allergen,Non-Allergen,Food Allergen,0.4375,0.6361,0.3639,False,False
3426,1,1,Allergen,Allergen,Pollen Allergen,Venom Allergen,0.44,0.9249,0.0751,True,False
3427,0,0,Non-Allergen,Non-Allergen,Non-Allergen,Non-Allergen,0.9994999766349792,0.0005,0.9995,True,True
3428,0,0,Non-Allergen,Non-Allergen,Non-Allergen,Non-Allergen,0.9865000247955322,0.0135,0.9865,True,True
3429,0,0,Non-Allergen,Non-Allergen,Non-Allergen,Non-Allergen,0.6604999899864197,0.3395,0.6605,True,True
3430,1,1,Allergen,Allergen,Mold/Fungal Allergen,Mold/Fungal Allergen,1.0,1.0,0.0,True,True
3431,0,0,Non-Allergen,Non-Allergen,Non-Allergen,Non-Allergen,0.984000027179718,0.016,0.984,True,True
3432,1,1,Allergen,Allergen,Venom Allergen,Venom Allergen,0.8425,0.9993,0.0007,True,True
3433,1,1,Allergen,Allergen,Mold/Fungal Allergen,Mold/Fungal Allergen,1.0,0.9999,1e-04,True,True
3434,0,0,Non-Allergen,Non-Allergen,Non-Allergen,Non-Allergen,0.9932000041007996,0.0068,0.9932,True,True
3435,1,1,Allergen,Allergen,Venom Allergen,Venom Allergen,0.895,0.9962,0.0038,True,True
3436,1,1,Allergen,Allergen,Venom Allergen,Venom Allergen,1.0,0.9572,0.0428,True,True
3437,0,0,Non-Allergen,Non-Allergen,Non-Allergen,Non-Allergen,0.998199999332428,0.0018,0.9982,True,True
3438,1,1,Allergen,Allergen,Dust Mite Allergen,Dust Mite Allergen,1.0,0.9976,0.0024,True,True
3439,1,1,Allergen,Allergen,Venom Allergen,Venom Allergen,0.925,0.9436,0.0564,True,True
3440,1,1,Allergen,Allergen,Pollen Allergen,Pollen Allergen,0.495,0.903,0.097,True,True
3441,1,1,Allergen,Allergen,Dust Mite Allergen,Dust Mite Allergen,0.595,0.9438,0.0562,True,True
3442,0,0,Non-Allergen,Non-Allergen,Non-Allergen,Non-Allergen,0.9993000030517578,0.0007,0.9993,True,True
3443,1,1,Allergen,Allergen,Venom Allergen,Venom Allergen,0.5925,0.959,0.041,True,True
3444,0,0,Non-Allergen,Non-Allergen,Non-Allergen,Non-Allergen,0.975600004196167,0.0244,0.9756,True,True
3445,0,0,Non-Allergen,Non-Allergen,Non-Allergen,Non-Allergen,0.9993000030517578,0.0007,0.9993,True,True
3446,1,1,Allergen,Allergen,Venom Allergen,Venom Allergen,0.5625,0.9027,0.0973,True,True
3447,0,0,Non-Allergen,Non-Allergen,Non-Allergen,Non-Allergen,0.5449000000953674,0.4551,0.5449,True,True
3448,0,0,Non-Allergen,Non-Allergen,Non-Allergen,Non-Allergen,0.6887000203132629,0.3113,0.6887,True,True
3449,0,0,Non-Allergen,Non-Allergen,Non-Allergen,Non-Allergen,0.9958000183105469,0.0042,0.9958,True,True
3450,0,0,Non-Allergen,Non-Allergen,Non-Allergen,Non-Allergen,0.9998000264167786,0.0002,0.9998,True,True
3451,1,1,Allergen,Allergen,Food Allergen,Food Allergen,1.0,0.9702,0.0298,True,True
3452,0,0,Non-Allergen,Non-Allergen,Non-Allergen,Non-Allergen,0.9991999864578247,0.0008,0.9992,True,True
3453,0,0,Non-Allergen,Non-Allergen,Non-Allergen,Non-Allergen,0.9961000084877014,0.0039,0.9961,True,True
3454,1,1,Allergen,Allergen,Pollen Allergen,Pollen Allergen,1.0,0.9909,0.0091,True,True
3455,1,1,Allergen,Allergen,Food Allergen,Food Allergen,1.0,0.9046,0.0954,True,True
3456,0,0,Non-Allergen,Non-Allergen,Non-Allergen,Non-Allergen,0.9952999949455261,0.0047,0.9953,True,True
3457,0,0,Non-Allergen,Non-Allergen,Non-Allergen,Non-Allergen,0.8812999725341797,0.1187,0.8813,True,True
3458,1,1,Allergen,Allergen,Venom Allergen,Venom Allergen,1.0,0.9586,0.0414,True,True
3459,1,1,Allergen,Allergen,Food Allergen,Food Allergen,0.765,0.966,0.034,True,True
3460,1,1,Allergen,Allergen,Pollen Allergen,Pollen Allergen,0.8875,0.9917,0.0083,True,True
3461,0,0,Non-Allergen,Non-Allergen,Non-Allergen,Non-Allergen,0.9948999881744385,0.0051,0.9949,True,True
3462,0,0,Non-Allergen,Non-Allergen,Non-Allergen,Non-Allergen,0.9902999997138977,0.0097,0.9903,True,True
3463,0,0,Non-Allergen,Non-Allergen,Non-Allergen,Non-Allergen,0.6154999732971191,0.3845,0.6155,True,True
3464,0,0,Non-Allergen,Non-Allergen,Non-Allergen,Non-Allergen,0.9997000098228455,0.0003,0.9997,True,True
3465,1,1,Allergen,Allergen,Mold/Fungal Allergen,Mold/Fungal Allergen,1.0,1.0,0.0,True,True
3466,1,1,Allergen,Allergen,Pollen Allergen,Pollen Allergen,1.0,0.9988,0.0012,True,True
3467,0,0,Non-Allergen,Non-Allergen,Non-Allergen,Non-Allergen,0.9675999879837036,0.0324,0.9676,True,True
3468,1,1,Allergen,Allergen,Food Allergen,Food Allergen,0.99,0.9729,0.0271,True,True
3469,1,1,Allergen,Allergen,Venom Allergen,Venom Allergen,0.66,0.9581,0.0419,True,True
3470,0,0,Non-Allergen,Non-Allergen,Non-Allergen,Non-Allergen,0.9865999817848206,0.0134,0.9866,True,True
3471,0,0,Non-Allergen,Non-Allergen,Non-Allergen,Non-Allergen,0.7889999747276306,0.211,0.789,True,True
3472,1,1,Allergen,Allergen,Pollen Allergen,Pollen Allergen,1.0,0.9911,0.0089,True,True
3473,1,1,Allergen,Allergen,Mold/Fungal Allergen,Mold/Fungal Allergen,1.0,1.0,0.0,True,True
3474,1,1,Allergen,Allergen,Mold/Fungal Allergen,Mold/Fungal Allergen,1.0,0.9997,0.0003,True,True
3475,1,1,Allergen,Allergen,Venom Allergen,Venom Allergen,0.325,0.6553,0.3447,True,True
3476,1,1,Allergen,Allergen,Pollen Allergen,Pollen Allergen,1.0,0.888,0.112,True,True
3477,0,0,Non-Allergen,Non-Allergen,Non-Allergen,Non-Allergen,0.9860000014305115,0.014,0.986,True,True
3478,0,0,Non-Allergen,Non-Allergen,Non-Allergen,Non-Allergen,0.9449999928474426,0.055,0.945,True,True
3479,1,1,Allergen,Allergen,Venom Allergen,Venom Allergen,0.705,0.9886,0.0114,True,True
3480,1,1,Allergen,Allergen,Latex Allergen,Latex Allergen,1.0,0.9308,0.0692,True,True
3481,1,1,Allergen,Allergen,Food Allergen,Food Allergen,0.7975,0.597,0.403,True,True
3482,0,0,Non-Allergen,Non-Allergen,Non-Allergen,Non-Allergen,0.9991000294685364,0.0009,0.9991,True,True
3483,1,1,Allergen,Allergen,Pollen Allergen,Pollen Allergen,0.99,0.9996,0.0004,True,True
3484,0,0,Non-Allergen,Non-Allergen,Non-Allergen,Non-Allergen,0.9710999727249146,0.0289,0.9711,True,True
3485,1,1,Allergen,Allergen,Venom Allergen,Venom Allergen,0.7575,0.9146,0.0854,True,True
3486,1,1,Allergen,Allergen,Pollen Allergen,Pollen Allergen,1.0,0.9995,0.0005,True,True
3487,1,1,Allergen,Allergen,Pollen Allergen,Pollen Allergen,0.695,0.9975,0.0025,True,True
3488,0,0,Non-Allergen,Non-Allergen,Non-Allergen,Non-Allergen,0.965499997138977,0.0345,0.9655,True,True
3489,1,1,Allergen,Allergen,Pollen Allergen,Pollen Allergen,1.0,0.9986,0.0014,True,True
3490,0,0,Non-Allergen,Non-Allergen,Non-Allergen,Non-Allergen,0.996999979019165,0.003,0.997,True,True
3491,0,0,Non-Allergen,Non-Allergen,Non-Allergen,Non-Allergen,0.9818999767303467,0.0181,0.9819,True,True
3492,0,0,Non-Allergen,Non-Allergen,Non-Allergen,Non-Allergen,0.9894000291824341,0.0106,0.9894,True,True
3493,1,1,Allergen,Allergen,Mold/Fungal Allergen,Mold/Fungal Allergen,0.995,0.994,0.006,True,True
3494,0,0,Non-Allergen,Non-Allergen,Non-Allergen,Non-Allergen,0.975600004196167,0.0244,0.9756,True,True
3495,0,0,Non-Allergen,Non-Allergen,Non-Allergen,Non-Allergen,0.9908000230789185,0.0092,0.9908,True,True
3496,0,0,Non-Allergen,Non-Allergen,Non-Allergen,Non-Allergen,0.9678000211715698,0.0322,0.9678,True,True
3497,1,1,Allergen,Allergen,Venom Allergen,Venom Allergen,1.0,0.9978,0.0022,True,True
3498,0,0,Non-Allergen,Non-Allergen,Non-Allergen,Non-Allergen,0.906499981880188,0.0935,0.9065,True,True
3499,0,0,Non-Allergen,Non-Allergen,Non-Allergen,Non-Allergen,0.984499990940094,0.0155,0.9845,True,True
3500,0,0,Non-Allergen,Non-Allergen,Non-Allergen,Non-Allergen,0.9994999766349792,0.0005,0.9995,True,True
3501,0,0,Non-Allergen,Non-Allergen,Non-Allergen,Non-Allergen,0.8371000289916992,0.1629,0.8371,True,True
3502,0,0,Non-Allergen,Non-Allergen,Non-Allergen,Non-Allergen,0.9966999888420105,0.0033,0.9967,True,True
3503,1,1,Allergen,Allergen,Food Allergen,Food Allergen,1.0,0.9871,0.0129,True,True
3504,0,0,Non-Allergen,Non-Allergen,Non-Allergen,Non-Allergen,0.9904999732971191,0.0095,0.9905,True,True
3505,0,0,Non-Allergen,Non-Allergen,Non-Allergen,Non-Allergen,0.9890000224113464,0.011,0.989,True,True
3506,1,0,Allergen,Non-Allergen,Food Allergen,Non-Allergen,0.9222999811172485,0.0777,0.9223,False,False
3507,0,0,Non-Allergen,Non-Allergen,Non-Allergen,Non-Allergen,0.9075000286102295,0.0925,0.9075,True,True
3508,0,0,Non-Allergen,Non-Allergen,Non-Allergen,Non-Allergen,0.9927999973297119,0.0072,0.9928,True,True
3509,1,1,Allergen,Allergen,Food Allergen,Food Allergen,0.9625,0.9909,0.0091,True,True
3510,0,0,Non-Allergen,Non-Allergen,Non-Allergen,Non-Allergen,0.9555000066757202,0.0445,0.9555,True,True
3511,0,0,Non-Allergen,Non-Allergen,Non-Allergen,Non-Allergen,0.9998999834060669,1e-04,0.9999,True,True
3512,0,0,Non-Allergen,Non-Allergen,Non-Allergen,Non-Allergen,0.9632999897003174,0.0367,0.9633,True,True
3513,1,1,Allergen,Allergen,Venom Allergen,Venom Allergen,0.445,0.9805,0.0195,True,True
3514,0,0,Non-Allergen,Non-Allergen,Non-Allergen,Non-Allergen,0.9850999712944031,0.0149,0.9851,True,True
3515,1,1,Allergen,Allergen,Dust Mite Allergen,Venom Allergen,0.5925,0.8695,0.1305,True,False
3516,0,0,Non-Allergen,Non-Allergen,Non-Allergen,Non-Allergen,0.9896000027656555,0.0104,0.9896,True,True
3517,0,0,Non-Allergen,Non-Allergen,Non-Allergen,Non-Allergen,0.9998999834060669,1e-04,0.9999,True,True
3518,1,1,Allergen,Allergen,Venom Allergen,Venom Allergen,0.7825,0.9371,0.0629,True,True
3519,1,1,Allergen,Allergen,Venom Allergen,Venom Allergen,0.97,0.9638,0.0362,True,True
3520,0,0,Non-Allergen,Non-Allergen,Non-Allergen,Non-Allergen,0.9930999875068665,0.0069,0.9931,True,True
3521,1,1,Allergen,Allergen,Food Allergen,Food Allergen,0.605,0.9894,0.0106,True,True
3522,1,1,Allergen,Allergen,Venom Allergen,Venom Allergen,0.7175,0.9977,0.0023,True,True
3523,1,1,Allergen,Allergen,Venom Allergen,Venom Allergen,0.63,0.9916,0.0084,True,True
3524,0,0,Non-Allergen,Non-Allergen,Non-Allergen,Non-Allergen,0.9939000010490417,0.0061,0.9939,True,True
3525,0,0,Non-Allergen,Non-Allergen,Non-Allergen,Non-Allergen,0.6973000168800354,0.3027,0.6973,True,True
3526,0,0,Non-Allergen,Non-Allergen,Non-Allergen,Non-Allergen,0.7784000039100647,0.2216,0.7784,True,True
3527,0,0,Non-Allergen,Non-Allergen,Non-Allergen,Non-Allergen,0.9991999864578247,0.0008,0.9992,True,True
3528,0,0,Non-Allergen,Non-Allergen,Non-Allergen,Non-Allergen,0.9925000071525574,0.0075,0.9925,True,True
3529,0,0,Non-Allergen,Non-Allergen,Non-Allergen,Non-Allergen,0.9750999808311462,0.0249,0.9751,True,True
3530,0,0,Non-Allergen,Non-Allergen,Non-Allergen,Non-Allergen,0.9950000047683716,0.005,0.995,True,True
3531,1,1,Allergen,Allergen,Latex Allergen,Latex Allergen,1.0,0.9995,0.0005,True,True
3532,1,1,Allergen,Allergen,Venom Allergen,Venom Allergen,0.88,0.7725,0.2275,True,True
3533,1,1,Allergen,Allergen,Venom Allergen,Venom Allergen,0.98,0.956,0.044,True,True
3534,1,1,Allergen,Allergen,Mold/Fungal Allergen,Mold/Fungal Allergen,0.9875,0.9992,0.0008,True,True
3535,0,0,Non-Allergen,Non-Allergen,Non-Allergen,Non-Allergen,0.9980999827384949,0.0019,0.9981,True,True
3536,0,0,Non-Allergen,Non-Allergen,Non-Allergen,Non-Allergen,0.8873999714851379,0.1126,0.8874,True,True
3537,0,0,Non-Allergen,Non-Allergen,Non-Allergen,Non-Allergen,0.8810999989509583,0.1189,0.8811,True,True
3538,0,0,Non-Allergen,Non-Allergen,Non-Allergen,Non-Allergen,0.9994999766349792,0.0005,0.9995,True,True
3539,0,0,Non-Allergen,Non-Allergen,Non-Allergen,Non-Allergen,0.9986000061035156,0.0014,0.9986,True,True
3540,1,1,Allergen,Allergen,Pollen Allergen,Pollen Allergen,0.3925,0.8834,0.1166,True,True
3541,0,0,Non-Allergen,Non-Allergen,Non-Allergen,Non-Allergen,0.9986000061035156,0.0014,0.9986,True,True
3542,1,1,Allergen,Allergen,Venom Allergen,Venom Allergen,0.6825,0.9709,0.0291,True,True
3543,0,0,Non-Allergen,Non-Allergen,Non-Allergen,Non-Allergen,0.9994999766349792,0.0005,0.9995,True,True
3544,0,0,Non-Allergen,Non-Allergen,Non-Allergen,Non-Allergen,0.9552000164985657,0.0448,0.9552,True,True
3545,1,1,Allergen,Allergen,Pollen Allergen,Pollen Allergen,1.0,0.9998,0.0002,True,True
3546,0,0,Non-Allergen,Non-Allergen,Non-Allergen,Non-Allergen,0.9724000096321106,0.0276,0.9724,True,True
3547,1,1,Allergen,Allergen,Food Allergen,Food Allergen,0.7775,0.9822,0.0178,True,True
3548,0,0,Non-Allergen,Non-Allergen,Non-Allergen,Non-Allergen,0.9994000196456909,0.0006,0.9994,True,True
3549,0,0,Non-Allergen,Non-Allergen,Non-Allergen,Non-Allergen,0.9976000189781189,0.0024,0.9976,True,True
3550,0,0,Non-Allergen,Non-Allergen,Non-Allergen,Non-Allergen,0.9937000274658203,0.0063,0.9937,True,True
3551,1,1,Allergen,Allergen,Mold/Fungal Allergen,Mold/Fungal Allergen,0.995,1.0,0.0,True,True
3552,1,1,Allergen,Allergen,Dust Mite Allergen,Dust Mite Allergen,0.4725,0.8892,0.1108,True,True
3553,0,0,Non-Allergen,Non-Allergen,Non-Allergen,Non-Allergen,0.9639000296592712,0.0361,0.9639,True,True
3554,0,0,Non-Allergen,Non-Allergen,Non-Allergen,Non-Allergen,0.996999979019165,0.003,0.997,True,True
3555,1,1,Allergen,Allergen,Venom Allergen,Venom Allergen,0.565,0.8726,0.1274,True,True
3556,0,0,Non-Allergen,Non-Allergen,Non-Allergen,Non-Allergen,0.7232999801635742,0.2767,0.7233,True,True
3557,0,0,Non-Allergen,Non-Allergen,Non-Allergen,Non-Allergen,0.9993000030517578,0.0007,0.9993,True,True
3558,0,0,Non-Allergen,Non-Allergen,Non-Allergen,Non-Allergen,0.9686999917030334,0.0313,0.9687,True,True
3559,0,0,Non-Allergen,Non-Allergen,Non-Allergen,Non-Allergen,0.5935999751091003,0.4064,0.5936,True,True
3560,1,1,Allergen,Allergen,Food Allergen,Pollen Allergen,0.8675,0.9997,0.0003,True,False
3561,1,1,Allergen,Allergen,Mold/Fungal Allergen,Mold/Fungal Allergen,1.0,1.0,0.0,True,True
3562,1,1,Allergen,Allergen,Food Allergen,Food Allergen,0.9075,0.991,0.009,True,True
3563,0,0,Non-Allergen,Non-Allergen,Non-Allergen,Non-Allergen,0.9998000264167786,0.0002,0.9998,True,True
3564,1,1,Allergen,Allergen,Latex Allergen,Latex Allergen,1.0,0.9996,0.0004,True,True
3565,0,0,Non-Allergen,Non-Allergen,Non-Allergen,Non-Allergen,0.9246000051498413,0.0754,0.9246,True,True
3566,1,1,Allergen,Allergen,Dust Mite Allergen,Pollen Allergen,0.3175,0.9868,0.0132,True,False
3567,0,0,Non-Allergen,Non-Allergen,Non-Allergen,Non-Allergen,0.9976000189781189,0.0024,0.9976,True,True
3568,0,0,Non-Allergen,Non-Allergen,Non-Allergen,Non-Allergen,0.9965999722480774,0.0034,0.9966,True,True
3569,0,0,Non-Allergen,Non-Allergen,Non-Allergen,Non-Allergen,0.9987999796867371,0.0012,0.9988,True,True
3570,0,0,Non-Allergen,Non-Allergen,Non-Allergen,Non-Allergen,0.5250999927520752,0.4749,0.5251,True,True
3571,0,0,Non-Allergen,Non-Allergen,Non-Allergen,Non-Allergen,0.9442999958992004,0.0557,0.9443,True,True
3572,0,0,Non-Allergen,Non-Allergen,Non-Allergen,Non-Allergen,0.9897000193595886,0.0103,0.9897,True,True
3573,1,1,Allergen,Allergen,Venom Allergen,Venom Allergen,0.795,0.9977,0.0023,True,True
3574,0,0,Non-Allergen,Non-Allergen,Non-Allergen,Non-Allergen,0.9998000264167786,0.0002,0.9998,True,True
3575,1,1,Allergen,Allergen,Pollen Allergen,Pollen Allergen,0.98,0.9941,0.0059,True,True
3576,0,0,Non-Allergen,Non-Allergen,Non-Allergen,Non-Allergen,0.9975000023841858,0.0025,0.9975,True,True
3577,0,0,Non-Allergen,Non-Allergen,Non-Allergen,Non-Allergen,0.9664000272750854,0.0336,0.9664,True,True
3578,0,0,Non-Allergen,Non-Allergen,Non-Allergen,Non-Allergen,0.9383000135421753,0.0617,0.9383,True,True
3579,0,0,Non-Allergen,Non-Allergen,Non-Allergen,Non-Allergen,0.9876000285148621,0.0124,0.9876,True,True
3580,0,0,Non-Allergen,Non-Allergen,Non-Allergen,Non-Allergen,0.9567999839782715,0.0432,0.9568,True,True
3581,1,1,Allergen,Allergen,Venom Allergen,Venom Allergen,0.9025,0.9978,0.0022,True,True
3582,0,0,Non-Allergen,Non-Allergen,Non-Allergen,Non-Allergen,0.9994000196456909,0.0006,0.9994,True,True
3583,1,1,Allergen,Allergen,Mold/Fungal Allergen,Mold/Fungal Allergen,0.9875,0.9988,0.0012,True,True
3584,0,0,Non-Allergen,Non-Allergen,Non-Allergen,Non-Allergen,0.9947999715805054,0.0052,0.9948,True,True
3585,1,1,Allergen,Allergen,Food Allergen,Food Allergen,0.89,0.9689,0.0311,True,True
3586,1,1,Allergen,Allergen,Food Allergen,Food Allergen,1.0,0.9995,0.0005,True,True
3587,1,1,Allergen,Allergen,Food Allergen,Food Allergen,0.9775,0.9891,0.0109,True,True
3588,1,1,Allergen,Allergen,Pollen Allergen,Pollen Allergen,1.0,0.9838,0.0162,True,True
3589,1,1,Allergen,Allergen,Food Allergen,Food Allergen,1.0,0.9991,0.0009,True,True
3590,1,1,Allergen,Allergen,Pollen Allergen,Pollen Allergen,1.0,0.9809,0.0191,True,True
3591,0,0,Non-Allergen,Non-Allergen,Non-Allergen,Non-Allergen,0.9980000257492065,0.002,0.998,True,True
3592,0,0,Non-Allergen,Non-Allergen,Non-Allergen,Non-Allergen,0.9991999864578247,0.0008,0.9992,True,True
3593,1,1,Allergen,Allergen,Mold/Fungal Allergen,Mold/Fungal Allergen,1.0,0.9998,0.0002,True,True
3594,1,1,Allergen,Allergen,Venom Allergen,Venom Allergen,1.0,0.9831,0.0169,True,True
3595,1,1,Allergen,Allergen,Pollen Allergen,Pollen Allergen,1.0,0.9967,0.0033,True,True
3596,0,0,Non-Allergen,Non-Allergen,Non-Allergen,Non-Allergen,0.8982999920845032,0.1017,0.8983,True,True
3597,0,0,Non-Allergen,Non-Allergen,Non-Allergen,Non-Allergen,0.8449000120162964,0.1551,0.8449,True,True
3598,1,1,Allergen,Allergen,Food Allergen,Food Allergen,1.0,0.8873,0.1127,True,True
3599,1,1,Allergen,Allergen,Mold/Fungal Allergen,Mold/Fungal Allergen,0.99,0.9942,0.0058,True,True
3600,1,0,Allergen,Non-Allergen,Food Allergen,Non-Allergen,0.6312000155448914,0.3688,0.6312,False,False
3601,0,0,Non-Allergen,Non-Allergen,Non-Allergen,Non-Allergen,0.9965999722480774,0.0034,0.9966,True,True
3602,0,0,Non-Allergen,Non-Allergen,Non-Allergen,Non-Allergen,0.9850000143051147,0.015,0.985,True,True
3603,0,0,Non-Allergen,Non-Allergen,Non-Allergen,Non-Allergen,0.9704999923706055,0.0295,0.9705,True,True
3604,0,0,Non-Allergen,Non-Allergen,Non-Allergen,Non-Allergen,0.8798999786376953,0.1201,0.8799,True,True
3605,0,0,Non-Allergen,Non-Allergen,Non-Allergen,Non-Allergen,0.9997000098228455,0.0003,0.9997,True,True
3606,0,0,Non-Allergen,Non-Allergen,Non-Allergen,Non-Allergen,0.9638000130653381,0.0362,0.9638,True,True
3607,0,0,Non-Allergen,Non-Allergen,Non-Allergen,Non-Allergen,0.9731000065803528,0.0269,0.9731,True,True
3608,1,1,Allergen,Allergen,Food Allergen,Food Allergen,0.8775,0.9889,0.0111,True,True
3609,0,0,Non-Allergen,Non-Allergen,Non-Allergen,Non-Allergen,0.9940999746322632,0.0059,0.9941,True,True
3610,0,0,Non-Allergen,Non-Allergen,Non-Allergen,Non-Allergen,0.9768000245094299,0.0232,0.9768,True,True
3611,1,1,Allergen,Allergen,Food Allergen,Food Allergen,0.9775,0.9991,0.0009,True,True
3612,1,1,Allergen,Allergen,Mold/Fungal Allergen,Mold/Fungal Allergen,0.895,0.9981,0.0019,True,True
3613,0,0,Non-Allergen,Non-Allergen,Non-Allergen,Non-Allergen,0.9785000085830688,0.0215,0.9785,True,True
3614,0,0,Non-Allergen,Non-Allergen,Non-Allergen,Non-Allergen,0.9986000061035156,0.0014,0.9986,True,True
3615,1,1,Allergen,Allergen,Pollen Allergen,Pollen Allergen,0.9975,0.9999,1e-04,True,True
3616,0,0,Non-Allergen,Non-Allergen,Non-Allergen,Non-Allergen,0.8877000212669373,0.1123,0.8877,True,True
3617,0,0,Non-Allergen,Non-Allergen,Non-Allergen,Non-Allergen,0.9998000264167786,0.0002,0.9998,True,True
3618,1,1,Allergen,Allergen,Mold/Fungal Allergen,Mold/Fungal Allergen,1.0,0.9999,1e-04,True,True
3619,1,1,Allergen,Allergen,Food Allergen,Food Allergen,0.7425,0.9991,0.0009,True,True
3620,1,1,Allergen,Allergen,Pollen Allergen,Pollen Allergen,0.8125,0.9933,0.0067,True,True
3621,0,0,Non-Allergen,Non-Allergen,Non-Allergen,Non-Allergen,0.9983000159263611,0.0017,0.9983,True,True
3622,0,0,Non-Allergen,Non-Allergen,Non-Allergen,Non-Allergen,0.9891999959945679,0.0108,0.9892,True,True
3623,0,0,Non-Allergen,Non-Allergen,Non-Allergen,Non-Allergen,0.9983999729156494,0.0016,0.9984,True,True
3624,1,1,Allergen,Allergen,Mold/Fungal Allergen,Mold/Fungal Allergen,1.0,0.9999,1e-04,True,True
3625,1,1,Allergen,Allergen,Pollen Allergen,Pollen Allergen,0.9175,0.9938,0.0062,True,True
3626,1,1,Allergen,Allergen,Food Allergen,Food Allergen,1.0,0.9989,0.0011,True,True
3627,0,0,Non-Allergen,Non-Allergen,Non-Allergen,Non-Allergen,0.9983000159263611,0.0017,0.9983,True,True
3628,0,0,Non-Allergen,Non-Allergen,Non-Allergen,Non-Allergen,0.8615999817848206,0.1384,0.8616,True,True
3629,0,1,Non-Allergen,Allergen,Non-Allergen,Dust Mite Allergen,0.4425,0.8315,0.1685,False,False
3630,1,1,Allergen,Allergen,Dust Mite Allergen,Venom Allergen,0.4625,0.9619,0.0381,True,False
3631,0,0,Non-Allergen,Non-Allergen,Non-Allergen,Non-Allergen,0.942300021648407,0.0577,0.9423,True,True
3632,0,0,Non-Allergen,Non-Allergen,Non-Allergen,Non-Allergen,0.9966999888420105,0.0033,0.9967,True,True
3633,1,1,Allergen,Allergen,Dust Mite Allergen,Pollen Allergen,0.365,0.8259,0.1741,True,False
3634,1,1,Allergen,Allergen,Mold/Fungal Allergen,Mold/Fungal Allergen,1.0,0.9999,1e-04,True,True
3635,0,0,Non-Allergen,Non-Allergen,Non-Allergen,Non-Allergen,0.9902999997138977,0.0097,0.9903,True,True
3636,1,1,Allergen,Allergen,Food Allergen,Food Allergen,0.8025,0.9645,0.0355,True,True
3637,0,0,Non-Allergen,Non-Allergen,Non-Allergen,Non-Allergen,0.9983000159263611,0.0017,0.9983,True,True
3638,1,1,Allergen,Allergen,Food Allergen,Food Allergen,0.9425,0.9456,0.0544,True,True
3639,0,0,Non-Allergen,Non-Allergen,Non-Allergen,Non-Allergen,0.9997000098228455,0.0003,0.9997,True,True
3640,0,0,Non-Allergen,Non-Allergen,Non-Allergen,Non-Allergen,0.9973000288009644,0.0027,0.9973,True,True
3641,1,1,Allergen,Allergen,Mold/Fungal Allergen,Mold/Fungal Allergen,1.0,0.9998,0.0002,True,True
3642,1,1,Allergen,Allergen,Mold/Fungal Allergen,Mold/Fungal Allergen,1.0,0.9999,1e-04,True,True
3643,0,0,Non-Allergen,Non-Allergen,Non-Allergen,Non-Allergen,0.9865999817848206,0.0134,0.9866,True,True
3644,1,1,Allergen,Allergen,Mold/Fungal Allergen,Mold/Fungal Allergen,1.0,0.9999,1e-04,True,True
3645,1,1,Allergen,Allergen,Mold/Fungal Allergen,Mold/Fungal Allergen,1.0,0.9998,0.0002,True,True
3646,0,0,Non-Allergen,Non-Allergen,Non-Allergen,Non-Allergen,0.9970999956130981,0.0029,0.9971,True,True
3647,1,1,Allergen,Allergen,Mold/Fungal Allergen,Mold/Fungal Allergen,1.0,0.9997,0.0003,True,True
3648,0,0,Non-Allergen,Non-Allergen,Non-Allergen,Non-Allergen,0.7429999709129333,0.257,0.743,True,True
3649,0,0,Non-Allergen,Non-Allergen,Non-Allergen,Non-Allergen,0.9503999948501587,0.0496,0.9504,True,True
3650,1,1,Allergen,Allergen,Venom Allergen,Venom Allergen,0.9825,0.9872,0.0128,True,True
3651,0,0,Non-Allergen,Non-Allergen,Non-Allergen,Non-Allergen,0.8475000262260437,0.1525,0.8475,True,True
3652,0,0,Non-Allergen,Non-Allergen,Non-Allergen,Non-Allergen,0.9998999834060669,1e-04,0.9999,True,True
3653,0,0,Non-Allergen,Non-Allergen,Non-Allergen,Non-Allergen,0.5806000232696533,0.4194,0.5806,True,True
3654,1,1,Allergen,Allergen,Pollen Allergen,Dust Mite Allergen,0.5075,0.9763,0.0237,True,False
3655,1,1,Allergen,Allergen,Venom Allergen,Venom Allergen,0.83,0.962,0.038,True,True
3656,1,1,Allergen,Allergen,Pollen Allergen,Pollen Allergen,0.8425,0.9825,0.0175,True,True
3657,1,1,Allergen,Allergen,Venom Allergen,Venom Allergen,0.72,0.9773,0.0227,True,True
3658,1,1,Allergen,Allergen,Pollen Allergen,Pollen Allergen,1.0,0.9838,0.0162,True,True
3659,0,0,Non-Allergen,Non-Allergen,Non-Allergen,Non-Allergen,0.9986000061035156,0.0014,0.9986,True,True
3660,1,1,Allergen,Allergen,Venom Allergen,Venom Allergen,0.855,0.9989,0.0011,True,True
3661,0,0,Non-Allergen,Non-Allergen,Non-Allergen,Non-Allergen,0.9987999796867371,0.0012,0.9988,True,True
3662,0,0,Non-Allergen,Non-Allergen,Non-Allergen,Non-Allergen,0.9948999881744385,0.0051,0.9949,True,True
3663,1,1,Allergen,Allergen,Venom Allergen,Dust Mite Allergen,0.3075,0.8146,0.1854,True,False
3664,1,1,Allergen,Allergen,Latex Allergen,Latex Allergen,1.0,0.9997,0.0003,True,True
3665,0,0,Non-Allergen,Non-Allergen,Non-Allergen,Non-Allergen,0.9990000128746033,0.001,0.999,True,True
3666,1,1,Allergen,Allergen,Venom Allergen,Venom Allergen,0.59,0.9459,0.0541,True,True
3667,1,1,Allergen,Allergen,Dust Mite Allergen,Dust Mite Allergen,0.54,0.8192,0.1808,True,True
3668,0,0,Non-Allergen,Non-Allergen,Non-Allergen,Non-Allergen,0.5426999926567078,0.4573,0.5427,True,True
3669,1,1,Allergen,Allergen,Food Allergen,Food Allergen,0.405,0.99,0.01,True,True
3670,0,0,Non-Allergen,Non-Allergen,Non-Allergen,Non-Allergen,0.9987000226974487,0.0013,0.9987,True,True
3671,0,0,Non-Allergen,Non-Allergen,Non-Allergen,Non-Allergen,0.9891999959945679,0.0108,0.9892,True,True
3672,0,0,Non-Allergen,Non-Allergen,Non-Allergen,Non-Allergen,0.9998999834060669,1e-04,0.9999,True,True
3673,0,0,Non-Allergen,Non-Allergen,Non-Allergen,Non-Allergen,0.9610000252723694,0.039,0.961,True,True
3674,1,1,Allergen,Allergen,Venom Allergen,Venom Allergen,0.98,0.9989,0.0011,True,True
3675,1,1,Allergen,Allergen,Food Allergen,Food Allergen,1.0,0.9991,0.0009,True,True
3676,1,1,Allergen,Allergen,Dust Mite Allergen,Dust Mite Allergen,1.0,0.9354,0.0646,True,True
3677,0,0,Non-Allergen,Non-Allergen,Non-Allergen,Non-Allergen,0.9653000235557556,0.0347,0.9653,True,True
3678,1,1,Allergen,Allergen,Pollen Allergen,Pollen Allergen,0.93,0.9847,0.0153,True,True
3679,1,1,Allergen,Allergen,Pollen Allergen,Pollen Allergen,1.0,0.9873,0.0127,True,True
3680,0,1,Non-Allergen,Allergen,Non-Allergen,Food Allergen,0.2275,0.9491,0.0509,False,False
3681,0,0,Non-Allergen,Non-Allergen,Non-Allergen,Non-Allergen,0.9980999827384949,0.0019,0.9981,True,True
3682,0,0,Non-Allergen,Non-Allergen,Non-Allergen,Non-Allergen,0.9782999753952026,0.0217,0.9783,True,True
3683,1,1,Allergen,Allergen,Dust Mite Allergen,Dust Mite Allergen,1.0,0.9976,0.0024,True,True
3684,0,0,Non-Allergen,Non-Allergen,Non-Allergen,Non-Allergen,0.9437999725341797,0.0562,0.9438,True,True
3685,1,1,Allergen,Allergen,Food Allergen,Food Allergen,1.0,0.9776,0.0224,True,True
3686,0,0,Non-Allergen,Non-Allergen,Non-Allergen,Non-Allergen,0.8669999837875366,0.133,0.867,True,True
3687,0,0,Non-Allergen,Non-Allergen,Non-Allergen,Non-Allergen,0.5609999895095825,0.439,0.561,True,True
3688,1,1,Allergen,Allergen,Mold/Fungal Allergen,Mold/Fungal Allergen,1.0,1.0,0.0,True,True
3689,0,0,Non-Allergen,Non-Allergen,Non-Allergen,Non-Allergen,0.9793999791145325,0.0206,0.9794,True,True
3690,0,0,Non-Allergen,Non-Allergen,Non-Allergen,Non-Allergen,0.9988999962806702,0.0011,0.9989,True,True
3691,1,1,Allergen,Allergen,Pollen Allergen,Pollen Allergen,0.8675,0.9954,0.0046,True,True
3692,1,1,Allergen,Allergen,Pollen Allergen,Pollen Allergen,0.545,0.9832,0.0168,True,True
3693,0,0,Non-Allergen,Non-Allergen,Non-Allergen,Non-Allergen,0.9865999817848206,0.0134,0.9866,True,True
3694,0,0,Non-Allergen,Non-Allergen,Non-Allergen,Non-Allergen,0.9933000206947327,0.0067,0.9933,True,True
3695,1,1,Allergen,Allergen,Dust Mite Allergen,Dust Mite Allergen,0.9275,0.9802,0.0198,True,True
3696,1,1,Allergen,Allergen,Mold/Fungal Allergen,Mold/Fungal Allergen,1.0,1.0,0.0,True,True
3697,0,0,Non-Allergen,Non-Allergen,Non-Allergen,Non-Allergen,0.9257000088691711,0.0743,0.9257,True,True
3698,1,1,Allergen,Allergen,Pollen Allergen,Pollen Allergen,0.6175,0.9961,0.0039,True,True
3699,0,0,Non-Allergen,Non-Allergen,Non-Allergen,Non-Allergen,0.9337999820709229,0.0662,0.9338,True,True
3700,0,0,Non-Allergen,Non-Allergen,Non-Allergen,Non-Allergen,0.9943000078201294,0.0057,0.9943,True,True
3701,0,0,Non-Allergen,Non-Allergen,Non-Allergen,Non-Allergen,0.9977999925613403,0.0022,0.9978,True,True
3702,0,0,Non-Allergen,Non-Allergen,Non-Allergen,Non-Allergen,0.972100019454956,0.0279,0.9721,True,True
3703,0,0,Non-Allergen,Non-Allergen,Non-Allergen,Non-Allergen,0.9919999837875366,0.008,0.992,True,True
3704,0,0,Non-Allergen,Non-Allergen,Non-Allergen,Non-Allergen,0.9937999844551086,0.0062,0.9938,True,True
3705,0,0,Non-Allergen,Non-Allergen,Non-Allergen,Non-Allergen,0.9743000268936157,0.0257,0.9743,True,True
3706,0,0,Non-Allergen,Non-Allergen,Non-Allergen,Non-Allergen,0.8964999914169312,0.1035,0.8965,True,True
3707,0,0,Non-Allergen,Non-Allergen,Non-Allergen,Non-Allergen,0.9976000189781189,0.0024,0.9976,True,True
3708,1,1,Allergen,Allergen,Mold/Fungal Allergen,Mold/Fungal Allergen,1.0,0.9982,0.0018,True,True
3709,0,0,Non-Allergen,Non-Allergen,Non-Allergen,Non-Allergen,0.9847000241279602,0.0153,0.9847,True,True
3710,0,0,Non-Allergen,Non-Allergen,Non-Allergen,Non-Allergen,0.6773999929428101,0.3226,0.6774,True,True
3711,1,1,Allergen,Allergen,Venom Allergen,Venom Allergen,0.75,0.9936,0.0064,True,True
3712,0,0,Non-Allergen,Non-Allergen,Non-Allergen,Non-Allergen,0.9995999932289124,0.0004,0.9996,True,True
3713,0,0,Non-Allergen,Non-Allergen,Non-Allergen,Non-Allergen,0.9998000264167786,0.0002,0.9998,True,True
3714,0,0,Non-Allergen,Non-Allergen,Non-Allergen,Non-Allergen,0.970300018787384,0.0297,0.9703,True,True
3715,0,0,Non-Allergen,Non-Allergen,Non-Allergen,Non-Allergen,0.9914000034332275,0.0086,0.9914,True,True
3716,0,0,Non-Allergen,Non-Allergen,Non-Allergen,Non-Allergen,0.9535999894142151,0.0464,0.9536,True,True
3717,0,0,Non-Allergen,Non-Allergen,Non-Allergen,Non-Allergen,0.9998000264167786,0.0002,0.9998,True,True
3718,0,0,Non-Allergen,Non-Allergen,Non-Allergen,Non-Allergen,0.9994999766349792,0.0005,0.9995,True,True
3719,1,0,Allergen,Non-Allergen,Venom Allergen,Non-Allergen,0.5248000025749207,0.4752,0.5248,False,False
3720,1,1,Allergen,Allergen,Dust Mite Allergen,Dust Mite Allergen,0.825,0.9847,0.0153,True,True
3721,0,0,Non-Allergen,Non-Allergen,Non-Allergen,Non-Allergen,0.9940999746322632,0.0059,0.9941,True,True
3722,1,1,Allergen,Allergen,Dust Mite Allergen,Dust Mite Allergen,0.675,0.9607,0.0393,True,True
3723,1,1,Allergen,Allergen,Venom Allergen,Venom Allergen,0.4475,0.9741,0.0259,True,True
3724,0,0,Non-Allergen,Non-Allergen,Non-Allergen,Non-Allergen,0.9869999885559082,0.013,0.987,True,True
3725,0,0,Non-Allergen,Non-Allergen,Non-Allergen,Non-Allergen,0.9948999881744385,0.0051,0.9949,True,True
3726,1,1,Allergen,Allergen,Venom Allergen,Food Allergen,0.365,0.6787,0.3213,True,False
3727,1,1,Allergen,Allergen,Food Allergen,Food Allergen,0.87,0.9984,0.0016,True,True
3728,1,1,Allergen,Allergen,Venom Allergen,Venom Allergen,0.8275,0.9984,0.0016,True,True
3729,0,0,Non-Allergen,Non-Allergen,Non-Allergen,Non-Allergen,0.9987999796867371,0.0012,0.9988,True,True
3730,0,0,Non-Allergen,Non-Allergen,Non-Allergen,Non-Allergen,0.9976999759674072,0.0023,0.9977,True,True
3731,0,0,Non-Allergen,Non-Allergen,Non-Allergen,Non-Allergen,0.9660999774932861,0.0339,0.9661,True,True
3732,1,1,Allergen,Allergen,Food Allergen,Food Allergen,0.4925,0.5758,0.4242,True,True
3733,1,1,Allergen,Allergen,Food Allergen,Food Allergen,1.0,0.9986,0.0014,True,True
3734,0,0,Non-Allergen,Non-Allergen,Non-Allergen,Non-Allergen,0.9991999864578247,0.0008,0.9992,True,True
3735,0,0,Non-Allergen,Non-Allergen,Non-Allergen,Non-Allergen,0.9682000279426575,0.0318,0.9682,True,True
3736,0,0,Non-Allergen,Non-Allergen,Non-Allergen,Non-Allergen,0.9944000244140625,0.0056,0.9944,True,True
3737,0,0,Non-Allergen,Non-Allergen,Non-Allergen,Non-Allergen,0.9656999707221985,0.0343,0.9657,True,True
3738,0,0,Non-Allergen,Non-Allergen,Non-Allergen,Non-Allergen,0.9970999956130981,0.0029,0.9971,True,True
3739,0,0,Non-Allergen,Non-Allergen,Non-Allergen,Non-Allergen,0.9858999848365784,0.0141,0.9859,True,True
3740,0,0,Non-Allergen,Non-Allergen,Non-Allergen,Non-Allergen,0.9994999766349792,0.0005,0.9995,True,True
3741,1,1,Allergen,Allergen,Mold/Fungal Allergen,Mold/Fungal Allergen,1.0,0.9996,0.0004,True,True
3742,0,0,Non-Allergen,Non-Allergen,Non-Allergen,Non-Allergen,0.8514000177383423,0.1486,0.8514,True,True
3743,0,0,Non-Allergen,Non-Allergen,Non-Allergen,Non-Allergen,0.9315000176429749,0.0685,0.9315,True,True
3744,1,1,Allergen,Allergen,Venom Allergen,Venom Allergen,0.89,0.9991,0.0009,True,True
3745,1,1,Allergen,Allergen,Food Allergen,Food Allergen,1.0,0.9995,0.0005,True,True
3746,0,0,Non-Allergen,Non-Allergen,Non-Allergen,Non-Allergen,0.982699990272522,0.0173,0.9827,True,True
3747,1,1,Allergen,Allergen,Food Allergen,Food Allergen,0.845,0.9866,0.0134,True,True
3748,1,1,Allergen,Allergen,Food Allergen,Food Allergen,0.9775,0.9997,0.0003,True,True
3749,1,1,Allergen,Allergen,Pollen Allergen,Pollen Allergen,0.8475,0.9995,0.0005,True,True
3750,1,1,Allergen,Allergen,Pollen Allergen,Pollen Allergen,1.0,0.9999,1e-04,True,True
3751,0,0,Non-Allergen,Non-Allergen,Non-Allergen,Non-Allergen,0.9911999702453613,0.0088,0.9912,True,True
3752,0,0,Non-Allergen,Non-Allergen,Non-Allergen,Non-Allergen,0.9916999936103821,0.0083,0.9917,True,True
3753,0,0,Non-Allergen,Non-Allergen,Non-Allergen,Non-Allergen,0.9915000200271606,0.0085,0.9915,True,True
3754,0,0,Non-Allergen,Non-Allergen,Non-Allergen,Non-Allergen,0.9836000204086304,0.0164,0.9836,True,True
3755,0,1,Non-Allergen,Allergen,Non-Allergen,Venom Allergen,0.3525,0.6481,0.3519,False,False
3756,0,0,Non-Allergen,Non-Allergen,Non-Allergen,Non-Allergen,0.9851999878883362,0.0148,0.9852,True,True
3757,0,0,Non-Allergen,Non-Allergen,Non-Allergen,Non-Allergen,0.9962000250816345,0.0038,0.9962,True,True
3758,1,1,Allergen,Allergen,Venom Allergen,Venom Allergen,0.9875,0.9994,0.0006,True,True
3759,1,1,Allergen,Allergen,Pollen Allergen,Pollen Allergen,0.87,0.9993,0.0007,True,True
3760,1,1,Allergen,Allergen,Venom Allergen,Venom Allergen,0.7375,0.9853,0.0147,True,True
3761,0,0,Non-Allergen,Non-Allergen,Non-Allergen,Non-Allergen,0.942799985408783,0.0572,0.9428,True,True
3762,1,1,Allergen,Allergen,Venom Allergen,Venom Allergen,1.0,0.9921,0.0079,True,True
3763,1,1,Allergen,Allergen,Dust Mite Allergen,Dust Mite Allergen,0.5525,0.9411,0.0589,True,True
3764,0,0,Non-Allergen,Non-Allergen,Non-Allergen,Non-Allergen,0.9980999827384949,0.0019,0.9981,True,True
3765,1,1,Allergen,Allergen,Dust Mite Allergen,Dust Mite Allergen,0.98,0.999,0.001,True,True
3766,1,1,Allergen,Allergen,Mold/Fungal Allergen,Mold/Fungal Allergen,0.9825,0.9978,0.0022,True,True
3767,0,0,Non-Allergen,Non-Allergen,Non-Allergen,Non-Allergen,0.9994000196456909,0.0006,0.9994,True,True
3768,0,0,Non-Allergen,Non-Allergen,Non-Allergen,Non-Allergen,0.9984999895095825,0.0015,0.9985,True,True
3769,0,0,Non-Allergen,Non-Allergen,Non-Allergen,Non-Allergen,0.9480999708175659,0.0519,0.9481,True,True
3770,0,0,Non-Allergen,Non-Allergen,Non-Allergen,Non-Allergen,0.9125000238418579,0.0875,0.9125,True,True
3771,1,1,Allergen,Allergen,Dust Mite Allergen,Dust Mite Allergen,1.0,0.7182,0.2818,True,True
3772,1,0,Allergen,Non-Allergen,Dust Mite Allergen,Non-Allergen,0.5582000017166138,0.4418,0.5582,False,False
3773,1,1,Allergen,Allergen,Mold/Fungal Allergen,Mold/Fungal Allergen,1.0,0.9999,1e-04,True,True
3774,0,0,Non-Allergen,Non-Allergen,Non-Allergen,Non-Allergen,0.9994999766349792,0.0005,0.9995,True,True
3775,1,1,Allergen,Allergen,Food Allergen,Food Allergen,0.54,0.9845,0.0155,True,True
3776,0,0,Non-Allergen,Non-Allergen,Non-Allergen,Non-Allergen,0.9991999864578247,0.0008,0.9992,True,True
3777,0,0,Non-Allergen,Non-Allergen,Non-Allergen,Non-Allergen,0.9700999855995178,0.0299,0.9701,True,True
3778,0,0,Non-Allergen,Non-Allergen,Non-Allergen,Non-Allergen,0.9925000071525574,0.0075,0.9925,True,True
3779,0,0,Non-Allergen,Non-Allergen,Non-Allergen,Non-Allergen,0.9984999895095825,0.0015,0.9985,True,True
3780,1,1,Allergen,Allergen,Mold/Fungal Allergen,Mold/Fungal Allergen,1.0,0.9999,1e-04,True,True
3781,1,1,Allergen,Allergen,Mold/Fungal Allergen,Mold/Fungal Allergen,1.0,1.0,0.0,True,True
3782,1,1,Allergen,Allergen,Food Allergen,Food Allergen,0.8875,0.9835,0.0165,True,True
3783,1,1,Allergen,Allergen,Pollen Allergen,Pollen Allergen,0.6025,0.8542,0.1458,True,True
3784,1,1,Allergen,Allergen,Food Allergen,Food Allergen,0.975,0.9997,0.0003,True,True
3785,0,0,Non-Allergen,Non-Allergen,Non-Allergen,Non-Allergen,0.9962999820709229,0.0037,0.9963,True,True
3786,1,1,Allergen,Allergen,Dust Mite Allergen,Dust Mite Allergen,0.9375,0.9862,0.0138,True,True
3787,0,0,Non-Allergen,Non-Allergen,Non-Allergen,Non-Allergen,0.9448000192642212,0.0552,0.9448,True,True
3788,0,0,Non-Allergen,Non-Allergen,Non-Allergen,Non-Allergen,0.7477999925613403,0.2522,0.7478,True,True
3789,1,1,Allergen,Allergen,Pollen Allergen,Pollen Allergen,0.9875,0.9994,0.0006,True,True
3790,0,0,Non-Allergen,Non-Allergen,Non-Allergen,Non-Allergen,0.9973000288009644,0.0027,0.9973,True,True
3791,0,0,Non-Allergen,Non-Allergen,Non-Allergen,Non-Allergen,0.8944000005722046,0.1056,0.8944,True,True
3792,1,1,Allergen,Allergen,Dust Mite Allergen,Dust Mite Allergen,0.48,0.9768,0.0232,True,True
3793,0,0,Non-Allergen,Non-Allergen,Non-Allergen,Non-Allergen,0.9988999962806702,0.0011,0.9989,True,True
3794,1,1,Allergen,Allergen,Food Allergen,Food Allergen,1.0,0.9939,0.0061,True,True
3795,0,0,Non-Allergen,Non-Allergen,Non-Allergen,Non-Allergen,0.9139000177383423,0.0861,0.9139,True,True
3796,1,1,Allergen,Allergen,Mold/Fungal Allergen,Mold/Fungal Allergen,1.0,0.9999,1e-04,True,True
3797,0,0,Non-Allergen,Non-Allergen,Non-Allergen,Non-Allergen,1.0,0.0,1.0,True,True
3798,0,0,Non-Allergen,Non-Allergen,Non-Allergen,Non-Allergen,0.9994999766349792,0.0005,0.9995,True,True
3799,0,0,Non-Allergen,Non-Allergen,Non-Allergen,Non-Allergen,0.9998999834060669,1e-04,0.9999,True,True
3800,1,1,Allergen,Allergen,Pollen Allergen,Pollen Allergen,1.0,0.9967,0.0033,True,True
3801,1,1,Allergen,Allergen,Venom Allergen,Venom Allergen,0.5975,0.9217,0.0783,True,True
3802,0,0,Non-Allergen,Non-Allergen,Non-Allergen,Non-Allergen,0.9610999822616577,0.0389,0.9611,True,True
3803,1,1,Allergen,Allergen,Venom Allergen,Venom Allergen,1.0,0.9948,0.0052,True,True
3804,1,0,Allergen,Non-Allergen,Food Allergen,Non-Allergen,0.7311000227928162,0.2689,0.7311,False,False
3805,0,0,Non-Allergen,Non-Allergen,Non-Allergen,Non-Allergen,0.9973000288009644,0.0027,0.9973,True,True
3806,0,0,Non-Allergen,Non-Allergen,Non-Allergen,Non-Allergen,0.986299991607666,0.0137,0.9863,True,True
3807,0,0,Non-Allergen,Non-Allergen,Non-Allergen,Non-Allergen,0.9991999864578247,0.0008,0.9992,True,True
3808,0,0,Non-Allergen,Non-Allergen,Non-Allergen,Non-Allergen,0.9807000160217285,0.0193,0.9807,True,True
3809,0,1,Non-Allergen,Allergen,Non-Allergen,Food Allergen,0.34,0.7997,0.2003,False,False
3810,0,0,Non-Allergen,Non-Allergen,Non-Allergen,Non-Allergen,0.9991999864578247,0.0008,0.9992,True,True
3811,0,0,Non-Allergen,Non-Allergen,Non-Allergen,Non-Allergen,0.9994000196456909,0.0006,0.9994,True,True
3812,0,0,Non-Allergen,Non-Allergen,Non-Allergen,Non-Allergen,0.9998000264167786,0.0002,0.9998,True,True
3813,1,1,Allergen,Allergen,Food Allergen,Pollen Allergen,0.4725,0.7516,0.2484,True,False
3814,1,1,Allergen,Allergen,Mold/Fungal Allergen,Mold/Fungal Allergen,1.0,0.9984,0.0016,True,True
3815,0,0,Non-Allergen,Non-Allergen,Non-Allergen,Non-Allergen,0.9886999726295471,0.0113,0.9887,True,True
3816,1,1,Allergen,Allergen,Food Allergen,Food Allergen,1.0,0.9741,0.0259,True,True
3817,0,0,Non-Allergen,Non-Allergen,Non-Allergen,Non-Allergen,0.9980000257492065,0.002,0.998,True,True
3818,0,0,Non-Allergen,Non-Allergen,Non-Allergen,Non-Allergen,0.9939000010490417,0.0061,0.9939,True,True
3819,1,1,Allergen,Allergen,Mold/Fungal Allergen,Mold/Fungal Allergen,1.0,1.0,0.0,True,True
3820,1,1,Allergen,Allergen,Mold/Fungal Allergen,Mold/Fungal Allergen,1.0,0.9993,0.0007,True,True
3821,0,0,Non-Allergen,Non-Allergen,Non-Allergen,Non-Allergen,0.9945999979972839,0.0054,0.9946,True,True
3822,1,1,Allergen,Allergen,Food Allergen,Food Allergen,1.0,0.9991,0.0009,True,True
3823,0,0,Non-Allergen,Non-Allergen,Non-Allergen,Non-Allergen,0.7638999819755554,0.2361,0.7639,True,True
3824,0,0,Non-Allergen,Non-Allergen,Non-Allergen,Non-Allergen,0.863099992275238,0.1369,0.8631,True,True
3825,1,1,Allergen,Allergen,Dust Mite Allergen,Dust Mite Allergen,1.0,0.9928,0.0072,True,True
3826,1,1,Allergen,Allergen,Food Allergen,Food Allergen,0.635,0.9865,0.0135,True,True
3827,0,0,Non-Allergen,Non-Allergen,Non-Allergen,Non-Allergen,0.6086999773979187,0.3913,0.6087,True,True
3828,0,0,Non-Allergen,Non-Allergen,Non-Allergen,Non-Allergen,0.9986000061035156,0.0014,0.9986,True,True
3829,1,1,Allergen,Allergen,Mold/Fungal Allergen,Mold/Fungal Allergen,1.0,0.9988,0.0012,True,True
3830,0,0,Non-Allergen,Non-Allergen,Non-Allergen,Non-Allergen,0.9955999851226807,0.0044,0.9956,True,True
3831,1,1,Allergen,Allergen,Mold/Fungal Allergen,Mold/Fungal Allergen,1.0,0.9999,1e-04,True,True
3832,1,1,Allergen,Allergen,Food Allergen,Food Allergen,1.0,0.9998,0.0002,True,True
3833,1,1,Allergen,Allergen,Venom Allergen,Venom Allergen,1.0,0.9953,0.0047,True,True
3834,0,0,Non-Allergen,Non-Allergen,Non-Allergen,Non-Allergen,0.9944999814033508,0.0055,0.9945,True,True
3835,1,1,Allergen,Allergen,Venom Allergen,Venom Allergen,0.9525,0.9508,0.0492,True,True
3836,0,0,Non-Allergen,Non-Allergen,Non-Allergen,Non-Allergen,0.9970999956130981,0.0029,0.9971,True,True
3837,0,0,Non-Allergen,Non-Allergen,Non-Allergen,Non-Allergen,0.9998000264167786,0.0002,0.9998,True,True
3838,1,1,Allergen,Allergen,Food Allergen,Dust Mite Allergen,0.2325,0.9333,0.0667,True,False
3839,0,0,Non-Allergen,Non-Allergen,Non-Allergen,Non-Allergen,0.9984999895095825,0.0015,0.9985,True,True
3840,0,0,Non-Allergen,Non-Allergen,Non-Allergen,Non-Allergen,0.9909999966621399,0.009,0.991,True,True
3841,0,0,Non-Allergen,Non-Allergen,Non-Allergen,Non-Allergen,0.8133000135421753,0.1867,0.8133,True,True
3842,0,0,Non-Allergen,Non-Allergen,Non-Allergen,Non-Allergen,0.991599977016449,0.0084,0.9916,True,True
3843,0,0,Non-Allergen,Non-Allergen,Non-Allergen,Non-Allergen,0.9991999864578247,0.0008,0.9992,True,True
3844,0,0,Non-Allergen,Non-Allergen,Non-Allergen,Non-Allergen,0.9943000078201294,0.0057,0.9943,True,True
3845,0,0,Non-Allergen,Non-Allergen,Non-Allergen,Non-Allergen,0.9991000294685364,0.0009,0.9991,True,True
3846,0,0,Non-Allergen,Non-Allergen,Non-Allergen,Non-Allergen,0.9399999976158142,0.06,0.94,True,True
3847,0,0,Non-Allergen,Non-Allergen,Non-Allergen,Non-Allergen,0.9101999998092651,0.0898,0.9102,True,True
3848,0,0,Non-Allergen,Non-Allergen,Non-Allergen,Non-Allergen,0.9904000163078308,0.0096,0.9904,True,True
3849,1,1,Allergen,Allergen,Food Allergen,Food Allergen,0.8325,0.9885,0.0115,True,True
3850,1,1,Allergen,Allergen,Food Allergen,Food Allergen,0.4875,0.5249,0.4751,True,True
3851,0,0,Non-Allergen,Non-Allergen,Non-Allergen,Non-Allergen,0.9222999811172485,0.0777,0.9223,True,True
3852,1,1,Allergen,Allergen,Mold/Fungal Allergen,Mold/Fungal Allergen,1.0,1.0,0.0,True,True
3853,1,1,Allergen,Allergen,Pollen Allergen,Pollen Allergen,1.0,0.9969,0.0031,True,True
3854,0,0,Non-Allergen,Non-Allergen,Non-Allergen,Non-Allergen,0.9575999975204468,0.0424,0.9576,True,True
3855,0,0,Non-Allergen,Non-Allergen,Non-Allergen,Non-Allergen,0.9840999841690063,0.0159,0.9841,True,True
3856,1,0,Allergen,Non-Allergen,Food Allergen,Non-Allergen,0.8827000260353088,0.1173,0.8827,False,False
3857,0,0,Non-Allergen,Non-Allergen,Non-Allergen,Non-Allergen,0.9409999847412109,0.059,0.941,True,True
3858,1,1,Allergen,Allergen,Pollen Allergen,Pollen Allergen,0.58,0.9093,0.0907,True,True
3859,0,0,Non-Allergen,Non-Allergen,Non-Allergen,Non-Allergen,0.9728000164031982,0.0272,0.9728,True,True
3860,1,1,Allergen,Allergen,Food Allergen,Food Allergen,1.0,0.9072,0.0928,True,True
3861,1,1,Allergen,Allergen,Venom Allergen,Venom Allergen,1.0,0.9979,0.0021,True,True
3862,0,0,Non-Allergen,Non-Allergen,Non-Allergen,Non-Allergen,0.9994000196456909,0.0006,0.9994,True,True
3863,0,0,Non-Allergen,Non-Allergen,Non-Allergen,Non-Allergen,0.9972000122070312,0.0028,0.9972,True,True
3864,1,1,Allergen,Allergen,Mold/Fungal Allergen,Mold/Fungal Allergen,1.0,0.9998,0.0002,True,True
3865,1,1,Allergen,Allergen,Mold/Fungal Allergen,Mold/Fungal Allergen,1.0,0.9997,0.0003,True,True
3866,0,0,Non-Allergen,Non-Allergen,Non-Allergen,Non-Allergen,0.9950000047683716,0.005,0.995,True,True
3867,1,1,Allergen,Allergen,Mold/Fungal Allergen,Mold/Fungal Allergen,1.0,1.0,0.0,True,True
3868,1,1,Allergen,Allergen,Mold/Fungal Allergen,Mold/Fungal Allergen,0.9325,0.9983,0.0017,True,True
3869,1,1,Allergen,Allergen,Food Allergen,Food Allergen,1.0,0.9988,0.0012,True,True
3870,0,0,Non-Allergen,Non-Allergen,Non-Allergen,Non-Allergen,0.9944999814033508,0.0055,0.9945,True,True
3871,0,0,Non-Allergen,Non-Allergen,Non-Allergen,Non-Allergen,0.9092000126838684,0.0908,0.9092,True,True
3872,0,0,Non-Allergen,Non-Allergen,Non-Allergen,Non-Allergen,0.9987000226974487,0.0013,0.9987,True,True
3873,1,1,Allergen,Allergen,Venom Allergen,Venom Allergen,0.7825,0.9934,0.0066,True,True
3874,1,1,Allergen,Allergen,Food Allergen,Food Allergen,0.3775,0.6966,0.3034,True,True
3875,0,0,Non-Allergen,Non-Allergen,Non-Allergen,Non-Allergen,0.9718000292778015,0.0282,0.9718,True,True
3876,1,1,Allergen,Allergen,Mold/Fungal Allergen,Mold/Fungal Allergen,1.0,0.9999,1e-04,True,True
3877,0,0,Non-Allergen,Non-Allergen,Non-Allergen,Non-Allergen,0.9351999759674072,0.0648,0.9352,True,True
3878,1,1,Allergen,Allergen,Food Allergen,Food Allergen,0.9175,0.998,0.002,True,True
3879,1,1,Allergen,Allergen,Pollen Allergen,Pollen Allergen,0.6975,0.9944,0.0056,True,True
3880,0,0,Non-Allergen,Non-Allergen,Non-Allergen,Non-Allergen,0.9998999834060669,1e-04,0.9999,True,True
3881,0,0,Non-Allergen,Non-Allergen,Non-Allergen,Non-Allergen,0.9926000237464905,0.0074,0.9926,True,True
3882,1,1,Allergen,Allergen,Dust Mite Allergen,Dust Mite Allergen,0.5525,0.9577,0.0423,True,True
3883,1,1,Allergen,Allergen,Food Allergen,Food Allergen,0.855,0.9981,0.0019,True,True
3884,1,1,Allergen,Allergen,Dust Mite Allergen,Dust Mite Allergen,0.61,0.9155,0.0845,True,True
3885,1,1,Allergen,Allergen,Venom Allergen,Venom Allergen,0.63,0.9687,0.0313,True,True
3886,0,0,Non-Allergen,Non-Allergen,Non-Allergen,Non-Allergen,0.9578999876976013,0.0421,0.9579,True,True
3887,0,0,Non-Allergen,Non-Allergen,Non-Allergen,Non-Allergen,0.9993000030517578,0.0007,0.9993,True,True
3888,1,1,Allergen,Allergen,Venom Allergen,Venom Allergen,0.495,0.9714,0.0286,True,True
3889,1,1,Allergen,Allergen,Venom Allergen,Venom Allergen,0.4525,0.9802,0.0198,True,True
3890,1,1,Allergen,Allergen,Venom Allergen,Venom Allergen,1.0,0.999,0.001,True,True
3891,1,1,Allergen,Allergen,Mold/Fungal Allergen,Mold/Fungal Allergen,0.5,0.9464,0.0536,True,True
3892,0,0,Non-Allergen,Non-Allergen,Non-Allergen,Non-Allergen,0.9994999766349792,0.0005,0.9995,True,True
3893,1,1,Allergen,Allergen,Mold/Fungal Allergen,Mold/Fungal Allergen,1.0,0.9998,0.0002,True,True
3894,1,1,Allergen,Allergen,Pollen Allergen,Pollen Allergen,0.9475,0.9852,0.0148,True,True
3895,0,0,Non-Allergen,Non-Allergen,Non-Allergen,Non-Allergen,0.9905999898910522,0.0094,0.9906,True,True
3896,0,0,Non-Allergen,Non-Allergen,Non-Allergen,Non-Allergen,0.8215000033378601,0.1785,0.8215,True,True
3897,0,0,Non-Allergen,Non-Allergen,Non-Allergen,Non-Allergen,0.9987999796867371,0.0012,0.9988,True,True
3898,0,0,Non-Allergen,Non-Allergen,Non-Allergen,Non-Allergen,0.9984999895095825,0.0015,0.9985,True,True
3899,1,1,Allergen,Allergen,Mold/Fungal Allergen,Mold/Fungal Allergen,0.5975,0.9706,0.0294,True,True
3900,1,1,Allergen,Allergen,Mold/Fungal Allergen,Mold/Fungal Allergen,1.0,0.9992,0.0008,True,True
3901,0,0,Non-Allergen,Non-Allergen,Non-Allergen,Non-Allergen,0.998199999332428,0.0018,0.9982,True,True
3902,1,1,Allergen,Allergen,Mold/Fungal Allergen,Mold/Fungal Allergen,0.9975,0.9996,0.0004,True,True
3903,0,0,Non-Allergen,Non-Allergen,Non-Allergen,Non-Allergen,0.9904000163078308,0.0096,0.9904,True,True
3904,1,1,Allergen,Allergen,Mold/Fungal Allergen,Mold/Fungal Allergen,0.9925,0.9998,0.0002,True,True
3905,0,0,Non-Allergen,Non-Allergen,Non-Allergen,Non-Allergen,0.9976000189781189,0.0024,0.9976,True,True
3906,1,1,Allergen,Allergen,Pollen Allergen,Pollen Allergen,0.66,0.9889,0.0111,True,True
3907,0,0,Non-Allergen,Non-Allergen,Non-Allergen,Non-Allergen,0.9998000264167786,0.0002,0.9998,True,True
3908,0,0,Non-Allergen,Non-Allergen,Non-Allergen,Non-Allergen,0.9983000159263611,0.0017,0.9983,True,True
3909,1,1,Allergen,Allergen,Food Allergen,Food Allergen,1.0,0.9909,0.0091,True,True
3910,1,1,Allergen,Allergen,Dust Mite Allergen,Dust Mite Allergen,0.455,0.6819,0.3181,True,True
3911,0,0,Non-Allergen,Non-Allergen,Non-Allergen,Non-Allergen,0.9980999827384949,0.0019,0.9981,True,True
3912,0,0,Non-Allergen,Non-Allergen,Non-Allergen,Non-Allergen,0.8514000177383423,0.1486,0.8514,True,True
3913,1,1,Allergen,Allergen,Mold/Fungal Allergen,Mold/Fungal Allergen,1.0,0.9999,1e-04,True,True
3914,0,0,Non-Allergen,Non-Allergen,Non-Allergen,Non-Allergen,0.9616000056266785,0.0384,0.9616,True,True
3915,1,1,Allergen,Allergen,Mold/Fungal Allergen,Mold/Fungal Allergen,0.9825,0.9985,0.0015,True,True
3916,1,1,Allergen,Allergen,Venom Allergen,Venom Allergen,0.9075,0.9771,0.0229,True,True
3917,1,1,Allergen,Allergen,Dust Mite Allergen,Dust Mite Allergen,0.675,0.982,0.018,True,True
3918,1,1,Allergen,Allergen,Food Allergen,Food Allergen,1.0,0.9997,0.0003,True,True
3919,0,0,Non-Allergen,Non-Allergen,Non-Allergen,Non-Allergen,0.9991999864578247,0.0008,0.9992,True,True
3920,1,1,Allergen,Allergen,Pollen Allergen,Pollen Allergen,0.7175,0.9888,0.0112,True,True
3921,0,0,Non-Allergen,Non-Allergen,Non-Allergen,Non-Allergen,0.9836000204086304,0.0164,0.9836,True,True
3922,0,0,Non-Allergen,Non-Allergen,Non-Allergen,Non-Allergen,0.9941999912261963,0.0058,0.9942,True,True
3923,1,1,Allergen,Allergen,Venom Allergen,Venom Allergen,0.6825,0.9709,0.0291,True,True
3924,1,1,Allergen,Allergen,Venom Allergen,Venom Allergen,0.5475,0.9914,0.0086,True,True
3925,0,0,Non-Allergen,Non-Allergen,Non-Allergen,Non-Allergen,0.9997000098228455,0.0003,0.9997,True,True
3926,1,1,Allergen,Allergen,Mold/Fungal Allergen,Mold/Fungal Allergen,1.0,1.0,0.0,True,True
3927,0,0,Non-Allergen,Non-Allergen,Non-Allergen,Non-Allergen,0.9876999855041504,0.0123,0.9877,True,True
3928,0,0,Non-Allergen,Non-Allergen,Non-Allergen,Non-Allergen,0.9825000166893005,0.0175,0.9825,True,True
3929,0,0,Non-Allergen,Non-Allergen,Non-Allergen,Non-Allergen,0.998199999332428,0.0018,0.9982,True,True
3930,1,1,Allergen,Allergen,Mold/Fungal Allergen,Mold/Fungal Allergen,1.0,0.9929,0.0071,True,True
3931,0,0,Non-Allergen,Non-Allergen,Non-Allergen,Non-Allergen,0.995199978351593,0.0048,0.9952,True,True
3932,1,1,Allergen,Allergen,Mold/Fungal Allergen,Mold/Fungal Allergen,0.4225,0.9655,0.0345,True,True
3933,0,0,Non-Allergen,Non-Allergen,Non-Allergen,Non-Allergen,0.9523000121116638,0.0477,0.9523,True,True
3934,1,1,Allergen,Allergen,Dust Mite Allergen,Venom Allergen,0.3875,0.6165,0.3835,True,False
3935,0,0,Non-Allergen,Non-Allergen,Non-Allergen,Non-Allergen,0.9819999933242798,0.018,0.982,True,True
3936,1,1,Allergen,Allergen,Food Allergen,Food Allergen,0.9775,0.9512,0.0488,True,True
3937,1,1,Allergen,Allergen,Mold/Fungal Allergen,Mold/Fungal Allergen,1.0,1.0,0.0,True,True
3938,0,0,Non-Allergen,Non-Allergen,Non-Allergen,Non-Allergen,0.9994999766349792,0.0005,0.9995,True,True
3939,0,0,Non-Allergen,Non-Allergen,Non-Allergen,Non-Allergen,0.9997000098228455,0.0003,0.9997,True,True
3940,1,1,Allergen,Allergen,Pollen Allergen,Pollen Allergen,1.0,0.9758,0.0242,True,True
3941,0,0,Non-Allergen,Non-Allergen,Non-Allergen,Non-Allergen,0.9469000101089478,0.0531,0.9469,True,True
3942,0,0,Non-Allergen,Non-Allergen,Non-Allergen,Non-Allergen,0.9991999864578247,0.0008,0.9992,True,True
3943,0,0,Non-Allergen,Non-Allergen,Non-Allergen,Non-Allergen,0.9833999872207642,0.0166,0.9834,True,True
3944,1,1,Allergen,Allergen,Mold/Fungal Allergen,Mold/Fungal Allergen,1.0,0.9999,1e-04,True,True
3945,1,1,Allergen,Allergen,Mold/Fungal Allergen,Mold/Fungal Allergen,1.0,0.9988,0.0012,True,True
3946,0,0,Non-Allergen,Non-Allergen,Non-Allergen,Non-Allergen,0.9976999759674072,0.0023,0.9977,True,True
3947,1,1,Allergen,Allergen,Mold/Fungal Allergen,Mold/Fungal Allergen,1.0,0.9998,0.0002,True,True
3948,0,0,Non-Allergen,Non-Allergen,Non-Allergen,Non-Allergen,0.9898999929428101,0.0101,0.9899,True,True
3949,1,1,Allergen,Allergen,Venom Allergen,Venom Allergen,0.8675,0.977,0.023,True,True
3950,0,0,Non-Allergen,Non-Allergen,Non-Allergen,Non-Allergen,0.9997000098228455,0.0003,0.9997,True,True
3951,1,1,Allergen,Allergen,Pollen Allergen,Pollen Allergen,0.965,0.9702,0.0298,True,True
3952,0,0,Non-Allergen,Non-Allergen,Non-Allergen,Non-Allergen,0.9588000178337097,0.0412,0.9588,True,True
3953,1,1,Allergen,Allergen,Pollen Allergen,Pollen Allergen,0.9725,0.9996,0.0004,True,True
3954,1,1,Allergen,Allergen,Pollen Allergen,Pollen Allergen,0.905,0.9998,0.0002,True,True
3955,0,0,Non-Allergen,Non-Allergen,Non-Allergen,Non-Allergen,0.8902999758720398,0.1097,0.8903,True,True
3956,0,0,Non-Allergen,Non-Allergen,Non-Allergen,Non-Allergen,0.960099995136261,0.0399,0.9601,True,True
3957,1,1,Allergen,Allergen,Mold/Fungal Allergen,Mold/Fungal Allergen,1.0,0.9999,1e-04,True,True
3958,0,0,Non-Allergen,Non-Allergen,Non-Allergen,Non-Allergen,0.9990000128746033,0.001,0.999,True,True
3959,0,1,Non-Allergen,Allergen,Non-Allergen,Food Allergen,0.3025,0.6306,0.3694,False,False
3960,1,1,Allergen,Allergen,Food Allergen,Food Allergen,0.8225,0.8053,0.1947,True,True
3961,0,0,Non-Allergen,Non-Allergen,Non-Allergen,Non-Allergen,0.9470000267028809,0.053,0.947,True,True
3962,0,0,Non-Allergen,Non-Allergen,Non-Allergen,Non-Allergen,0.9713000059127808,0.0287,0.9713,True,True
3963,1,1,Allergen,Allergen,Pollen Allergen,Pollen Allergen,0.8575,0.9691,0.0309,True,True
3964,0,0,Non-Allergen,Non-Allergen,Non-Allergen,Non-Allergen,0.9609000086784363,0.0391,0.9609,True,True
3965,0,0,Non-Allergen,Non-Allergen,Non-Allergen,Non-Allergen,0.9745000004768372,0.0255,0.9745,True,True
3966,1,0,Allergen,Non-Allergen,Food Allergen,Non-Allergen,0.6362000107765198,0.3638,0.6362,False,False
3967,1,1,Allergen,Allergen,Dust Mite Allergen,Dust Mite Allergen,0.9875,0.9894,0.0106,True,True
3968,1,1,Allergen,Allergen,Venom Allergen,Venom Allergen,0.9575,0.9978,0.0022,True,True
3969,0,0,Non-Allergen,Non-Allergen,Non-Allergen,Non-Allergen,0.9988999962806702,0.0011,0.9989,True,True
3970,1,1,Allergen,Allergen,Pollen Allergen,Pollen Allergen,0.4925,0.9423,0.0577,True,True
3971,1,1,Allergen,Allergen,Pollen Allergen,Dust Mite Allergen,0.4125,0.9155,0.0845,True,False
3972,0,0,Non-Allergen,Non-Allergen,Non-Allergen,Non-Allergen,0.9976999759674072,0.0023,0.9977,True,True
3973,0,0,Non-Allergen,Non-Allergen,Non-Allergen,Non-Allergen,0.9176999926567078,0.0823,0.9177,True,True
3974,0,0,Non-Allergen,Non-Allergen,Non-Allergen,Non-Allergen,0.9998999834060669,1e-04,0.9999,True,True
3975,1,1,Allergen,Allergen,Mold/Fungal Allergen,Mold/Fungal Allergen,1.0,0.9998,0.0002,True,True
3976,1,1,Allergen,Allergen,Food Allergen,Food Allergen,1.0,0.9909,0.0091,True,True
3977,1,1,Allergen,Allergen,Mold/Fungal Allergen,Mold/Fungal Allergen,1.0,0.9999,1e-04,True,True
3978,0,0,Non-Allergen,Non-Allergen,Non-Allergen,Non-Allergen,0.9997000098228455,0.0003,0.9997,True,True
3979,1,1,Allergen,Allergen,Mold/Fungal Allergen,Mold/Fungal Allergen,1.0,1.0,0.0,True,True
3980,0,0,Non-Allergen,Non-Allergen,Non-Allergen,Non-Allergen,0.9990000128746033,0.001,0.999,True,True
3981,1,1,Allergen,Allergen,Food Allergen,Food Allergen,0.4125,0.9643,0.0357,True,True
3982,1,1,Allergen,Allergen,Pollen Allergen,Pollen Allergen,0.7,0.9963,0.0037,True,True
3983,0,0,Non-Allergen,Non-Allergen,Non-Allergen,Non-Allergen,0.5446000099182129,0.4554,0.5446,True,True
3984,0,0,Non-Allergen,Non-Allergen,Non-Allergen,Non-Allergen,0.9994000196456909,0.0006,0.9994,True,True
3985,0,0,Non-Allergen,Non-Allergen,Non-Allergen,Non-Allergen,0.9685999751091003,0.0314,0.9686,True,True
3986,0,1,Non-Allergen,Allergen,Non-Allergen,Pollen Allergen,0.4825,0.8611,0.1389,False,False
3987,0,0,Non-Allergen,Non-Allergen,Non-Allergen,Non-Allergen,0.978600025177002,0.0214,0.9786,True,True
3988,0,0,Non-Allergen,Non-Allergen,Non-Allergen,Non-Allergen,0.9991999864578247,0.0008,0.9992,True,True
3989,0,0,Non-Allergen,Non-Allergen,Non-Allergen,Non-Allergen,0.9991000294685364,0.0009,0.9991,True,True
3990,1,1,Allergen,Allergen,Pollen Allergen,Pollen Allergen,0.7775,0.9829,0.0171,True,True
3991,0,0,Non-Allergen,Non-Allergen,Non-Allergen,Non-Allergen,0.9186000227928162,0.0814,0.9186,True,True
3992,0,0,Non-Allergen,Non-Allergen,Non-Allergen,Non-Allergen,0.9998999834060669,1e-04,0.9999,True,True
3993,1,1,Allergen,Allergen,Dust Mite Allergen,Venom Allergen,0.3625,0.9704,0.0296,True,False
3994,0,0,Non-Allergen,Non-Allergen,Non-Allergen,Non-Allergen,0.9957000017166138,0.0043,0.9957,True,True
3995,0,0,Non-Allergen,Non-Allergen,Non-Allergen,Non-Allergen,0.9983000159263611,0.0017,0.9983,True,True
3996,1,1,Allergen,Allergen,Food Allergen,Food Allergen,1.0,0.9991,0.0009,True,True
3997,0,0,Non-Allergen,Non-Allergen,Non-Allergen,Non-Allergen,0.9975000023841858,0.0025,0.9975,True,True
3998,0,0,Non-Allergen,Non-Allergen,Non-Allergen,Non-Allergen,0.9415000081062317,0.0585,0.9415,True,True
3999,1,1,Allergen,Allergen,Dust Mite Allergen,Dust Mite Allergen,0.42,0.9911,0.0089,True,True
4000,1,1,Allergen,Allergen,Pollen Allergen,Pollen Allergen,1.0,0.9851,0.0149,True,True
4001,1,1,Allergen,Allergen,Dust Mite Allergen,Venom Allergen,0.525,0.9988,0.0012,True,False
4002,0,0,Non-Allergen,Non-Allergen,Non-Allergen,Non-Allergen,0.9772999882698059,0.0227,0.9773,True,True
4003,1,1,Allergen,Allergen,Venom Allergen,Venom Allergen,0.655,0.9369,0.0631,True,True
4004,0,0,Non-Allergen,Non-Allergen,Non-Allergen,Non-Allergen,0.9807000160217285,0.0193,0.9807,True,True
4005,1,1,Allergen,Allergen,Dust Mite Allergen,Dust Mite Allergen,0.4325,0.8949,0.1051,True,True
4006,1,1,Allergen,Allergen,Food Allergen,Food Allergen,1.0,0.9909,0.0091,True,True
4007,0,0,Non-Allergen,Non-Allergen,Non-Allergen,Non-Allergen,0.9998999834060669,1e-04,0.9999,True,True
4008,1,1,Allergen,Allergen,Mold/Fungal Allergen,Mold/Fungal Allergen,1.0,0.9992,0.0008,True,True
4009,0,0,Non-Allergen,Non-Allergen,Non-Allergen,Non-Allergen,0.9684000015258789,0.0316,0.9684,True,True
4010,1,1,Allergen,Allergen,Venom Allergen,Venom Allergen,1.0,0.9995,0.0005,True,True
4011,0,0,Non-Allergen,Non-Allergen,Non-Allergen,Non-Allergen,0.9616000056266785,0.0384,0.9616,True,True
4012,1,1,Allergen,Allergen,Food Allergen,Food Allergen,1.0,0.994,0.006,True,True
4013,0,0,Non-Allergen,Non-Allergen,Non-Allergen,Non-Allergen,0.9926000237464905,0.0074,0.9926,True,True
4014,1,1,Allergen,Allergen,Dust Mite Allergen,Dust Mite Allergen,1.0,0.7963,0.2037,True,True
4015,0,0,Non-Allergen,Non-Allergen,Non-Allergen,Non-Allergen,0.8845999836921692,0.1154,0.8846,True,True
4016,1,1,Allergen,Allergen,Mold/Fungal Allergen,Mold/Fungal Allergen,1.0,1.0,0.0,True,True
4017,1,1,Allergen,Allergen,Dust Mite Allergen,Dust Mite Allergen,1.0,0.999,0.001,True,True
4018,0,0,Non-Allergen,Non-Allergen,Non-Allergen,Non-Allergen,0.9386000037193298,0.0614,0.9386,True,True
4019,0,0,Non-Allergen,Non-Allergen,Non-Allergen,Non-Allergen,0.7056999802589417,0.2943,0.7057,True,True
4020,1,1,Allergen,Allergen,Pollen Allergen,Pollen Allergen,0.9525,0.9982,0.0018,True,True
4021,0,0,Non-Allergen,Non-Allergen,Non-Allergen,Non-Allergen,0.9803000092506409,0.0197,0.9803,True,True
4022,0,0,Non-Allergen,Non-Allergen,Non-Allergen,Non-Allergen,0.998199999332428,0.0018,0.9982,True,True
4023,0,0,Non-Allergen,Non-Allergen,Non-Allergen,Non-Allergen,0.9962000250816345,0.0038,0.9962,True,True
4024,1,1,Allergen,Allergen,Venom Allergen,Venom Allergen,0.5225,0.9922,0.0078,True,True
4025,0,0,Non-Allergen,Non-Allergen,Non-Allergen,Non-Allergen,0.9768999814987183,0.0231,0.9769,True,True
4026,0,0,Non-Allergen,Non-Allergen,Non-Allergen,Non-Allergen,0.9739999771118164,0.026,0.974,True,True
4027,0,0,Non-Allergen,Non-Allergen,Non-Allergen,Non-Allergen,0.9444000124931335,0.0556,0.9444,True,True
4028,0,0,Non-Allergen,Non-Allergen,Non-Allergen,Non-Allergen,0.9973999857902527,0.0026,0.9974,True,True
4029,1,1,Allergen,Allergen,Pollen Allergen,Pollen Allergen,0.7975,0.9982,0.0018,True,True
4030,1,1,Allergen,Allergen,Dust Mite Allergen,Dust Mite Allergen,1.0,0.98,0.02,True,True
4031,1,1,Allergen,Allergen,Dust Mite Allergen,Dust Mite Allergen,0.52,0.9617,0.0383,True,True
4032,0,0,Non-Allergen,Non-Allergen,Non-Allergen,Non-Allergen,0.9988999962806702,0.0011,0.9989,True,True
4033,0,0,Non-Allergen,Non-Allergen,Non-Allergen,Non-Allergen,0.9842000007629395,0.0158,0.9842,True,True
4034,0,0,Non-Allergen,Non-Allergen,Non-Allergen,Non-Allergen,0.9350000023841858,0.065,0.935,True,True
4035,0,0,Non-Allergen,Non-Allergen,Non-Allergen,Non-Allergen,0.8755000233650208,0.1245,0.8755,True,True
4036,0,0,Non-Allergen,Non-Allergen,Non-Allergen,Non-Allergen,0.9194999933242798,0.0805,0.9195,True,True
4037,1,1,Allergen,Allergen,Venom Allergen,Venom Allergen,0.775,0.9952,0.0048,True,True
4038,0,0,Non-Allergen,Non-Allergen,Non-Allergen,Non-Allergen,0.989799976348877,0.0102,0.9898,True,True
4039,0,0,Non-Allergen,Non-Allergen,Non-Allergen,Non-Allergen,0.9965999722480774,0.0034,0.9966,True,True
4040,0,0,Non-Allergen,Non-Allergen,Non-Allergen,Non-Allergen,0.9997000098228455,0.0003,0.9997,True,True
4041,1,1,Allergen,Allergen,Pollen Allergen,Pollen Allergen,1.0,0.9992,0.0008,True,True
4042,0,1,Non-Allergen,Allergen,Non-Allergen,Venom Allergen,0.45,0.6613,0.3387,False,False
4043,1,1,Allergen,Allergen,Latex Allergen,Dust Mite Allergen,0.2925,0.9037,0.0963,True,False
4044,0,0,Non-Allergen,Non-Allergen,Non-Allergen,Non-Allergen,0.9976000189781189,0.0024,0.9976,True,True
4045,0,0,Non-Allergen,Non-Allergen,Non-Allergen,Non-Allergen,0.8968999981880188,0.1031,0.8969,True,True
